distance,nn_params,gnn_params,nn_size_mb,gnn_size_mb,param_ratio
3,2646529,547201,30.30717372894287,2.1125001907348633,0.20676176229317722
5,2695681,547201,30.86967372894287,2.1125001907348633,0.2029917486527523
7,2806273,547201,32.13529872894287,2.1125001907348633,0.1949920766796388
11,3310081,547201,37.90098285675049,6.302807807922363,0.16531347722306494
13,3752449,547201,42.96348285675049,6.302807807922363,0.14582503319831927
