{
  "3": {
    "deepsets": {
      "1": {
        "throughput_samples_per_sec": 906.1222065514979,
        "latency_per_sample_us": 1104.4488382339478,
        "mean_time_seconds": 11.044488382339479,
        "std_time_seconds": 0.2620977290877328
      },
      "8": {
        "throughput_samples_per_sec": 6340.562148253454,
        "latency_per_sample_us": 157.94050375620523,
        "mean_time_seconds": 1.5794050375620523,
        "std_time_seconds": 0.05980311240177971
      },
      "16": {
        "throughput_samples_per_sec": 12417.572409079652,
        "latency_per_sample_us": 80.66195249557495,
        "mean_time_seconds": 0.8066195249557495,
        "std_time_seconds": 0.04154932692588025
      },
      "32": {
        "throughput_samples_per_sec": 24350.587061758142,
        "latency_per_sample_us": 41.26293341318766,
        "mean_time_seconds": 0.4126293341318767,
        "std_time_seconds": 0.030094211793952417
      },
      "64": {
        "throughput_samples_per_sec": 47374.347602792725,
        "latency_per_sample_us": 21.2014635403951,
        "mean_time_seconds": 0.21201463540395102,
        "std_time_seconds": 0.02416216663044631
      },
      "128": {
        "throughput_samples_per_sec": 99395.72767734776,
        "latency_per_sample_us": 10.0978954633077,
        "mean_time_seconds": 0.10097895463307698,
        "std_time_seconds": 0.00949939418366408
      },
      "256": {
        "throughput_samples_per_sec": 192261.8135070768,
        "latency_per_sample_us": 5.296814839045207,
        "mean_time_seconds": 0.05296814839045206,
        "std_time_seconds": 0.006388680639757043
      }
    },
    "graphsage": {
      "1": {
        "throughput_samples_per_sec": 706.3615038961422,
        "latency_per_sample_us": 1418.6436720689137,
        "mean_time_seconds": 14.186436720689137,
        "std_time_seconds": 0.2947904390587867
      },
      "8": {
        "throughput_samples_per_sec": 2943.758874925638,
        "latency_per_sample_us": 340.22453387578327,
        "mean_time_seconds": 3.4022453387578326,
        "std_time_seconds": 0.14662842321055283
      },
      "16": {
        "throughput_samples_per_sec": 5537.310963412587,
        "latency_per_sample_us": 180.80666343371072,
        "mean_time_seconds": 1.8080666343371075,
        "std_time_seconds": 0.09102556177170444
      },
      "32": {
        "throughput_samples_per_sec": 10053.821680204657,
        "latency_per_sample_us": 99.66850320498149,
        "mean_time_seconds": 0.9966850320498147,
        "std_time_seconds": 0.05208797649076869
      },
      "64": {
        "throughput_samples_per_sec": 17211.538514248863,
        "latency_per_sample_us": 58.272819916407265,
        "mean_time_seconds": 0.5827281991640726,
        "std_time_seconds": 0.047599259970448615
      },
      "128": {
        "throughput_samples_per_sec": 26541.55487182678,
        "latency_per_sample_us": 37.93730775515238,
        "mean_time_seconds": 0.37937307755152383,
        "std_time_seconds": 0.035764170546696616
      },
      "256": {
        "throughput_samples_per_sec": 37408.732735758116,
        "latency_per_sample_us": 26.79544687271118,
        "mean_time_seconds": 0.2679544687271118,
        "std_time_seconds": 0.0304933901884962
      }
    }
  },
  "5": {
    "deepsets": {
      "1": {
        "throughput_samples_per_sec": 813.7982846934997,
        "latency_per_sample_us": 1230.9949485460918,
        "mean_time_seconds": 12.309949485460917,
        "std_time_seconds": 0.26899325519983575
      },
      "8": {
        "throughput_samples_per_sec": 6218.843451166714,
        "latency_per_sample_us": 160.8879848321279,
        "mean_time_seconds": 1.6088798483212792,
        "std_time_seconds": 0.0745752386979069
      },
      "16": {
        "throughput_samples_per_sec": 12468.193714341578,
        "latency_per_sample_us": 80.36876201629639,
        "mean_time_seconds": 0.8036876201629637,
        "std_time_seconds": 0.03752569191439879
      },
      "32": {
        "throughput_samples_per_sec": 24181.19225435269,
        "latency_per_sample_us": 41.41685446103414,
        "mean_time_seconds": 0.41416854461034136,
        "std_time_seconds": 0.02732403499451277
      },
      "64": {
        "throughput_samples_per_sec": 47691.37235451632,
        "latency_per_sample_us": 21.107607285181682,
        "mean_time_seconds": 0.21107607285181682,
        "std_time_seconds": 0.02499488909317806
      },
      "128": {
        "throughput_samples_per_sec": 92762.40358833656,
        "latency_per_sample_us": 10.823286374409994,
        "mean_time_seconds": 0.10823286374409992,
        "std_time_seconds": 0.014869364048977882
      },
      "256": {
        "throughput_samples_per_sec": 186382.91373193378,
        "latency_per_sample_us": 5.424628655115764,
        "mean_time_seconds": 0.054246286551157624,
        "std_time_seconds": 0.009317797766358046
      }
    },
    "graphsage": {
      "1": {
        "throughput_samples_per_sec": 435.00003644396605,
        "latency_per_sample_us": 2300.541946490606,
        "mean_time_seconds": 23.00541946490606,
        "std_time_seconds": 0.40586816167331535
      },
      "8": {
        "throughput_samples_per_sec": 2860.1361503857283,
        "latency_per_sample_us": 350.1243595282237,
        "mean_time_seconds": 3.5012435952822365,
        "std_time_seconds": 0.10827466221040455
      },
      "16": {
        "throughput_samples_per_sec": 5457.353111512362,
        "latency_per_sample_us": 183.50022315979004,
        "mean_time_seconds": 1.8350022315979002,
        "std_time_seconds": 0.07563952611713677
      },
      "32": {
        "throughput_samples_per_sec": 9872.93315204064,
        "latency_per_sample_us": 101.48911555608113,
        "mean_time_seconds": 1.0148911555608116,
        "std_time_seconds": 0.05872933998203194
      },
      "64": {
        "throughput_samples_per_sec": 17029.893767655674,
        "latency_per_sample_us": 58.837381998697914,
        "mean_time_seconds": 0.5883738199869792,
        "std_time_seconds": 0.03596713254581543
      },
      "128": {
        "throughput_samples_per_sec": 26246.231581627842,
        "latency_per_sample_us": 38.188727696736656,
        "mean_time_seconds": 0.3818872769673665,
        "std_time_seconds": 0.03702932326675867
      },
      "256": {
        "throughput_samples_per_sec": 36455.80892310646,
        "latency_per_sample_us": 27.511887152989704,
        "mean_time_seconds": 0.27511887152989706,
        "std_time_seconds": 0.03132836722250481
      }
    }
  },
  "7": {
    "deepsets": {
      "1": {
        "throughput_samples_per_sec": 787.3465257267354,
        "latency_per_sample_us": 1271.4565300941467,
        "mean_time_seconds": 12.714565300941468,
        "std_time_seconds": 0.2734756170995118
      },
      "8": {
        "throughput_samples_per_sec": 6088.200570286427,
        "latency_per_sample_us": 164.593776067098,
        "mean_time_seconds": 1.6459377606709802,
        "std_time_seconds": 0.09022263958051761
      },
      "16": {
        "throughput_samples_per_sec": 12265.597738771192,
        "latency_per_sample_us": 81.70646548271179,
        "mean_time_seconds": 0.8170646548271178,
        "std_time_seconds": 0.0458754840967722
      },
      "32": {
        "throughput_samples_per_sec": 24331.344825183118,
        "latency_per_sample_us": 41.18669470151266,
        "mean_time_seconds": 0.41186694701512655,
        "std_time_seconds": 0.031227499071544793
      },
      "64": {
        "throughput_samples_per_sec": 48078.49469358876,
        "latency_per_sample_us": 20.910584529240925,
        "mean_time_seconds": 0.20910584529240925,
        "std_time_seconds": 0.022469625284886493
      },
      "128": {
        "throughput_samples_per_sec": 90581.9199900573,
        "latency_per_sample_us": 11.09244704246521,
        "mean_time_seconds": 0.11092447042465209,
        "std_time_seconds": 0.013554434373221394
      },