{
  "3": {
    "wilcoxon": {
      "test": "Wilcoxon signed-rank",
      "statistic": 0.0,
      "p_value": 1.5916070849113537e-11,
      "significant": true,
      "effect_size_r": 0.8700388030527066,
      "interpretation": "large"
    },
    "cohens_d": -1.36396797751178,
    "effect_size_interpretation": "large",
    "deepsets_mean": 0.9181200000000002,
    "graphsage_mean": 0.983726666666667,
    "diff": 0.06560666666666681
  },
  "5": {
    "wilcoxon": {
      "test": "Wilcoxon signed-rank",
      "statistic": 0.0,
      "p_value": 1.5756630464482418e-11,
      "significant": true,
      "effect_size_r": 0.8702276571045146,
      "interpretation": "large"
    },
    "cohens_d": -0.6984487344263666,
    "effect_size_interpretation": "medium",
    "deepsets_mean": 0.9211933333333334,
    "graphsage_mean": 0.9733933333333333,
    "diff": 0.05219999999999991
  },
  "7": {
    "wilcoxon": {
      "test": "Wilcoxon signed-rank",
      "statistic": 0.0,
      "p_value": 1.5916070849113537e-11,
      "significant": true,
      "effect_size_r": 0.8700388030527066,
      "interpretation": "large"
    },
    "cohens_d": -1.034512507557788,
    "effect_size_interpretation": "large",
    "deepsets_mean": 0.8218800000000002,
    "graphsage_mean": 0.9117066666666667,
    "diff": 0.0898266666666665
  },
  "9": {
    "wilcoxon": {
      "test": "Wilcoxon signed-rank",
      "statistic": 0.0,
      "p_value": 1.5916070849113537e-11,
      "significant": true,
      "effect_size_r": 0.8700388030527066,
      "interpretation": "large"
    },
    "cohens_d": -5.458695005484692,
    "effect_size_interpretation": "large",
    "deepsets_mean": 0.5499133333333334,
    "graphsage_mean": 0.7950733333333334,
    "diff": 0.24516000000000004
  },
  "11": {
    "wilcoxon": {
      "test": "Wilcoxon signed-rank",
      "statistic": 0.0,
      "p_value": 1.5916070849113537e-11,
      "significant": true,
      "effect_size_r": 0.8700388030527066,
      "interpretation": "large"
    },
    "cohens_d": -4.598133167619188,
    "effect_size_interpretation": "large",
    "deepsets_mean": 0.5349266666666666,
    "graphsage_mean": 0.6776799999999998,
    "diff": 0.1427533333333333
  },
  "13": {
    "wilcoxon": {
      "test": "Wilcoxon signed-rank",
      "statistic": 0.0,
      "p_value": 1.5916070849113537e-11,
      "significant": true,
      "effect_size_r": 0.8700388030527066,
      "interpretation": "large"
    },
    "cohens_d": -3.4764118819698573,
    "effect_size_interpretation": "large",
    "deepsets_mean": 0.5256933333333333,
    "graphsage_mean": 0.6078133333333331,
    "diff": 0.08211999999999975
  }
}