test_type,statistic,p_value,significant,effect_size_r,cohens_d,interpretation,n_observations
distance_3,0.0,1.5916070849113537e-11,True,0.8700388030527066,-1.36396797751178,large,4
distance_5,0.0,1.5756630464482418e-11,True,0.8702276571045146,-0.6984487344263666,medium,4
distance_7,0.0,1.5916070849113537e-11,True,0.8700388030527066,-1.034512507557788,large,4
distance_9,0.0,1.5916070849113537e-11,True,0.8700388030527066,-5.458695005484692,large,4
distance_11,0.0,1.5916070849113537e-11,True,0.8700388030527066,-4.598133167619188,large,4
distance_13,0.0,1.5916070849113537e-11,True,0.8700388030527066,-3.4764118819698573,large,4
