{
  "experiment_name": "d11",
  "distance": 11,
  "hyperparams": {
    "num_layers": 5,
    "hidden_dim": 256,
    "learning_rate": 0.0003,
    "dropout": 0.1,
    "aggr": "max"
  },
  "training_config": {
    "epochs": 50,
    "batch_size": 256,
    "samples_per_model": 1000000,
    "p_values": [
      0.001,
      0.003,
      0.005,
      0.007
    ],
    "p_weights": [
      0.25,
      0.25,
      0.25,
      0.25
    ],
    "k_neighbors": 6,
    "seed": 42,
    "train_ratio": 0.8,
    "val_samples": 10000,
    "val_seed": 1000041,
    "test_ratio": 0.2
  },
  "dataset_info": {
    "d11": {
      "samples": 1000000
    }
  },
  "epoch_metrics": {
    "epochs": [
      1,
      2,
      3,
      4,
      5,
      6,
      7,
      8,
      9,
      10,
      11,
      12,
      13,
      14,
      15,
      16,
      17,
      18,
      19,
      20,
      21,
      22,
      23,
      24,
      25,
      26,
      27,
      28,
      29,
      30,
      31,
      32,
      33,
      34,
      35,
      36,
      37,
      38,
      39,
      40,
      41,
      42,
      43,
      44,
      45,
      46,
      47,
      48,
      49,
      50
    ],
    "train_loss": [
      0.5042572870635986,
      0.4470168942757693,
      0.42645267170850737,
      0.4129924294956861,
      0.40256861429324337,
      0.39475692429627984,
      0.3885814939453737,
      0.38238546341074564,
      0.37729747887938525,
      0.3727815971718473,
      0.3684000999885234,
      0.3647127358672344,
      0.3608644777208343,
      0.35716725486160567,
      0.3544476999838057,
      0.3517454894418624,
      0.3487741970987594,
      0.34652103992915717,
      0.3439059293854278,
      0.34178817527214383,
      0.3398176995769326,
      0.33780715831576374,
      0.3360969562932895,
      0.3359979348320873,
      0.3335801693002056,
      0.33165118784873093,
      0.330071808913003,
      0.32875711891121046,
      0.3268160732055325,
      0.32618481821291495,
      0.32436329911470413,
      0.32298079199075697,
      0.322717190527916,
      0.3208215291619301,
      0.3197875176978111,
      0.3196426578593254,
      0.31831987866640093,
      0.317024764559269,
      0.3178568371319771,
      0.31584907455682754,
      0.31440708245515825,
      0.313138740606308,
      0.3121728723144531,
      0.31180931351423263,
      0.3107989272356033,
      0.3095194198534452,
      0.3087516092950641,
      0.3079023373835594,
      0.3075750598236834,
      0.3065253763615373
    ],
    "train_accuracy": [
      0.68773375,
      0.724783,
      0.7422766666666667,
      0.752825,
      0.760515,
      0.7669678571428571,
      0.7719878571428571,
      0.7762214285714286,
      0.7801885714285715,
      0.7833242857142857,
      0.7860707142857143,
      0.7887792857142857,
      0.7916521428571428,
      0.7940735714285714,
      0.7964664285714286,
      0.797585,
      0.7998714285714286,
      0.8018864285714286,
      0.8036485714285714,
      0.8050571428571428,
      0.8067907142857142,
      0.807635,
      0.8090371428571429,
      0.8095121428571429,
      0.8112207142857143,
      0.8122464285714286,
      0.8137278571428571,
      0.81445,
      0.8160064285714286,
      0.8162285714285714,
      0.81725125,
      0.81813625,
      0.818663125,
      0.81992875,
      0.820408125,
      0.82103125,
      0.82110625,
      0.822334375,
      0.8225725,
      0.82341,
      0.82442125,
      0.825385625,
      0.825855,
      0.82640375,
      0.8270475,
      0.82735,
      0.8284888888888889,
      0.8290411111111111,
      0.8290411111111111,
      0.8298255555555556
    ],
    "val_accuracy": [
      0.7119,
      0.7198,
      0.7207,
      0.7252,
      0.7387,
      0.7382,
      0.7479,
      0.7506,
      0.7516,
      0.7652,
      0.7648,
      0.7691,
      0.7777,
      0.7838,
      0.7783,
      0.7919,
      0.7925,
      0.7975,
      0.8008,
      0.8061,
      0.8032,
      0.8082,
      0.8035,
      0.8089,
      0.8145,
      0.8164,
      0.8189,
      0.8147,
      0.8259,
      0.817,
      0.8248,
      0.8234,
      0.8243,
      0.8289,
      0.8305,
      0.8355,
      0.8287,
      0.8316,
      0.8248,
      0.8326,
      0.8265,
      0.8276,
      0.827,
      0.8286,
      0.8191,
      0.8253,
      0.8295,
      0.8265,
      0.8293,
      0.8345
    ],
    "epoch_time_seconds": [
      1909.9180023670197,
      2448.224964618683,
      2952.079584121704,
      3397.985617160797,
      3442.564404964447,
      3622.139664411545,
      3688.5925557613373,
      3759.4838683605194,
      3780.9296839237213,
      3800.167592048645,
      3850.1386592388153,
      3862.2030210494995,
      3968.9264390468597,
      4056.3652787208557,
      3966.33167386055,
      4114.487700223923,
      4034.9290523529053,
      4045.8136327266693,
      4023.785182237625,
      4036.906521320343,
      4089.4233360290527,
      3921.428442001343,
      4171.363649129868,
      3266.200490474701,
      3458.6268742084503,
      3719.0589566230774,
      4001.1897077560425,
      4031.35179066658,
      4040.2984459400177,
      4111.412213087082,
      3999.306032896042,
      4343.9288854599,
      4603.493362188339,
      4441.649218797684,
      4647.294311285019,
      5417.829599142075,
      5366.513345718384,
      5130.245249509811,
      4054.4109189510345,
      4235.897443294525,
      4205.400443315506,
      4339.141268730164,
      4488.277235507965,
      4566.72686290741,
      4676.6585085392,
      4429.639545917511,
      4529.681533575058,
      4777.585955142975,
      4899.000226020813,
      4961.708828210831
    ],
    "learning_rate": [
      0.0003,
      0.0003,
      0.0003,
      0.0003,
      0.0003,
      0.0003,
      0.0003,
      0.0003,
      0.0003,
      0.0003,
      0.0003,
      0.0003,
      0.0003,
      0.0003,
      0.0003,
      0.0003,
      0.0003,
      0.0003,
      0.0003,
      0.0003,
      0.0003,
      0.0003,
      0.0003,
      0.0003,
      0.0003,
      0.0003,
      0.0003,
      0.0003,
      0.0003,
      0.0003,
      0.0003,
      0.0003,
      0.0003,
      0.0003,
      0.0003,
      0.0003,
      0.0003,
      0.0003,
      0.0003,
      0.0003,
      0.0003,
      0.0003,
      0.0003,
      0.0003,
      0.0003,
      0.0003,
      0.0003,
      0.0003,
      0.0003,
      0.0003
    ],
    "gpu_memory_mb": [
      0.0,
      0.0,
      0.0,
      0.0,
      0.0,
      0.0,
      0.0,
      0.0,
      0.0,
      0.0,
      0.0,
      0.0,
      0.0,
      0.0,
      0.0,
      0.0,
      0.0,
      0.0,
      0.0,
      0.0,
      0.0,
      0.0,
      0.0,
      0.0,
      0.0,
      0.0,
      0.0,
      0.0,
      0.0,
      0.0,
      0.0,
      0.0,
      0.0,
      0.0,
      0.0,
      0.0,
      0.0,
      0.0,
      0.0,
      0.0,
      0.0,
      0.0,
      0.0,
      0.0,
      0.0,
      0.0,
      0.0,
      0.0,
      0.0,
      0.0
    ]
  },
  "final_metrics": {
    "train_accuracy": 0.8298255555555556,
    "val_accuracy": 0.8345,
    "test_accuracy": 0.0,
    "final_loss": 0.3065253763615373,
    "total_training_time_seconds": 203686.71577954292
  },
  "model_info": {
    "total_parameters": 0,
    "trainable_parameters": 0
  },
  "system_info": {
    "device": "cpu",
    "gpu_name": null,
    "cuda_version": null,
    "pytorch_version": "2.9.1",
    "python_version": "3.12.5",
    "platform": "macOS-26.2-arm64-arm-64bit"
  },
  "timestamp": "2026-02-11T16:53:39.768321"
}