{
  "experiment_name": "d11",
  "distance": 11,
  "hyperparams": {
    "num_layers": 5,
    "hidden_dim": 128,
    "learning_rate": 0.0005,
    "dropout": 0.0,
    "aggr": "max"
  },
  "training_config": {
    "epochs": 50,
    "batch_size": 256,
    "samples_per_model": 1000000,
    "p_values": [
      0.001,
      0.003,
      0.005,
      0.007
    ],
    "p_weights": [
      0.25,
      0.25,
      0.25,
      0.25
    ],
    "k_neighbors": 6,
    "seed": 42,
    "train_ratio": 0.8,
    "val_ratio": 0.1,
    "test_ratio": 0.1
  },
  "dataset_info": {
    "d11": {
      "samples": 1000000,
      "load_time_seconds": 160.3007457256317
    }
  },
  "epoch_metrics": {
    "epochs": [
      1,
      2,
      3,
      4,
      5,
      6,
      7,
      8,
      9,
      10,
      11,
      12,
      13,
      14,
      15,
      16,
      17,
      18,
      19,
      20,
      21,
      22,
      23,
      24,
      25,
      26,
      27,
      28,
      29,
      30,
      31,
      32,
      33,
      34,
      35,
      36,
      37,
      38,
      39,
      40,
      41,
      42,
      43,
      44,
      45,
      46,
      47,
      48,
      49,
      50
    ],
    "train_loss": [
      0.5251454624938965,
      0.46507158918380737,
      0.4414172453212738,
      0.42725832525253293,
      0.41624156706809995,
      0.4075550015068054,
      0.4003337429141998,
      0.39372237530708315,
      0.3881461210727692,
      0.3831857403755188,
      0.3879710229110718,
      0.38132935018539427,
      0.3760255945587158,
      0.37191753400802613,
      0.3675548837184906,
      0.36417305650711057,
      0.3609339419841766,
      0.357668663816452,
      0.3549533901500702,
      0.3522441928291321,
      0.36356529317855835,
      0.3581444087982178,
      0.354137743139267,
      0.350328447933197,
      0.34754246064186095,
      0.34462741134643554,
      0.3421822660160065,
      0.3397628959274292,
      0.33714096261024473,
      0.335143656539917,
      0.35089598930358884,
      0.34583751940727236,
      0.34210328490257264,
      0.33877201339244845,
      0.3359206057214737,
      0.33306899339675905,
      0.33080383812904357,
      0.3285093385076523,
      0.3259743004465103,
      0.3243758365774155,
      0.34019065707206725,
      0.3350268391418457,
      0.3310475364303589,
      0.3280950171470642,
      0.3250816280269623,
      0.3228941128873825,
      0.32043193581581114,
      0.3186874373435974,
      0.3160792326927185,
      0.3142225270271301
    ],
    "train_accuracy": [
      0.67612625,
      0.71836375,
      0.73643875,
      0.746605,
      0.754595,
      0.76127375,
      0.76623875,
      0.7714125,
      0.775205,
      0.77892,
      0.7760125,
      0.781075,
      0.784015,
      0.78746375,
      0.79004,
      0.79258875,
      0.7943175,
      0.79706,
      0.7986125,
      0.80036625,
      0.79329125,
      0.79673375,
      0.7990675,
      0.80164625,
      0.8033175,
      0.8048875,
      0.80706,
      0.80867375,
      0.8102325,
      0.811595,
      0.80302125,
      0.80611375,
      0.80810125,
      0.81079125,
      0.81228875,
      0.81449,
      0.81632,
      0.8174625,
      0.8191475,
      0.819965,
      0.81008625,
      0.81322,
      0.8157875,
      0.8182325,
      0.81962625,
      0.82150125,
      0.8226,
      0.82376,
      0.82512875,
      0.8266675
    ],
    "val_accuracy": [
      NaN,
      NaN,
      NaN,
      NaN,
      NaN,
      NaN,
      NaN,
      NaN,
      NaN,
      0.77892,
      NaN,
      NaN,
      NaN,
      NaN,
      NaN,
      NaN,
      NaN,
      NaN,
      NaN,
      0.79417,
      NaN,
      NaN,
      NaN,
      NaN,
      NaN,
      NaN,
      NaN,
      NaN,
      NaN,
      0.80113,
      NaN,
      NaN,
      NaN,
      NaN,
      NaN,
      NaN,
      NaN,
      NaN,
      NaN,
      0.80998,
      NaN,
      NaN,
      NaN,
      NaN,
      NaN,
      NaN,
      NaN,
      NaN,
      NaN,
      0.81549
    ],
    "epoch_time_seconds": [
      868.9756276607513,
      828.9587037563324,
      809.8782813549042,
      839.4515197277069,
      824.8141477108002,
      801.5772256851196,
      800.0224254131317,
      805.9420318603516,
      822.4580023288727,
      839.2798044681549,
      1156.110729932785,
      879.7112736701965,
      898.1367793083191,
      922.0751624107361,
      918.8887662887573,
      941.3998484611511,
      933.0302691459656,
      954.2202613353729,
      854.7659239768982,
      877.8567864894867,
      1319.8540091514587,
      937.0497899055481,
      941.0886533260345,
      951.8294246196747,
      958.1739361286163,
      962.6960639953613,
      968.1749618053436,
      967.4409847259521,
      966.667759180069,
      994.1184356212616,
      1393.2176694869995,
      993.2250084877014,
      1019.2847566604614,
      1006.583110332489,
      1014.0991492271423,
      1004.5628299713135,
      1009.357996225357,
      1012.5169160366058,
      1016.0191402435303,
      1031.3761246204376,
      1397.474811077118,
      1023.1238059997559,
      1027.9845869541168,
      1038.8222720623016,
      1060.621592760086,
      1095.195984363556,
      1096.033503293991,
      1094.9666893482208,
      1089.4926965236664,
      1111.2611889839172
    ],
    "learning_rate": [
      0.0005,
      0.0005,
      0.0005,
      0.0005,
      0.0005,
      0.0005,
      0.0005,
      0.0005,
      0.0005,
      0.0005,
      0.0005,
      0.0005,
      0.0005,
      0.0005,
      0.0005,
      0.0005,
      0.0005,
      0.0005,
      0.0005,
      0.0005,
      0.0005,
      0.0005,
      0.0005,
      0.0005,
      0.0005,
      0.0005,
      0.0005,
      0.0005,
      0.0005,
      0.0005,
      0.0005,
      0.0005,
      0.0005,
      0.0005,
      0.0005,
      0.0005,
      0.0005,
      0.0005,
      0.0005,
      0.0005,
      0.0005,
      0.0005,
      0.0005,
      0.0005,
      0.0005,
      0.0005,
      0.0005,
      0.0005,
      0.0005,
      0.0005
    ],
    "gpu_memory_mb": [
      0.0,
      0.0,
      0.0,
      0.0,
      0.0,
      0.0,
      0.0,
      0.0,
      0.0,
      0.0,
      0.0,
      0.0,
      0.0,
      0.0,
      0.0,
      0.0,
      0.0,
      0.0,
      0.0,
      0.0,
      0.0,
      0.0,
      0.0,
      0.0,
      0.0,
      0.0,
      0.0,
      0.0,
      0.0,
      0.0,
      0.0,
      0.0,
      0.0,
      0.0,
      0.0,
      0.0,
      0.0,
      0.0,
      0.0,
      0.0,
      0.0,
      0.0,
      0.0,
      0.0,
      0.0,
      0.0,
      0.0,
      0.0,
      0.0,
      0.0
    ]
  },
  "final_metrics": {
    "train_accuracy": 0.8087,
    "val_accuracy": 0.81549,
    "test_accuracy": 0.81735,
    "final_loss": 0.3142225270271301,
    "total_training_time_seconds": 49348.63085579872
  },
  "model_info": {
    "total_parameters": 142593,
    "trainable_parameters": 142593
  },
  "system_info": {
    "device": "cuda",
    "gpu_name": "NVIDIA GeForce RTX 5070 Ti",
    "cuda_version": "13.0",
    "pytorch_version": "2.9.1+cu130",
    "python_version": "3.13.5",
    "platform": "Windows-11-10.0.26200-SP0"
  },
  "timestamp": "2026-01-22T12:56:48.355647"
}