{
  "experiment_name": "d13",
  "distance": 13,
  "hyperparams": {
    "num_layers": 5,
    "hidden_dim": 256,
    "learning_rate": 0.0003,
    "dropout": 0.1,
    "aggr": "max"
  },
  "training_config": {
    "epochs": 50,
    "batch_size": 256,
    "samples_per_model": 1000000,
    "p_values": [
      0.001,
      0.003,
      0.005,
      0.007
    ],
    "p_weights": [
      0.25,
      0.25,
      0.25,
      0.25
    ],
    "k_neighbors": 6,
    "seed": 42,
    "train_ratio": 0.8,
    "val_samples": 10000,
    "val_seed": 1000041,
    "test_ratio": 0.2
  },
  "dataset_info": {
    "d13": {
      "samples": 1000000
    }
  },
  "epoch_metrics": {
    "epochs": [
      1,
      2,
      3,
      4,
      5,
      6,
      7,
      8,
      9,
      10,
      11,
      12,
      13,
      14,
      15,
      16,
      17,
      18,
      19,
      20,
      21,
      22,
      23,
      24,
      25,
      26,
      27,
      28,
      29,
      30,
      31,
      32,
      33,
      34,
      35,
      36,
      37,
      38,
      39,
      40,
      41,
      42,
      43,
      44,
      45,
      46,
      47,
      48,
      49,
      50
    ],
    "train_loss": [
      0.5566858394622802,
      0.5080141340996684,
      0.4893316950636309,
      0.47597937506869975,
      0.4659445649811589,
      0.4585092269888219,
      0.45227803644368453,
      0.44672076074138467,
      0.44233158452023885,
      0.4381626168145713,
      0.43424089237963137,
      0.43281015155955804,
      0.4295278840798263,
      0.42627791505362134,
      0.42397894752398335,
      0.4212401364605569,
      0.41943668025484643,
      0.41714951041782766,
      0.41513229395866397,
      0.41235764298439026,
      0.41146593368053436,
      0.408615096244812,
      0.4059821738672256,
      0.4042781974363327,
      0.40189558897018435,
      0.40002689422607424,
      0.39831630623817443,
      0.3969300828738492,
      0.39493762425425655,
      0.3948311303298289,
      0.393127213413398,
      0.3910501761292028,
      0.3896037063797654,
      0.38804226670418446,
      0.3864806518509594,
      0.3854106452583046,
      0.3842059128281098,
      0.38499887668489874,
      0.38353720388216567,
      0.38188948602525646,
      0.3806016311005595,
      0.3795484697888942,
      0.3787347574545573,
      0.3777306437622062,
      0.37813936559677125,
      0.3766710414218903,
      0.37635666686058045,
      0.3763309072494507,
      0.3760272753047943,
      0.37613809169769286
    ],
    "train_accuracy": [
      0.63989375,
      0.671358,
      0.6879491666666666,
      0.6986742857142857,
      0.70629,
      0.7129142857142857,
      0.71705,
      0.7217228571428571,
      0.725085,
      0.7278807142857143,
      0.7308407142857143,
      0.7325821428571428,
      0.7354635714285714,
      0.738425,
      0.7401214285714286,
      0.7419885714285714,
      0.74346,
      0.7451042857142857,
      0.746936875,
      0.748729375,
      0.749946875,
      0.751961875,
      0.753830625,
      0.755,
      0.75728375,
      0.7587275,
      0.759875625,
      0.761035,
      0.7628261111111111,
      0.7626566666666666,
      0.7641577777777778,
      0.7657227777777778,
      0.7668861111111112,
      0.7678544444444444,
      0.7690544444444445,
      0.7696411111111111,
      0.770911,
      0.7709315,
      0.772076,
      0.773244,
      0.7741405,
      0.774853,
      0.775138,
      0.776084,
      0.77639875,
      0.7771375,
      0.77775125,
      0.7773675,
      0.7771375,
      0.777475
    ],
    "val_accuracy": [
      0.6529,
      0.6632,
      0.6664,
      0.67,
      0.6764,
      0.6825,
      0.6889,
      0.6969,
      0.6956,
      0.7043,
      0.7011,
      0.7155,
      0.7165,
      0.7314,
      0.7273,
      0.7323,
      0.7431,
      0.7444,
      0.744,
      0.7492,
      0.7441,
      0.7552,
      0.751,
      0.7526,
      0.7541,
      0.757,
      0.7627,
      0.7602,
      0.7611,
      0.7534,
      0.7572,
      0.7554,
      0.7627,
      0.7584,
      0.7578,
      0.7619,
      0.7584,
      0.7624,
      0.7747,
      0.7702,
      0.7709,
      0.763,
      0.759,
      0.7681,
      0.751,
      0.7533,
      0.7546,
      0.7652,
      0.7691,
      0.7427
    ],
    "epoch_time_seconds": [
      4237.090777635574,
      5435.964021205902,
      6507.747851371765,
      7770.683642625809,
      7827.888770341873,
      7802.580487728119,
      8721.687498569489,
      8465.624566555023,
      8391.027082204819,
      8404.742733716965,
      8480.705685853958,
      7483.548985719681,
      7743.547444105148,
      7553.582242488861,
      7588.051649570465,
      7837.9509818553925,
      8298.717312574387,
      8522.893525362015,
      9439.800129652023,
      9921.139654159546,
      8538.508539438248,
      8740.484011650085,
      9204.400134086609,
      8739.395416975021,
      9183.967659235,
      9170.715844869614,
      9080.530094623566,
      9792.516222000122,
      10557.483170747757,
      9538.93917298317,
      9891.805819034576,
      10369.79884147644,
      10367.090661764145,
      10499.559967041016,
      10594.299887895584,
      10620.702096700668,
      11080.69473695755,
      10748.516880989075,
      11060.942814350128,
      11124.022011995316,
      11485.164826631546,
      11563.973598480225,
      11583.747910499573,
      11407.912609100342,
      4444.441328525543,
      4538.925678014755,
      4615.116835832596,
      4821.286558866501,
      4905.5555768013,
      4841.312929868698
    ],
    "learning_rate": [
      0.0003,
      0.0003,
      0.0003,
      0.0003,
      0.0003,
      0.0003,
      0.0003,
      0.0003,
      0.0003,
      0.0003,
      0.0003,
      0.0003,
      0.0003,
      0.0003,
      0.0003,
      0.0003,
      0.0003,
      0.0003,
      0.0003,
      0.0003,
      0.0003,
      0.0003,
      0.0003,
      0.0003,
      0.0003,
      0.0003,
      0.0003,
      0.0003,
      0.0003,
      0.0003,
      0.0003,
      0.0003,
      0.0003,
      0.0003,
      0.0003,
      0.0003,
      0.0003,
      0.0003,
      0.0003,
      0.0003,
      0.0003,
      0.0003,
      0.0003,
      0.0003,
      0.0003,
      0.0003,
      0.0003,
      0.0003,
      0.0003,
      0.0003
    ],
    "gpu_memory_mb": [
      0.0,
      0.0,
      0.0,
      0.0,
      0.0,
      0.0,
      0.0,
      0.0,
      0.0,
      0.0,
      0.0,
      0.0,
      0.0,
      0.0,
      0.0,
      0.0,
      0.0,
      0.0,
      0.0,
      0.0,
      0.0,
      0.0,
      0.0,
      0.0,
      0.0,
      0.0,
      0.0,
      0.0,
      0.0,
      0.0,
      0.0,
      0.0,
      0.0,
      0.0,
      0.0,
      0.0,
      0.0,
      0.0,
      0.0,
      0.0,
      0.0,
      0.0,
      0.0,
      0.0,
      0.0,
      0.0,
      0.0,
      0.0,
      0.0,
      0.0
    ]
  },
  "final_metrics": {
    "train_accuracy": 0.777475,
    "val_accuracy": 0.7427,
    "test_accuracy": 0.0,
    "final_loss": 0.37613809169769286,
    "total_training_time_seconds": 429546.7868807316
  },
  "model_info": {
    "total_parameters": 0,
    "trainable_parameters": 0
  },
  "system_info": {
    "device": "cpu",
    "gpu_name": null,
    "cuda_version": null,
    "pytorch_version": "2.9.1",
    "python_version": "3.12.5",
    "platform": "macOS-26.2-arm64-arm-64bit"
  },
  "timestamp": "2026-02-11T16:53:39.769593"
}