{
  "experiment_name": "d13",
  "distance": 13,
  "hyperparams": {
    "num_layers": 5,
    "hidden_dim": 128,
    "learning_rate": 0.0005,
    "dropout": 0.0,
    "aggr": "max"
  },
  "training_config": {
    "epochs": 50,
    "batch_size": 256,
    "samples_per_model": 1000000,
    "p_values": [
      0.001,
      0.003,
      0.005,
      0.007
    ],
    "p_weights": [
      0.25,
      0.25,
      0.25,
      0.25
    ],
    "k_neighbors": 6,
    "seed": 42,
    "train_ratio": 0.8,
    "val_ratio": 0.1,
    "test_ratio": 0.1
  },
  "dataset_info": {
    "d13": {
      "samples": 1000000,
      "load_time_seconds": 251.1217257976532
    }
  },
  "epoch_metrics": {
    "epochs": [
      1,
      2,
      3,
      4,
      5,
      6,
      7,
      8,
      9,
      10,
      11,
      12,
      13,
      14,
      15,
      16,
      17,
      18,
      19,
      20,
      21,
      22,
      23,
      24,
      25,
      26,
      27,
      28,
      29,
      30,
      31,
      32,
      33,
      34,
      35,
      36,
      37,
      38,
      39,
      40,
      41,
      42,
      43,
      44,
      45,
      46,
      47,
      48,
      49,
      50
    ],
    "train_loss": [
      0.5779921925163269,
      0.5297343981361389,
      0.5075312767124176,
      0.4928105110454559,
      0.48210492283821105,
      0.47378111382484434,
      0.46696969546318057,
      0.46067362712860105,
      0.45554232893943786,
      0.4506441206550598,
      0.45285370551109316,
      0.44631016505241394,
      0.4411293060493469,
      0.43688362146377563,
      0.4333590745925903,
      0.42995427000045777,
      0.42684675983428955,
      0.4238188988304138,
      0.4214958778190613,
      0.41877799136161803,
      0.42860532218933106,
      0.4239841112422943,
      0.41987617393493654,
      0.41684082229614255,
      0.4139957716369629,
      0.4112642206764221,
      0.4085954402923584,
      0.40641786176681516,
      0.4042909467601776,
      0.4024522660446167,
      0.4142870182991028,
      0.4090206590747833,
      0.4055446301651001,
      0.40276419477462766,
      0.3998850986480713,
      0.39718822588920594,
      0.39519480302810667,
      0.39336801174163816,
      0.3911446747016907,
      0.3895891648101807,
      0.40473086134910585,
      0.3994929387283325,
      0.39587653475761414,
      0.3932306725311279,
      0.3904238418865204,
      0.3884475424480438,
      0.38637481227874754,
      0.3841816993045807,
      0.3823854711055756,
      0.3807280704116821
    ],
    "train_accuracy": [
      0.6274025,
      0.66115625,
      0.67903625,
      0.6898325,
      0.6986175,
      0.70529375,
      0.71069875,
      0.71541375,
      0.71967875,
      0.7233775,
      0.72266875,
      0.72773,
      0.73034375,
      0.7345175,
      0.7366225,
      0.739395,
      0.74238,
      0.74317,
      0.745835,
      0.7476125,
      0.7412525,
      0.74467125,
      0.746905,
      0.7495175,
      0.7509475,
      0.75383625,
      0.75496125,
      0.7568125,
      0.75830625,
      0.7594,
      0.75267,
      0.75564125,
      0.7580225,
      0.76050625,
      0.76219875,
      0.76392125,
      0.76513375,
      0.76690875,
      0.76877625,
      0.76964875,
      0.75919,
      0.76275875,
      0.76525875,
      0.7674075,
      0.76896375,
      0.770875,
      0.77209,
      0.77371125,
      0.7743775,
      0.7760325
    ],
    "val_accuracy": [
      NaN,
      NaN,
      NaN,
      NaN,
      NaN,
      NaN,
      NaN,
      NaN,
      NaN,
      0.70112,
      NaN,
      NaN,
      NaN,
      NaN,
      NaN,
      NaN,
      NaN,
      NaN,
      NaN,
      0.73886,
      NaN,
      NaN,
      NaN,
      NaN,
      NaN,
      NaN,
      NaN,
      NaN,
      NaN,
      0.75324,
      NaN,
      NaN,
      NaN,
      NaN,
      NaN,
      NaN,
      NaN,
      NaN,
      NaN,
      0.75989,
      NaN,
      NaN,
      NaN,
      NaN,
      NaN,
      NaN,
      NaN,
      NaN,
      NaN,
      0.76878
    ],
    "epoch_time_seconds": [
      1395.9030268192291,
      1350.6822991371155,
      1335.0877022743225,
      1335.1963942050934,
      1374.8101069927216,
      1336.0209655761719,
      1336.5552668571472,
      1346.4517133235931,
      1480.0703160762787,
      1527.9458453655243,
      1776.836215019226,
      1387.161380290985,
      1362.2857084274292,
      1418.9997816085815,
      1453.004153728485,
      1463.0789659023285,
      1436.6783137321472,
      1454.0256879329681,
      1467.7891745567322,
      1521.2792582511902,
      2102.4288403987885,
      1574.1858263015747,
      1591.0586378574371,
      1592.3498713970184,
      1600.7018675804138,
      1591.4768476486206,
      1610.5232284069061,
      1613.8521571159363,
      1623.2756099700928,
      1661.5200526714325,
      2299.800966024399,
      1610.6149566173553,
      1627.35902261734,
      1607.5672125816345,
      1655.9200193881989,
      1679.6113340854645,
      1669.0484631061554,
      1647.614205121994,
      1679.3793728351593,
      1698.4411034584045,
      2178.9020199775696,
      1623.714703321457,
      1638.5403008460999,
      1665.1052989959717,
      1664.9865386486053,
      1678.4558959007263,
      1667.6594774723053,
      1688.2527117729187,
      1670.3061921596527,
      1726.9850862026215
    ],
    "learning_rate": [
      0.0005,
      0.0005,
      0.0005,
      0.0005,
      0.0005,
      0.0005,
      0.0005,
      0.0005,
      0.0005,
      0.0005,
      0.0005,
      0.0005,
      0.0005,
      0.0005,
      0.0005,
      0.0005,
      0.0005,
      0.0005,
      0.0005,
      0.0005,
      0.0005,
      0.0005,
      0.0005,
      0.0005,
      0.0005,
      0.0005,
      0.0005,
      0.0005,
      0.0005,
      0.0005,
      0.0005,
      0.0005,
      0.0005,
      0.0005,
      0.0005,
      0.0005,
      0.0005,
      0.0005,
      0.0005,
      0.0005,
      0.0005,
      0.0005,
      0.0005,
      0.0005,
      0.0005,
      0.0005,
      0.0005,
      0.0005,
      0.0005,
      0.0005
    ],
    "gpu_memory_mb": [
      0.0,
      0.0,
      0.0,
      0.0,
      0.0,
      0.0,
      0.0,
      0.0,
      0.0,
      0.0,
      0.0,
      0.0,
      0.0,
      0.0,
      0.0,
      0.0,
      0.0,
      0.0,
      0.0,
      0.0,
      0.0,
      0.0,
      0.0,
      0.0,
      0.0,
      0.0,
      0.0,
      0.0,
      0.0,
      0.0,
      0.0,
      0.0,
      0.0,
      0.0,
      0.0,
      0.0,
      0.0,
      0.0,
      0.0,
      0.0,
      0.0,
      0.0,
      0.0,
      0.0,
      0.0,
      0.0,
      0.0,
      0.0,
      0.0,
      0.0
    ]
  },
  "final_metrics": {
    "train_accuracy": 0.7681,
    "val_accuracy": 0.76878,
    "test_accuracy": 0.76774,
    "final_loss": 0.3807280704116821,
    "total_training_time_seconds": 79869.14583659172
  },
  "model_info": {
    "total_parameters": 142593,
    "trainable_parameters": 142593
  },
  "system_info": {
    "device": "cpu",
    "gpu_name": null,
    "cuda_version": null,
    "pytorch_version": "2.9.0+cpu",
    "python_version": "3.12.12",
    "platform": "Linux-6.6.105+-x86_64-with-glibc2.35"
  },
  "timestamp": "2026-01-22T16:05:28.626455"
}