{
  "experiment_name": "d3",
  "distance": 3,
  "hyperparams": {
    "num_layers": 5,
    "hidden_dim": 128,
    "learning_rate": 0.0005,
    "dropout": 0.0,
    "aggr": "max"
  },
  "training_config": {
    "epochs": 50,
    "batch_size": 256,
    "samples_per_model": 1000000,
    "p_values": [
      0.001,
      0.003,
      0.005,
      0.007
    ],
    "p_weights": [
      0.25,
      0.25,
      0.25,
      0.25
    ],
    "k_neighbors": 6,
    "seed": 42,
    "train_ratio": 0.8,
    "val_ratio": 0.1,
    "test_ratio": 0.1
  },
  "dataset_info": {
    "d3": {
      "samples": 1000000
    }
  },
  "epoch_metrics": {
    "epochs": [
      1,
      2,
      3,
      4,
      5,
      6,
      7,
      8,
      9,
      10,
      11,
      12,
      13,
      14,
      15,
      16,
      17,
      18,
      19,
      20,
      21,
      22,
      23,
      24,
      25,
      26,
      27,
      28,
      29,
      30,
      31,
      32,
      33,
      34,
      35,
      36,
      37,
      38,
      39,
      40,
      41,
      42,
      43,
      44,
      45,
      46,
      47,
      48,
      49,
      50
    ],
    "train_loss": [
      0.0957982970649004,
      0.04609262591093779,
      0.04434739298805594,
      0.04328905250221491,
      0.042521389435380696,
      0.041826362223476174,
      0.041294077311307194,
      0.0407476011608541,
      0.04039637671485543,
      0.040173749843686817,
      0.040391330592781306,
      0.03984563339069486,
      0.03944286083966494,
      0.039012706914693114,
      0.0388410770303011,
      0.03854754092633724,
      0.03843227838739753,
      0.038172060799598694,
      0.03800259231165051,
      0.03768636696264148,
      0.04053865342393517,
      0.03994248433277011,
      0.0396058201828599,
      0.03935984630614519,
      0.03912652682557702,
      0.038924336351752284,
      0.03863795101210475,
      0.03849894745528698,
      0.03827355945087969,
      0.038037773977518084,
      0.03928257987141609,
      0.038711829238533974,
      0.03832286274701357,
      0.03810053896650672,
      0.03778991912856698,
      0.03754935798957944,
      0.03733365582153201,
      0.037088553876578806,
      0.03686319113507867,
      0.03665838368162513,
      0.03936431421771645,
      0.03869139991685748,
      0.03832828942894936,
      0.03804142312347889,
      0.037719680509716275,
      0.03748330560013652,
      0.03725574587151408,
      0.037050971643030645,
      0.03677474462300539,
      0.03663108447223902
    ],
    "train_accuracy": [
      0.9734775,
      0.984845,
      0.98524,
      0.9855375,
      0.9858425,
      0.9860875,
      0.98637,
      0.98647125,
      0.9866275,
      0.98673625,
      0.986605,
      0.986745,
      0.9868825,
      0.98718875,
      0.9871125,
      0.98732125,
      0.98729,
      0.98743625,
      0.98742625,
      0.9875425,
      0.9865425,
      0.98674875,
      0.9869575,
      0.98701125,
      0.98708875,
      0.9871375,
      0.987255,
      0.98737375,
      0.98740125,
      0.98757375,
      0.98708125,
      0.98712875,
      0.9874125,
      0.98737875,
      0.987545,
      0.9876525,
      0.9876575,
      0.98772,
      0.98786375,
      0.98789125,
      0.98697375,
      0.9872225,
      0.98731375,
      0.987465,
      0.987505,
      0.98762125,
      0.98774,
      0.98775625,
      0.9878675,
      0.98783125
    ],
    "val_accuracy": [
      NaN,
      NaN,
      NaN,
      NaN,
      NaN,
      NaN,
      NaN,
      NaN,
      NaN,
      0.98632,
      NaN,
      NaN,
      NaN,
      NaN,
      NaN,
      NaN,
      NaN,
      NaN,
      NaN,
      0.98643,
      NaN,
      NaN,
      NaN,
      NaN,
      NaN,
      NaN,
      NaN,
      NaN,
      NaN,
      0.9867,
      NaN,
      NaN,
      NaN,
      NaN,
      NaN,
      NaN,
      NaN,
      NaN,
      NaN,
      0.98627,
      NaN,
      NaN,
      NaN,
      NaN,
      NaN,
      NaN,
      NaN,
      NaN,
      NaN,
      0.98632
    ],
    "epoch_time_seconds": [
      79.14142775535583,
      79.94455409049988,
      78.20941758155823,
      79.74035406112671,
      79.46530342102051,
      81.04013109207153,
      79.88385653495789,
      80.1767246723175,
      79.58313369750977,
      84.21442532539368,
      164.44455909729004,
      79.32927942276001,
      79.45413517951965,
      79.01225924491882,
      79.23772692680359,
      78.77009439468384,
      78.26775360107422,
      78.31681108474731,
      79.22653222084045,
      84.37550735473633,
      181.95392203330994,
      80.71338772773743,
      81.20326685905457,
      81.24538588523865,
      79.60032105445862,
      79.33426642417908,
      79.60466241836548,
      80.55291152000427,
      79.09900665283203,
      84.69285535812378,
      184.55644416809082,
      81.38796305656433,
      82.33453965187073,
      82.31729245185852,
      82.93777203559875,
      81.90747833251953,
      81.59387946128845,
      82.22331738471985,
      81.44727492332458,
      84.38425612449646,
      185.62613773345947,
      82.28962063789368,
      81.57591223716736,
      81.01795697212219,
      82.54707431793213,
      80.76692080497742,
      81.18009734153748,
      81.8329598903656,
      81.70745539665222,
      85.32674384117126
    ],
    "learning_rate": [
      0.0005,
      0.0005,
      0.0005,
      0.0005,
      0.0005,
      0.0005,
      0.0005,
      0.0005,
      0.0005,
      0.0005,
      0.0005,
      0.0005,
      0.0005,
      0.0005,
      0.0005,
      0.0005,
      0.0005,
      0.0005,
      0.0005,
      0.0005,
      0.0005,
      0.0005,
      0.0005,
      0.0005,
      0.0005,
      0.0005,
      0.0005,
      0.0005,
      0.0005,
      0.0005,
      0.0005,
      0.0005,
      0.0005,
      0.0005,
      0.0005,
      0.0005,
      0.0005,
      0.0005,
      0.0005,
      0.0005,
      0.0005,
      0.0005,
      0.0005,
      0.0005,
      0.0005,
      0.0005,
      0.0005,
      0.0005,
      0.0005,
      0.0005
    ],
    "gpu_memory_mb": [
      0.0,
      0.0,
      0.0,
      0.0,
      0.0,
      0.0,
      0.0,
      0.0,
      0.0,
      0.0,
      0.0,
      0.0,
      0.0,
      0.0,
      0.0,
      0.0,
      0.0,
      0.0,
      0.0,
      0.0,
      0.0,
      0.0,
      0.0,
      0.0,
      0.0,
      0.0,
      0.0,
      0.0,
      0.0,
      0.0,
      0.0,
      0.0,
      0.0,
      0.0,
      0.0,
      0.0,
      0.0,
      0.0,
      0.0,
      0.0,
      0.0,
      0.0,
      0.0,
      0.0,
      0.0,
      0.0,
      0.0,
      0.0,
      0.0,
      0.0
    ]
  },
  "final_metrics": {
    "train_accuracy": 0.98783125,
    "val_accuracy": 0.98632,
    "test_accuracy": 0.0,
    "final_loss": 0.03663108447223902,
    "total_training_time_seconds": 4438.7950694561005
  },
  "model_info": {
    "total_parameters": 0,
    "trainable_parameters": 0
  },
  "system_info": {
    "device": "cuda",
    "gpu_name": "NVIDIA GeForce RTX 5070 Ti",
    "cuda_version": "13.0",
    "pytorch_version": "2.9.1+cu130",
    "python_version": "3.13.5",
    "platform": "Windows-11-10.0.26200-SP0"
  },
  "timestamp": "2026-01-21T19:00:11.203673"
}