{
  "experiment_name": "d3",
  "distance": 3,
  "hyperparams": {
    "num_layers": 5,
    "hidden_dim": 256,
    "learning_rate": 0.0003,
    "dropout": 0.1,
    "aggr": "max"
  },
  "training_config": {
    "epochs": 50,
    "batch_size": 256,
    "samples_per_model": 1000000,
    "p_values": [
      0.001,
      0.003,
      0.005,
      0.007
    ],
    "p_weights": [
      0.25,
      0.25,
      0.25,
      0.25
    ],
    "k_neighbors": 6,
    "seed": 42,
    "train_ratio": 0.8,
    "val_samples": 10000,
    "val_seed": 1000041,
    "test_ratio": 0.2
  },
  "dataset_info": {
    "d3": {
      "samples": 1000000
    }
  },
  "epoch_metrics": {
    "epochs": [
      1,
      2,
      3,
      4,
      5,
      6,
      7,
      8,
      9,
      10,
      11,
      12,
      13,
      14,
      15,
      16,
      17,
      18,
      19,
      20,
      21,
      22,
      23,
      24,
      25,
      26,
      27,
      28,
      29,
      30,
      31,
      32,
      33,
      34,
      35,
      36,
      37,
      38,
      39,
      40,
      41,
      42,
      43,
      44,
      45,
      46,
      47,
      48,
      49,
      50
    ],
    "train_loss": [
      0.12574338901430368,
      0.049088482432961766,
      0.04641223280802258,
      0.04460335617674173,
      0.04316673877984994,
      0.04258202369614188,
      0.042029333130427046,
      0.04146217205497838,
      0.04104914443385524,
      0.040836531407674743,
      0.040730115436381935,
      0.0406197501930738,
      0.04062918635212262,
      0.04043690363532022,
      0.04044495364417785,
      0.040244712427815,
      0.04027188563227931,
      0.04005197535280372,
      0.040156607848348076,
      0.040081624724147995,
      0.03997765424322289,
      0.03987501410738146,
      0.03964206605935447,
      0.03942117938130868,
      0.03957618860249277,
      0.039380023482090964,
      0.03926444723413708,
      0.03929334095616045,
      0.03905982513317535,
      0.0391328366432277,
      0.03925793004872897,
      0.039116858238973165,
      0.03911219550353542,
      0.03887737423246585,
      0.03905539925168116,
      0.039148089806379814,
      0.03913522964065173,
      0.03922059039055176,
      0.03903577436082859,
      0.03889924672858483,
      0.03898389995720358,
      0.038932689204611105,
      0.03866664017478273,
      0.03862506121381352,
      0.03847025019702672,
      0.038536936811429126,
      0.03852220070336343,
      0.03846641565181082,
      0.038448741857570724,
      0.0384014799565446
    ],
    "train_accuracy": [
      0.96283,
      0.983902,
      0.9847383333333334,
      0.9851614285714285,
      0.9857171428571428,
      0.9857957142857143,
      0.9861164285714286,
      0.9862692857142857,
      0.9863764285714286,
      0.9864357142857143,
      0.9865285714285714,
      0.9865835714285714,
      0.9866328571428571,
      0.9866278571428572,
      0.9867707142857143,
      0.9868528571428572,
      0.9868371428571429,
      0.9869,
      0.9868814285714286,
      0.9868642857142857,
      0.9869135714285714,
      0.9870535714285714,
      0.987005,
      0.9871542857142858,
      0.9869821428571428,
      0.98712,
      0.987145,
      0.9870621428571429,
      0.9871792857142857,
      0.9872064285714286,
      0.9871771428571429,
      0.9871857142857143,
      0.9871807142857143,
      0.9872692857142857,
      0.9872328571428571,
      0.9871171428571428,
      0.987145,
      0.9871978571428571,
      0.9871914285714286,
      0.9872721428571428,
      0.9873071428571428,
      0.9872692857142857,
      0.987345,
      0.9873092857142857,
      0.9873392857142858,
      0.9872378571428572,
      0.9872628571428571,
      0.9872071428571428,
      0.9873171428571429,
      0.9873728571428572
    ],
    "val_accuracy": [
      0.9861,
      0.9874,
      0.9879,
      0.9878,
      0.9884,
      0.9888,
      0.9889,
      0.9894,
      0.9883,
      0.9892,
      0.9892,
      0.9891,
      0.99,
      0.9903,
      0.989,
      0.9896,
      0.9891,
      0.9893,
      0.9897,
      0.9892,
      0.9904,
      0.9905,
      0.9898,
      0.9901,
      0.9894,
      0.9893,
      0.9895,
      0.9898,
      0.9896,
      0.9896,
      0.9897,
      0.9902,
      0.9904,
      0.9899,
      0.99,
      0.9904,
      0.9894,
      0.9896,
      0.9902,
      0.9892,
      0.9897,
      0.9898,
      0.99,
      0.9897,
      0.9902,
      0.9893,
      0.9892,
      0.9897,
      0.9899,
      0.9898
    ],
    "epoch_time_seconds": [
      71.36172318458557,
      109.99059534072876,
      117.0685384273529,
      147.89666390419006,
      148.4413583278656,
      153.55105590820312,
      152.45397472381592,
      154.09877109527588,
      153.87190198898315,
      152.9696843624115,
      152.56413316726685,
      152.62173676490784,
      152.02447414398193,
      153.9868426322937,
      153.0013542175293,
      155.17721486091614,
      154.92596197128296,
      155.6342749595642,
      155.54706597328186,
      155.29230117797852,
      154.11545181274414,
      154.14888429641724,
      155.28457593917847,
      153.9764223098755,
      154.2892725467682,
      155.63199138641357,
      154.81873154640198,
      155.4737195968628,
      153.55023503303528,
      154.56249284744263,
      156.88925862312317,
      155.90502285957336,
      155.39417552947998,
      154.55182218551636,
      154.72729563713074,
      155.2627067565918,
      153.47687149047852,
      153.99136996269226,
      155.15780329704285,
      154.66081142425537,
      155.3136830329895,
      155.4686541557312,
      154.5143597126007,
      154.78155183792114,
      154.7894251346588,
      155.8073341846466,
      154.9931263923645,
      156.55536222457886,
      156.3806881904602,
      155.96981167793274
    ],
    "learning_rate": [
      0.0003,
      0.0003,
      0.0003,
      0.0003,
      0.0003,
      0.0003,
      0.0003,
      0.0003,
      0.0003,
      0.0003,
      0.0003,
      0.0003,
      0.0003,
      0.0003,
      0.0003,
      0.0003,
      0.0003,
      0.0003,
      0.0003,
      0.0003,
      0.0003,
      0.0003,
      0.0003,
      0.0003,
      0.0003,
      0.0003,
      0.0003,
      0.0003,
      0.0003,
      0.0003,
      0.0003,
      0.0003,
      0.0003,
      0.0003,
      0.0003,
      0.0003,
      0.0003,
      0.0003,
      0.0003,
      0.0003,
      0.0003,
      0.0003,
      0.0003,
      0.0003,
      0.0003,
      0.0003,
      0.0003,
      0.0003,
      0.0003,
      0.0003
    ],
    "gpu_memory_mb": [
      0.0,
      0.0,
      0.0,
      0.0,
      0.0,
      0.0,
      0.0,
      0.0,
      0.0,
      0.0,
      0.0,
      0.0,
      0.0,
      0.0,
      0.0,
      0.0,
      0.0,
      0.0,
      0.0,
      0.0,
      0.0,
      0.0,
      0.0,
      0.0,
      0.0,
      0.0,
      0.0,
      0.0,
      0.0,
      0.0,
      0.0,
      0.0,
      0.0,
      0.0,
      0.0,
      0.0,
      0.0,
      0.0,
      0.0,
      0.0,
      0.0,
      0.0,
      0.0,
      0.0,
      0.0,
      0.0,
      0.0,
      0.0,
      0.0,
      0.0
    ]
  },
  "final_metrics": {
    "train_accuracy": 0.9873728571428572,
    "val_accuracy": 0.9898,
    "test_accuracy": 0.0,
    "final_loss": 0.0384014799565446,
    "total_training_time_seconds": 7552.922538757324
  },
  "model_info": {
    "total_parameters": 0,
    "trainable_parameters": 0
  },
  "system_info": {
    "device": "cuda",
    "gpu_name": "NVIDIA GeForce RTX 5070 Ti",
    "cuda_version": "13.0",
    "pytorch_version": "2.9.1+cu130",
    "python_version": "3.13.5",
    "platform": "Windows-11-10.0.26200-SP0"
  },
  "timestamp": "2026-02-03T09:00:43.165473"
}