{
  "experiment_name": "d5",
  "distance": 5,
  "hyperparams": {
    "num_layers": 5,
    "hidden_dim": 128,
    "learning_rate": 0.0005,
    "dropout": 0.0,
    "aggr": "max"
  },
  "training_config": {
    "epochs": 50,
    "batch_size": 256,
    "samples_per_model": 1000000,
    "p_values": [
      0.001,
      0.003,
      0.005,
      0.007
    ],
    "p_weights": [
      0.25,
      0.25,
      0.25,
      0.25
    ],
    "k_neighbors": 6,
    "seed": 42,
    "train_ratio": 0.8,
    "val_ratio": 0.1,
    "test_ratio": 0.1
  },
  "dataset_info": {
    "d5": {
      "samples": 1000000
    }
  },
  "epoch_metrics": {
    "epochs": [
      1,
      2,
      3,
      4,
      5,
      6,
      7,
      8,
      9,
      10,
      11,
      12,
      13,
      14,
      15,
      16,
      17,
      18,
      19,
      20,
      21,
      22,
      23,
      24,
      25,
      26,
      27,
      28,
      29,
      30,
      31,
      32,
      33,
      34,
      35,
      36,
      37,
      38,
      39,
      40,
      41,
      42,
      43,
      44,
      45,
      46,
      47,
      48,
      49,
      50
    ],
    "train_loss": [
      0.19019793721437453,
      0.1273791903781891,
      0.11348197331428528,
      0.10463423936724663,
      0.09855370152115822,
      0.0939176193189621,
      0.08933993542790412,
      0.08567683933258056,
      0.08267728911995888,
      0.0797129273545742,
      0.08800369807243347,
      0.0829240037804842,
      0.07942294689059258,
      0.0762064379107952,
      0.07373846206903457,
      0.07144880206704139,
      0.06895674787402153,
      0.06712699562907219,
      0.06500143467903137,
      0.06318431774795055,
      0.07819646192610263,
      0.07346700197398663,
      0.06999782168090343,
      0.06706511851727963,
      0.06474880357801914,
      0.06260714807868004,
      0.06059980594575405,
      0.058605296625494956,
      0.05694656516253948,
      0.054972482586205004,
      0.0744734726524353,
      0.06901750145256519,
      0.06581048819303513,
      0.06309695683777332,
      0.06083901249051094,
      0.05850259668916464,
      0.05659448802381754,
      0.05483422185510397,
      0.052948298828005794,
      0.051014702779650686,
      0.07145975509047509,
      0.06578889760613442,
      0.06257501583755017,
      0.059921340953409674,
      0.05766919340252876,
      0.05535730712860823,
      0.05354732704102993,
      0.05124382983833552,
      0.04986931457877159,
      0.048024338301718233
    ],
    "train_accuracy": [
      0.915275,
      0.9413775,
      0.94842375,
      0.95284,
      0.9559875,
      0.9583525,
      0.9601625,
      0.9619575,
      0.96337375,
      0.964645,
      0.96154375,
      0.9635175,
      0.9652625,
      0.96678625,
      0.96782625,
      0.96869625,
      0.96986375,
      0.97076875,
      0.97158,
      0.97246625,
      0.96649,
      0.968305,
      0.9697225,
      0.9711275,
      0.97208125,
      0.973005,
      0.97357375,
      0.97468875,
      0.97546375,
      0.9761725,
      0.96845875,
      0.970655,
      0.97196375,
      0.97292625,
      0.97390625,
      0.97474875,
      0.9757175,
      0.97646125,
      0.977155,
      0.97810875,
      0.9700175,
      0.97224875,
      0.97362625,
      0.97483,
      0.9754575,
      0.97655375,
      0.9771675,
      0.9781375,
      0.9788125,
      0.97950375
    ],
    "val_accuracy": [
      NaN,
      NaN,
      NaN,
      NaN,
      NaN,
      NaN,
      NaN,
      NaN,
      NaN,
      0.95997,
      NaN,
      NaN,
      NaN,
      NaN,
      NaN,
      NaN,
      NaN,
      NaN,
      NaN,
      0.96442,
      NaN,
      NaN,
      NaN,
      NaN,
      NaN,
      NaN,
      NaN,
      NaN,
      NaN,
      0.96689,
      NaN,
      NaN,
      NaN,
      NaN,
      NaN,
      NaN,
      NaN,
      NaN,
      NaN,
      0.96898,
      NaN,
      NaN,
      NaN,
      NaN,
      NaN,
      NaN,
      NaN,
      NaN,
      NaN,
      0.96884
    ],
    "epoch_time_seconds": [
      139.3353888988495,
      139.4153926372528,
      139.6618733406067,
      139.48227667808533,
      139.18549132347107,
      139.5128734111786,
      138.79904627799988,
      140.46291089057922,
      139.07404732704163,
      146.18699836730957,
      277.1465575695038,
      141.46483635902405,
      140.68438124656677,
      141.43508529663086,
      142.01535630226135,
      141.23095798492432,
      142.16529655456543,
      141.45217418670654,
      141.7725601196289,
      147.09675788879395,
      296.2062997817993,
      141.18289875984192,
      141.6457531452179,
      141.90982460975647,
      141.58953213691711,
      142.58720207214355,
      141.46595335006714,
      141.30439352989197,
      141.77426195144653,
      147.73129057884216,
      297.04501008987427,
      142.04974603652954,
      141.9518699645996,
      141.69165062904358,
      142.2056486606598,
      142.24598574638367,
      140.99899744987488,
      142.20268750190735,
      140.94879508018494,
      147.30915474891663,
      297.67347741127014,
      142.23395800590515,
      141.6814386844635,
      142.28129172325134,
      142.34066557884216,
      142.8108105659485,
      142.3761284351349,
      142.2078583240509,
      141.94326400756836,
      149.38197088241577
    ],
    "learning_rate": [
      0.0005,
      0.0005,
      0.0005,
      0.0005,
      0.0005,
      0.0005,
      0.0005,
      0.0005,
      0.0005,
      0.0005,
      0.0005,
      0.0005,
      0.0005,
      0.0005,
      0.0005,
      0.0005,
      0.0005,
      0.0005,
      0.0005,
      0.0005,
      0.0005,
      0.0005,
      0.0005,
      0.0005,
      0.0005,
      0.0005,
      0.0005,
      0.0005,
      0.0005,
      0.0005,
      0.0005,
      0.0005,
      0.0005,
      0.0005,
      0.0005,
      0.0005,
      0.0005,
      0.0005,
      0.0005,
      0.0005,
      0.0005,
      0.0005,
      0.0005,
      0.0005,
      0.0005,
      0.0005,
      0.0005,
      0.0005,
      0.0005,
      0.0005
    ],
    "gpu_memory_mb": [
      0.0,
      0.0,
      0.0,
      0.0,
      0.0,
      0.0,
      0.0,
      0.0,
      0.0,
      0.0,
      0.0,
      0.0,
      0.0,
      0.0,
      0.0,
      0.0,
      0.0,
      0.0,
      0.0,
      0.0,
      0.0,
      0.0,
      0.0,
      0.0,
      0.0,
      0.0,
      0.0,
      0.0,
      0.0,
      0.0,
      0.0,
      0.0,
      0.0,
      0.0,
      0.0,
      0.0,
      0.0,
      0.0,
      0.0,
      0.0,
      0.0,
      0.0,
      0.0,
      0.0,
      0.0,
      0.0,
      0.0,
      0.0,
      0.0,
      0.0
    ]
  },
  "final_metrics": {
    "train_accuracy": 0.97950375,
    "val_accuracy": 0.96884,
    "test_accuracy": 0.0,
    "final_loss": 0.048024338301718233,
    "total_training_time_seconds": 7698.558082103729
  },
  "model_info": {
    "total_parameters": 0,
    "trainable_parameters": 0
  },
  "system_info": {
    "device": "cuda",
    "gpu_name": "NVIDIA GeForce RTX 5070 Ti",
    "cuda_version": "13.0",
    "pytorch_version": "2.9.1+cu130",
    "python_version": "3.13.5",
    "platform": "Windows-11-10.0.26200-SP0"
  },
  "timestamp": "2026-01-21T19:00:11.211122"
}