{
  "experiment_name": "d5",
  "distance": 5,
  "hyperparams": {
    "num_layers": 5,
    "hidden_dim": 256,
    "learning_rate": 0.0003,
    "dropout": 0.1,
    "aggr": "max"
  },
  "training_config": {
    "epochs": 50,
    "batch_size": 256,
    "samples_per_model": 1000000,
    "p_values": [
      0.001,
      0.003,
      0.005,
      0.007
    ],
    "p_weights": [
      0.25,
      0.25,
      0.25,
      0.25
    ],
    "k_neighbors": 6,
    "seed": 42,
    "train_ratio": 0.8,
    "val_samples": 10000,
    "val_seed": 1000041,
    "test_ratio": 0.2
  },
  "dataset_info": {
    "d5": {
      "samples": 1000000
    }
  },
  "epoch_metrics": {
    "epochs": [
      1,
      2,
      3,
      4,
      5,
      6,
      7,
      8,
      9,
      10,
      11,
      12,
      13,
      14,
      15,
      16,
      17,
      18,
      19,
      20,
      21,
      22,
      23,
      24,
      25,
      26,
      27,
      28,
      29,
      30,
      31,
      32,
      33,
      34,
      35,
      36,
      37,
      38,
      39,
      40,
      41,
      42,
      43,
      44,
      45,
      46,
      47,
      48,
      49,
      50
    ],
    "train_loss": [
      0.17933012641429902,
      0.11140397999894293,
      0.09845024643786912,
      0.09049882223868112,
      0.08512107334236794,
      0.08105411520985585,
      0.0779035884882212,
      0.07517346069026003,
      0.0725236182763674,
      0.07045456726859432,
      0.06891321646235918,
      0.06711787555498219,
      0.06631328067818068,
      0.06517919433683098,
      0.0640928576102497,
      0.06326420492586106,
      0.06224976410937061,
      0.06131868604090406,
      0.060864093548790764,
      0.05967167875897919,
      0.05904802095508048,
      0.05824276611864877,
      0.057688408419707835,
      0.05739718860345298,
      0.056852556757586686,
      0.05628361504608048,
      0.05598988737481852,
      0.055609680902949196,
      0.05510850563869466,
      0.05479766714031926,
      0.0547475901380056,
      0.054309486560005824,
      0.05427650111380193,
      0.0541391022178801,
      0.05351552465587615,
      0.05386727597086962,
      0.053205066145966325,
      0.052821721647477636,
      0.052900955156084443,
      0.052328910162302185,
      0.052208203466125154,
      0.05189660265885088,
      0.05168514928296358,
      0.051354164573876364,
      0.05116337167314026,
      0.05094186020468413,
      0.05072990407825639,
      0.050571298784077234,
      0.050527450773155895,
      0.05054259537021848
    ],
    "train_accuracy": [
      0.92215375,
      0.950968,
      0.9569466666666666,
      0.9606621428571429,
      0.9632642857142857,
      0.9651835714285715,
      0.9667992857142857,
      0.9680964285714285,
      0.9695078571428571,
      0.9704892857142857,
      0.9713864285714285,
      0.9720121428571429,
      0.9725564285714285,
      0.973005,
      0.97334,
      0.9738592857142857,
      0.9743614285714286,
      0.974895,
      0.9751014285714286,
      0.9754178571428571,
      0.9758092857142857,
      0.9763135714285714,
      0.9764092857142858,
      0.97651,
      0.9768835714285714,
      0.9770085714285714,
      0.9772321428571429,
      0.9773978571428571,
      0.9776342857142857,
      0.97782,
      0.9777578571428571,
      0.9781278571428571,
      0.9781192857142857,
      0.9781621428571429,
      0.9784857142857143,
      0.9782978571428571,
      0.978545,
      0.9787671428571428,
      0.9789085714285715,
      0.9789714285714286,
      0.9789678571428572,
      0.9790521428571428,
      0.979115,
      0.9793307142857143,
      0.9795435714285714,
      0.9794135714285714,
      0.9794857142857143,
      0.9796678571428571,
      0.97972,
      0.9798064285714285
    ],
    "val_accuracy": [
      0.9429,
      0.9524,
      0.9532,
      0.9611,
      0.9609,
      0.9658,
      0.969,
      0.9661,
      0.9673,
      0.9701,
      0.9717,
      0.9719,
      0.9715,
      0.9721,
      0.9734,
      0.9749,
      0.9732,
      0.9756,
      0.9754,
      0.9764,
      0.9761,
      0.9774,
      0.978,
      0.9789,
      0.9789,
      0.9791,
      0.9765,
      0.9778,
      0.9791,
      0.9787,
      0.9793,
      0.978,
      0.9789,
      0.9792,
      0.9803,
      0.9797,
      0.9791,
      0.9795,
      0.9798,
      0.981,
      0.9799,
      0.9817,
      0.9813,
      0.9805,
      0.9805,
      0.9803,
      0.9805,
      0.9802,
      0.9816,
      0.9806
    ],
    "epoch_time_seconds": [
      170.0081934928894,
      242.5532989501953,
      280.6547131538391,
      310.05966234207153,
      326.376357793808,
      333.6186866760254,
      333.29461216926575,
      331.32517409324646,
      327.81869196891785,
      325.88497948646545,
      327.5823209285736,
      328.1777894496918,
      327.5143084526062,
      328.1335959434509,
      325.0919563770294,
      326.17070865631104,
      331.30807304382324,
      331.7134599685669,
      325.10931062698364,
      327.0190031528473,
      327.33828473091125,
      325.67877078056335,
      326.55845284461975,
      326.95399808883667,
      326.05266547203064,
      326.69988441467285,
      323.68874073028564,
      325.8505916595459,
      326.88816833496094,
      324.82355403900146,
      326.4014964103699,
      324.8515205383301,
      326.5990219116211,
      326.4284553527832,
      325.3089802265167,
      326.41211462020874,
      321.3293809890747,
      325.06053018569946,
      326.1839208602905,
      323.18138098716736,
      327.07051181793213,
      327.1442584991455,
      324.1682982444763,
      323.9871690273285,
      331.90713691711426,
      332.6563148498535,
      331.2346775531769,
      332.3198745250702,
      331.4882836341858,
      332.72040700912476
    ],
    "learning_rate": [
      0.0003,
      0.0003,
      0.0003,
      0.0003,
      0.0003,
      0.0003,
      0.0003,
      0.0003,
      0.0003,
      0.0003,
      0.0003,
      0.0003,
      0.0003,
      0.0003,
      0.0003,
      0.0003,
      0.0003,
      0.0003,
      0.0003,
      0.0003,
      0.0003,
      0.0003,
      0.0003,
      0.0003,
      0.0003,
      0.0003,
      0.0003,
      0.0003,
      0.0003,
      0.0003,
      0.0003,
      0.0003,
      0.0003,
      0.0003,
      0.0003,
      0.0003,
      0.0003,
      0.0003,
      0.0003,
      0.0003,
      0.0003,
      0.0003,
      0.0003,
      0.0003,
      0.0003,
      0.0003,
      0.0003,
      0.0003,
      0.0003,
      0.0003
    ],
    "gpu_memory_mb": [
      0.0,
      0.0,
      0.0,
      0.0,
      0.0,
      0.0,
      0.0,
      0.0,
      0.0,
      0.0,
      0.0,
      0.0,
      0.0,
      0.0,
      0.0,
      0.0,
      0.0,
      0.0,
      0.0,
      0.0,
      0.0,
      0.0,
      0.0,
      0.0,
      0.0,
      0.0,
      0.0,
      0.0,
      0.0,
      0.0,
      0.0,
      0.0,
      0.0,
      0.0,
      0.0,
      0.0,
      0.0,
      0.0,
      0.0,
      0.0,
      0.0,
      0.0,
      0.0,
      0.0,
      0.0,
      0.0,
      0.0,
      0.0,
      0.0,
      0.0
    ]
  },
  "final_metrics": {
    "train_accuracy": 0.9798064285714285,
    "val_accuracy": 0.9806,
    "test_accuracy": 0.0,
    "final_loss": 0.05054259537021848,
    "total_training_time_seconds": 16066.401741981506
  },
  "model_info": {
    "total_parameters": 0,
    "trainable_parameters": 0
  },
  "system_info": {
    "device": "cuda",
    "gpu_name": "NVIDIA GeForce RTX 5070 Ti",
    "cuda_version": "13.0",
    "pytorch_version": "2.9.1+cu130",
    "python_version": "3.13.5",
    "platform": "Windows-11-10.0.26200-SP0"
  },
  "timestamp": "2026-02-03T09:00:43.172744"
}