{
  "experiment_name": "d7",
  "distance": 7,
  "hyperparams": {
    "num_layers": 5,
    "hidden_dim": 256,
    "learning_rate": 0.0003,
    "dropout": 0.1,
    "aggr": "max"
  },
  "training_config": {
    "epochs": 50,
    "batch_size": 256,
    "samples_per_model": 1000000,
    "p_values": [
      0.001,
      0.003,
      0.005,
      0.007
    ],
    "p_weights": [
      0.25,
      0.25,
      0.25,
      0.25
    ],
    "k_neighbors": 6,
    "seed": 42,
    "train_ratio": 0.8,
    "val_samples": 10000,
    "val_seed": 1000041,
    "test_ratio": 0.2
  },
  "dataset_info": {
    "d7": {
      "samples": 1000000
    }
  },
  "epoch_metrics": {
    "epochs": [
      1,
      2,
      3,
      4,
      5,
      6,
      7,
      8,
      9,
      10,
      11,
      12,
      13,
      14,
      15,
      16,
      17,
      18,
      19,
      20,
      21,
      22,
      23,
      24,
      25,
      26,
      27,
      28,
      29,
      30,
      31,
      32,
      33,
      34,
      35,
      36,
      37,
      38,
      39,
      40,
      41,
      42,
      43,
      44,
      45,
      46,
      47,
      48,
      49,
      50
    ],
    "train_loss": [
      0.3114394966363907,
      0.24117175410142908,
      0.21971473383555132,
      0.20528941116389246,
      0.19461159310685933,
      0.1866379677745297,
      0.17983769806070243,
      0.17471071674365365,
      0.17044460765157807,
      0.16612773866938116,
      0.16308651436893393,
      0.15980383084464017,
      0.15808581876093214,
      0.1558183667512737,
      0.15367330523426778,
      0.15160007254419958,
      0.14995809678518918,
      0.14883734687718683,
      0.147366676421679,
      0.1456327990642913,
      0.14452037348604918,
      0.1433380793778045,
      0.1420950158084522,
      0.1412122244698885,
      0.13997357775702252,
      0.139188998916082,
      0.13778368465794485,
      0.13716840107129466,
      0.13615349815328415,
      0.13540385139966102,
      0.13462135273384904,
      0.13402931766765364,
      0.1331863650610382,
      0.1320660593310665,
      0.13148758629625426,
      0.13067020811542424,
      0.13045666101569994,
      0.12970009011288494,
      0.12929642349645062,
      0.128459275746982,
      0.12752772357895859,
      0.1271484778459361,
      0.12603205595009503,
      0.12567133336787928,
      0.12510177374300258,
      0.12447977474057755,
      0.12388357318206207,
      0.12321355780608738,
      0.12278193824741125,
      0.12245289725860287
    ],
    "train_accuracy": [
      0.83917375,
      0.87715,
      0.8890858333333334,
      0.8975307142857143,
      0.9039642857142857,
      0.9085821428571429,
      0.912605,
      0.9156342857142857,
      0.9181214285714285,
      0.9202357142857143,
      0.921725,
      0.9236207142857142,
      0.924685,
      0.92601,
      0.9273385714285715,
      0.9281521428571429,
      0.9291407142857143,
      0.9298171428571429,
      0.9306342857142857,
      0.9316057142857143,
      0.9322792857142858,
      0.93279,
      0.9333792857142857,
      0.9339328571428571,
      0.9344092857142857,
      0.9348328571428571,
      0.9356471428571429,
      0.9359614285714286,
      0.9365228571428571,
      0.9369828571428571,
      0.9373521428571429,
      0.9378992857142857,
      0.9381228571428571,
      0.9386728571428572,
      0.9391264285714286,
      0.9395514285714286,
      0.93976,
      0.9402892857142857,
      0.9404485714285714,
      0.9406357142857142,
      0.9408964285714285,
      0.9414628571428572,
      0.94166,
      0.9420571428571428,
      0.9421378571428571,
      0.9425335714285714,
      0.9429085714285714,
      0.943285,
      0.9437207142857142,
      0.943475
    ],
    "val_accuracy": [
      0.8542,
      0.8728,
      0.8835,
      0.8907,
      0.9014,
      0.8946,
      0.9131,
      0.9158,
      0.9204,
      0.9263,
      0.9237,
      0.9236,
      0.9277,
      0.9312,
      0.9307,
      0.9343,
      0.9317,
      0.9351,
      0.9339,
      0.9334,
      0.936,
      0.9377,
      0.9373,
      0.9382,
      0.9364,
      0.9414,
      0.9414,
      0.9377,
      0.9388,
      0.9447,
      0.9436,
      0.9407,
      0.9415,
      0.9459,
      0.9463,
      0.9473,
      0.9443,
      0.9472,
      0.9473,
      0.945,
      0.9483,
      0.9462,
      0.9465,
      0.9461,
      0.9477,
      0.9477,
      0.9486,
      0.9487,
      0.9493,
      0.9491
    ],
    "epoch_time_seconds": [
      426.29738187789917,
      544.680118560791,
      645.8698139190674,
      734.0502138137817,
      775.4967350959778,
      766.1259970664978,
      753.2750058174133,
      752.938586473465,
      735.4769003391266,
      750.9773807525635,
      752.2058820724487,
      777.1836643218994,
      772.543128490448,
      778.103152513504,
      775.7647371292114,
      779.2854034900665,
      780.0463366508484,
      747.8184914588928,
      785.6821873188019,
      844.7553722858429,
      862.8538982868195,
      868.7275409698486,
      865.3341035842896,
      873.890941619873,
      885.0418019294739,
      881.7023596763611,
      900.746657371521,
      774.8713314533234,
      783.6800315380096,
      780.1084730625153,
      780.0168497562408,
      794.099098443985,
      812.7880477905273,
      798.8405377864838,
      785.9724760055542,
      761.1043763160706,
      743.3447182178497,
      730.0281791687012,
      738.903323173523,
      752.0714256763458,
      751.9577112197876,
      731.2071712017059,
      733.284419298172,
      731.3472173213959,
      728.1958909034729,
      728.9527711868286,
      741.1750411987305,
      742.5732023715973,
      757.7799828052521,
      788.5367097854614
    ],
    "learning_rate": [
      0.0003,
      0.0003,
      0.0003,
      0.0003,
      0.0003,
      0.0003,
      0.0003,
      0.0003,
      0.0003,
      0.0003,
      0.0003,
      0.0003,
      0.0003,
      0.0003,
      0.0003,
      0.0003,
      0.0003,
      0.0003,
      0.0003,
      0.0003,
      0.0003,
      0.0003,
      0.0003,
      0.0003,
      0.0003,
      0.0003,
      0.0003,
      0.0003,
      0.0003,
      0.0003,
      0.0003,
      0.0003,
      0.0003,
      0.0003,
      0.0003,
      0.0003,
      0.0003,
      0.0003,
      0.0003,
      0.0003,
      0.0003,
      0.0003,
      0.0003,
      0.0003,
      0.0003,
      0.0003,
      0.0003,
      0.0003,
      0.0003,
      0.0003
    ],
    "gpu_memory_mb": [
      0.0,
      0.0,
      0.0,
      0.0,
      0.0,
      0.0,
      0.0,
      0.0,
      0.0,
      0.0,
      0.0,
      0.0,
      0.0,
      0.0,
      0.0,
      0.0,
      0.0,
      0.0,
      0.0,
      0.0,
      0.0,
      0.0,
      0.0,
      0.0,
      0.0,
      0.0,
      0.0,
      0.0,
      0.0,
      0.0,
      0.0,
      0.0,
      0.0,
      0.0,
      0.0,
      0.0,
      0.0,
      0.0,
      0.0,
      0.0,
      0.0,
      0.0,
      0.0,
      0.0,
      0.0,
      0.0,
      0.0,
      0.0,
      0.0,
      0.0
    ]
  },
  "final_metrics": {
    "train_accuracy": 0.943475,
    "val_accuracy": 0.9491,
    "test_accuracy": 0.0,
    "final_loss": 0.12245289725860287,
    "total_training_time_seconds": 38287.71277856827
  },
  "model_info": {
    "total_parameters": 0,
    "trainable_parameters": 0
  },
  "system_info": {
    "device": "cuda",
    "gpu_name": "NVIDIA GeForce RTX 5070 Ti",
    "cuda_version": "13.0",
    "pytorch_version": "2.9.1+cu130",
    "python_version": "3.13.5",
    "platform": "Windows-11-10.0.26200-SP0"
  },
  "timestamp": "2026-02-03T09:00:43.180278"
}