{
  "experiment_name": "d7",
  "distance": 7,
  "hyperparams": {
    "num_layers": 5,
    "hidden_dim": 128,
    "learning_rate": 0.0005,
    "dropout": 0.0,
    "aggr": "max"
  },
  "training_config": {
    "epochs": 50,
    "batch_size": 256,
    "samples_per_model": 1000000,
    "p_values": [
      0.001,
      0.003,
      0.005,
      0.007
    ],
    "p_weights": [
      0.25,
      0.25,
      0.25,
      0.25
    ],
    "k_neighbors": 6,
    "seed": 42,
    "train_ratio": 0.8,
    "val_ratio": 0.1,
    "test_ratio": 0.1
  },
  "dataset_info": {
    "d7": {
      "samples": 1000000
    }
  },
  "epoch_metrics": {
    "epochs": [
      1,
      2,
      3,
      4,
      5,
      6,
      7,
      8,
      9,
      10,
      11,
      12,
      13,
      14,
      15,
      16,
      17,
      18,
      19,
      20,
      21,
      22,
      23,
      24,
      25,
      26,
      27,
      28,
      29,
      30,
      31,
      32,
      33,
      34,
      35,
      36,
      37,
      38,
      39,
      40,
      41,
      42,
      43,
      44,
      45,
      46,
      47,
      48,
      49,
      50
    ],
    "train_loss": [
      0.3335863828372955,
      0.26222662486553194,
      0.24118068551540375,
      0.22784297914028168,
      0.21839055152416229,
      0.2106850238084793,
      0.2041828460073471,
      0.19881917089939116,
      0.19385699551105498,
      0.18956149681568146,
      0.19666421003341675,
      0.18971533220529557,
      0.18477257833242416,
      0.1804729945540428,
      0.17636539381027222,
      0.17284051643610002,
      0.16988852166414262,
      0.1668449189186096,
      0.164409523563385,
      0.16162874997615814,
      0.179892787194252,
      0.17356762873649598,
      0.16908136344194413,
      0.16535776695489884,
      0.1619634463763237,
      0.1590797323322296,
      0.15641843392133714,
      0.15349441532611846,
      0.15134402966499327,
      0.14938760249614716,
      0.16875060111522674,
      0.1622725853395462,
      0.15812511391639708,
      0.15436214076280594,
      0.1515377977824211,
      0.1486173591375351,
      0.14656428205966948,
      0.14373767243146895,
      0.14156531728982927,
      0.13976727336883546,
      0.1624236274123192,
      0.15546937266111374,
      0.15143282272338868,
      0.148125152220726,
      0.14500330686330795,
      0.14242069299697876,
      0.13982191631793975,
      0.13766279099464415,
      0.13553687574625015,
      0.13320280456542968
    ],
    "train_accuracy": [
      0.82628,
      0.86623125,
      0.87820625,
      0.8854575,
      0.89122875,
      0.89526375,
      0.8991725,
      0.90203375,
      0.9046025,
      0.906655,
      0.904325,
      0.90773,
      0.9102175,
      0.912585,
      0.91449125,
      0.91659125,
      0.91799625,
      0.91947625,
      0.92064625,
      0.9219825,
      0.9131925,
      0.91639875,
      0.91872625,
      0.92045375,
      0.92184625,
      0.9235375,
      0.9246875,
      0.92598875,
      0.927475,
      0.9282475,
      0.91946125,
      0.922615,
      0.9247675,
      0.92644125,
      0.9278575,
      0.9291925,
      0.9305025,
      0.93156875,
      0.93285125,
      0.93362125,
      0.9228775,
      0.926615,
      0.9282875,
      0.9298125,
      0.931635,
      0.9329225,
      0.933925,
      0.93499625,
      0.9361075,
      0.9370225
    ],
    "val_accuracy": [
      NaN,
      NaN,
      NaN,
      NaN,
      NaN,
      NaN,
      NaN,
      NaN,
      NaN,
      0.90088,
      NaN,
      NaN,
      NaN,
      NaN,
      NaN,
      NaN,
      NaN,
      NaN,
      NaN,
      0.9129,
      NaN,
      NaN,
      NaN,
      NaN,
      NaN,
      NaN,
      NaN,
      NaN,
      NaN,
      0.91815,
      NaN,
      NaN,
      NaN,
      NaN,
      NaN,
      NaN,
      NaN,
      NaN,
      NaN,
      0.92189,
      NaN,
      NaN,
      NaN,
      NaN,
      NaN,
      NaN,
      NaN,
      NaN,
      NaN,
      0.922
    ],
    "epoch_time_seconds": [
      224.6847538948059,
      224.8997449874878,
      224.5609312057495,
      225.18625831604004,
      224.3263578414917,
      225.72207736968994,
      225.56918668746948,
      225.31944870948792,
      226.91111612319946,
      236.366308927536,
      395.676780462265,
      227.3832278251648,
      228.20786118507385,
      233.7893307209015,
      226.6684513092041,
      232.8390109539032,
      230.7595977783203,
      233.8115108013153,
      231.61207628250122,
      239.6792607307434,
      388.664968252182,
      233.05891227722168,
      282.1952714920044,
      235.315993309021,
      236.37815380096436,
      235.84716033935547,
      236.15157747268677,
      235.50128626823425,
      233.84505581855774,
      244.16036462783813,
      404.7179193496704,
      232.95626735687256,
      234.09392738342285,
      233.82174468040466,
      230.6533591747284,
      232.02360033988953,
      234.8333821296692,
      243.9387354850769,
      246.3490698337555,
      241.91796851158142,
      388.72393441200256,
      229.16617608070374,
      283.58331966400146,
      237.26657915115356,
      237.59430861473083,
      235.75629448890686,
      237.0688512325287,
      237.3224778175354,
      237.26993131637573,
      247.44199872016907
    ],
    "learning_rate": [
      0.0005,
      0.0005,
      0.0005,
      0.0005,
      0.0005,
      0.0005,
      0.0005,
      0.0005,
      0.0005,
      0.0005,
      0.0005,
      0.0005,
      0.0005,
      0.0005,
      0.0005,
      0.0005,
      0.0005,
      0.0005,
      0.0005,
      0.0005,
      0.0005,
      0.0005,
      0.0005,
      0.0005,
      0.0005,
      0.0005,
      0.0005,
      0.0005,
      0.0005,
      0.0005,
      0.0005,
      0.0005,
      0.0005,
      0.0005,
      0.0005,
      0.0005,
      0.0005,
      0.0005,
      0.0005,
      0.0005,
      0.0005,
      0.0005,
      0.0005,
      0.0005,
      0.0005,
      0.0005,
      0.0005,
      0.0005,
      0.0005,
      0.0005
    ],
    "gpu_memory_mb": [
      0.0,
      0.0,
      0.0,
      0.0,
      0.0,
      0.0,
      0.0,
      0.0,
      0.0,
      0.0,
      0.0,
      0.0,
      0.0,
      0.0,
      0.0,
      0.0,
      0.0,
      0.0,
      0.0,
      0.0,
      0.0,
      0.0,
      0.0,
      0.0,
      0.0,
      0.0,
      0.0,
      0.0,
      0.0,
      0.0,
      0.0,
      0.0,
      0.0,
      0.0,
      0.0,
      0.0,
      0.0,
      0.0,
      0.0,
      0.0,
      0.0,
      0.0,
      0.0,
      0.0,
      0.0,
      0.0,
      0.0,
      0.0,
      0.0,
      0.0
    ]
  },
  "final_metrics": {
    "train_accuracy": 0.9370225,
    "val_accuracy": 0.922,
    "test_accuracy": 0.0,
    "final_loss": 0.13320280456542968,
    "total_training_time_seconds": 12411.591881513596
  },
  "model_info": {
    "total_parameters": 0,
    "trainable_parameters": 0
  },
  "system_info": {
    "device": "cuda",
    "gpu_name": "NVIDIA GeForce RTX 5070 Ti",
    "cuda_version": "13.0",
    "pytorch_version": "2.9.1+cu130",
    "python_version": "3.13.5",
    "platform": "Windows-11-10.0.26200-SP0"
  },
  "timestamp": "2026-01-21T19:00:11.217964"
}