{
  "experiment_name": "d9",
  "distance": 9,
  "hyperparams": {
    "num_layers": 5,
    "hidden_dim": 256,
    "learning_rate": 0.0003,
    "dropout": 0.1,
    "aggr": "max"
  },
  "training_config": {
    "epochs": 50,
    "batch_size": 256,
    "samples_per_model": 1000000,
    "p_values": [
      0.001,
      0.003,
      0.005,
      0.007
    ],
    "p_weights": [
      0.25,
      0.25,
      0.25,
      0.25
    ],
    "k_neighbors": 6,
    "seed": 42,
    "train_ratio": 0.8,
    "val_samples": 10000,
    "val_seed": 1000041,
    "test_ratio": 0.2
  },
  "dataset_info": {
    "d9": {
      "samples": 1000000,
      "load_time_seconds": 123.68562030792236
    }
  },
  "epoch_metrics": {
    "epochs": [
      1,
      2,
      3,
      4,
      5,
      6,
      7,
      8,
      9,
      10,
      11,
      12,
      13,
      14,
      15,
      16,
      17,
      18,
      19,
      20,
      21,
      22,
      23,
      24,
      25,
      26,
      27,
      28,
      29,
      30,
      31,
      32,
      33,
      34,
      35,
      36,
      37,
      38,
      39,
      40,
      41,
      42,
      43,
      44,
      45,
      46,
      47,
      48,
      49,
      50
    ],
    "train_loss": [
      0.42248324872970583,
      0.35949451422367923,
      0.3375058847228415,
      0.32308663292141715,
      0.31196723453609265,
      0.3023983830179761,
      0.29424973648783276,
      0.2876720540068838,
      0.28142919263743377,
      0.2763921454491618,
      0.27238260503823586,
      0.27011300869453625,
      0.2658128758456812,
      0.26277416130920545,
      0.25957696526169144,
      0.2569868726014524,
      0.25494737867017314,
      0.2529038634034741,
      0.2508854134440422,
      0.24937461433172226,
      0.24731310194730757,
      0.2458769965314865,
      0.24386934810638428,
      0.24268876785755158,
      0.24098747432470322,
      0.23972205070495606,
      0.23850575973510743,
      0.23726185216903686,
      0.23608907027721404,
      0.2345444677567482,
      0.23339567145347595,
      0.2324744644856453,
      0.2311769430232048,
      0.22997926072359084,
      0.22827769397735595,
      0.2277365287065506,
      0.22708360650062562,
      0.22602891686916352,
      0.2252135170173645,
      0.22443635330677034,
      0.22391554488897322,
      0.22327716280937196,
      0.2231607718682289,
      0.22233315876483917,
      0.22163930098295212,
      0.22109957003593445,
      0.22058726129770279,
      0.22028333549976348,
      0.22184440878629685,
      0.220134592461586
    ],
    "train_accuracy": [
      0.75494125,
      0.796865,
      0.8116983333333333,
      0.8215064285714285,
      0.8294692857142857,
      0.8355514285714286,
      0.8413114285714286,
      0.8460457142857143,
      0.8499657142857143,
      0.8529335714285714,
      0.85587,
      0.8572707142857143,
      0.8597471428571428,
      0.861715,
      0.8638892857142857,
      0.8652678571428571,
      0.8666871428571429,
      0.8677878571428571,
      0.868821875,
      0.87008125,
      0.871393125,
      0.872250625,
      0.873451875,
      0.874204375,
      0.875375625,
      0.87648625,
      0.8769525,
      0.87803875,
      0.878853125,
      0.879424375,
      0.87983,
      0.880376875,
      0.88101875,
      0.881878125,
      0.88291375,
      0.8832875,
      0.883949375,
      0.884546875,
      0.88484125,
      0.8852475,
      0.88603125,
      0.886185625,
      0.88612875,
      0.886514375,
      0.886920625,
      0.88699125,
      0.8872375,
      0.88731,
      0.886795,
      0.8879875
    ],
    "val_accuracy": [
      0.7706,
      0.7918,
      0.7999,
      0.8099,
      0.8177,
      0.8228,
      0.8333,
      0.8362,
      0.8461,
      0.8479,
      0.8524,
      0.8465,
      0.8505,
      0.8552,
      0.8538,
      0.8583,
      0.867,
      0.868,
      0.8692,
      0.8671,
      0.872,
      0.8739,
      0.8716,
      0.8726,
      0.8727,
      0.8761,
      0.8763,
      0.8759,
      0.8829,
      0.8791,
      0.8809,
      0.8785,
      0.8833,
      0.8838,
      0.8812,
      0.8857,
      0.8834,
      0.8871,
      0.886,
      0.8873,
      0.8836,
      0.8848,
      0.8851,
      0.8844,
      0.8865,
      0.8827,
      0.8886,
      0.8879,
      0.8916,
      0.8886
    ],
    "epoch_time_seconds": [
      1051.841735124588,
      1412.9742255210876,
      1608.914443731308,
      1870.5475933551788,
      1830.6115317344666,
      1993.8753862380981,
      2029.396983385086,
      2127.446942090988,
      2124.66831946373,
      2106.282071352005,
      2091.628224134445,
      1684.6034772396088,
      1771.3149936199188,
      1969.878504037857,
      2049.082317352295,
      2072.2026600837708,
      2050.7987143993378,
      2177.528788328171,
      2106.504150867462,
      2274.061634540558,
      2332.1954488754272,
      2391.1463651657104,
      2443.4398362636566,
      2471.744260072708,
      2411.655421733856,
      2465.3100550174713,
      2290.5763874053955,
      2356.252896308899,
      2363.9192292690277,
      2366.628197669983,
      2342.3502440452576,
      2349.527676820755,
      2350.269335269928,
      2279.618185043335,
      2333.315729856491,
      2357.335870742798,
      2328.5423645973206,
      2339.9839432239532,
      2360.713693380356,
      2357.294298171997,
      2388.0845086574554,
      2507.8434686660767,
      2536.073999643326,
      2550.273955345154,
      2551.6281712055206,
      2584.995845079422,
      2509.5265657901764,
      2576.4723167419434,
      2071.9331142902374,
      2124.738827943802
    ],
    "learning_rate": [
      0.0003,
      0.0003,
      0.0003,
      0.0003,
      0.0003,
      0.0003,
      0.0003,
      0.0003,
      0.0003,
      0.0003,
      0.0003,
      0.0003,
      0.0003,
      0.0003,
      0.0003,
      0.0003,
      0.0003,
      0.0003,
      0.0003,
      0.0003,
      0.0003,
      0.0003,
      0.0003,
      0.0003,
      0.0003,
      0.0003,
      0.0003,
      0.0003,
      0.0003,
      0.0003,
      0.0003,
      0.0003,
      0.0003,
      0.0003,
      0.0003,
      0.0003,
      0.0003,
      0.0003,
      0.0003,
      0.0003,
      0.0003,
      0.0003,
      0.0003,
      0.0003,
      0.0003,
      0.0003,
      0.0003,
      0.0003,
      0.0003,
      0.0003
    ],
    "gpu_memory_mb": [
      0.0,
      0.0,
      0.0,
      0.0,
      0.0,
      0.0,
      0.0,
      0.0,
      0.0,
      0.0,
      0.0,
      0.0,
      0.0,
      0.0,
      0.0,
      0.0,
      0.0,
      0.0,
      0.0,
      0.0,
      0.0,
      0.0,
      0.0,
      0.0,
      0.0,
      0.0,
      0.0,
      0.0,
      0.0,
      0.0,
      0.0,
      0.0,
      0.0,
      0.0,
      0.0,
      0.0,
      0.0,
      0.0,
      0.0,
      0.0,
      0.0,
      0.0,
      0.0,
      0.0,
      0.0,
      0.0,
      0.0,
      0.0,
      0.0,
      0.0
    ]
  },
  "final_metrics": {
    "train_accuracy": 0.8946,
    "val_accuracy": 0.8886,
    "test_accuracy": 0.0,
    "final_loss": 0.220134592461586,
    "total_training_time_seconds": 4578.040550947189
  },
  "model_info": {
    "total_parameters": 547201,
    "trainable_parameters": 547201
  },
  "system_info": {
    "device": "cpu",
    "gpu_name": null,
    "cuda_version": null,
    "pytorch_version": "2.9.0+cpu",
    "python_version": "3.12.12",
    "platform": "Linux-6.6.105+-x86_64-with-glibc2.35"
  },
  "timestamp": "2026-02-05T01:29:10.405039"
}