{
  "experiment_name": "d9",
  "distance": 9,
  "hyperparams": {
    "num_layers": 5,
    "hidden_dim": 128,
    "learning_rate": 0.0005,
    "dropout": 0.0,
    "aggr": "max"
  },
  "training_config": {
    "epochs": 50,
    "batch_size": 256,
    "samples_per_model": 1000000,
    "p_values": [
      0.001,
      0.003,
      0.005,
      0.007
    ],
    "p_weights": [
      0.25,
      0.25,
      0.25,
      0.25
    ],
    "k_neighbors": 6,
    "seed": 42,
    "train_ratio": 0.8,
    "val_ratio": 0.1,
    "test_ratio": 0.1
  },
  "dataset_info": {
    "d9": {
      "samples": 1000000
    }
  },
  "epoch_metrics": {
    "epochs": [
      1,
      2,
      3,
      4,
      5,
      6,
      7,
      8,
      9,
      10,
      11,
      12,
      13,
      14,
      15,
      16,
      17,
      18,
      19,
      20,
      21,
      22,
      23,
      24,
      25,
      26,
      27,
      28,
      29,
      30,
      31,
      32,
      33,
      34,
      35,
      36,
      37,
      38,
      39,
      40,
      41,
      42,
      43,
      44,
      45,
      46,
      47,
      48,
      49,
      50
    ],
    "train_loss": [
      0.4445167398262024,
      0.3777300853347778,
      0.3533592477989197,
      0.33850645838737486,
      0.32740674005508424,
      0.31869080389022825,
      0.3113439656352997,
      0.30523498722076414,
      0.29970597253799436,
      0.29510508803844454,
      0.30147972578525545,
      0.29384391451835634,
      0.28849193020343783,
      0.2836724389743805,
      0.2795625241613388,
      0.27604428827762606,
      0.27275461925506594,
      0.26951262132644654,
      0.2664620718240738,
      0.2637266984415054,
      0.27972495829105376,
      0.2726862072372436,
      0.2683284195137024,
      0.26396324656009673,
      0.2608948324203491,
      0.2575646422100067,
      0.25489980236053467,
      0.25238882481098174,
      0.2494022050333023,
      0.24742555880069733,
      0.26660972510337827,
      0.26006195910930635,
      0.2557946503639221,
      0.2520015239238739,
      0.24887975416183472,
      0.24633350503921508,
      0.24372715893268584,
      0.2410145553970337,
      0.23904400625228883,
      0.23692922413349152,
      0.2573912416553497,
      0.25102442714214324,
      0.24659544986724855,
      0.2432418019104004,
      0.24030760649204255,
      0.23754834553718568,
      0.23492326041221617,
      0.23267590703487395,
      0.23071038650035858,
      0.22855491936206818
    ],
    "train_accuracy": [
      0.7442,
      0.78889125,
      0.8049875,
      0.81469125,
      0.82201875,
      0.82777875,
      0.832465,
      0.83594125,
      0.83938625,
      0.84183125,
      0.8390475,
      0.84320625,
      0.84648875,
      0.84978125,
      0.85193125,
      0.85369125,
      0.85595875,
      0.8575125,
      0.85930875,
      0.860895,
      0.85291625,
      0.85716875,
      0.85898375,
      0.86219125,
      0.863835,
      0.8659025,
      0.86699875,
      0.8688225,
      0.87049875,
      0.87191125,
      0.86127125,
      0.8646875,
      0.867275,
      0.8694425,
      0.87074875,
      0.87279,
      0.87384625,
      0.875365,
      0.8767175,
      0.87776875,
      0.8672075,
      0.87033875,
      0.8729825,
      0.87501875,
      0.8765275,
      0.87797125,
      0.879765,
      0.880795,
      0.88251375,
      0.88343
    ],
    "val_accuracy": [
      NaN,
      NaN,
      NaN,
      NaN,
      NaN,
      NaN,
      NaN,
      NaN,
      NaN,
      0.83572,
      NaN,
      NaN,
      NaN,
      NaN,
      NaN,
      NaN,
      NaN,
      NaN,
      NaN,
      0.85015,
      NaN,
      NaN,
      NaN,
      NaN,
      NaN,
      NaN,
      NaN,
      NaN,
      NaN,
      0.8618,
      NaN,
      NaN,
      NaN,
      NaN,
      NaN,
      NaN,
      NaN,
      NaN,
      NaN,
      0.86595,
      NaN,
      NaN,
      NaN,
      NaN,
      NaN,
      NaN,
      NaN,
      NaN,
      NaN,
      0.87301
    ],
    "epoch_time_seconds": [
      388.46976470947266,
      386.6569781303406,
      390.42532324790955,
      389.4059829711914,
      387.78736877441406,
      388.3031919002533,
      387.4823377132416,
      387.57325625419617,
      388.78405141830444,
      403.02286314964294,
      613.0017380714417,
      438.53868889808655,
      447.108402967453,
      454.5060284137726,
      455.70184898376465,
      453.78299927711487,
      447.1518692970276,
      452.90362334251404,
      449.6296398639679,
      468.4187843799591,
      650.4632074832916,
      392.4305808544159,
      434.2571008205414,
      427.802695274353,
      429.84145426750183,
      435.1808760166168,
      439.339950799942,
      438.35388827323914,
      438.6061661243439,
      459.49284863471985,
      629.6401047706604,
      430.74277687072754,
      414.17649006843567,
      427.10517501831055,
      427.274466753006,
      434.73877787590027,
      431.57937359809875,
      422.97368240356445,
      430.60590720176697,
      445.9144220352173,
      652.699916601181,
      431.49980640411377,
      432.50256180763245,
      436.1736116409302,
      450.398313999176,
      445.70917892456055,
      450.8411183357239,
      454.70683002471924,
      463.25468397140503,
      484.02545070648193
    ],
    "learning_rate": [
      0.0005,
      0.0005,
      0.0005,
      0.0005,
      0.0005,
      0.0005,
      0.0005,
      0.0005,
      0.0005,
      0.0005,
      0.0005,
      0.0005,
      0.0005,
      0.0005,
      0.0005,
      0.0005,
      0.0005,
      0.0005,
      0.0005,
      0.0005,
      0.0005,
      0.0005,
      0.0005,
      0.0005,
      0.0005,
      0.0005,
      0.0005,
      0.0005,
      0.0005,
      0.0005,
      0.0005,
      0.0005,
      0.0005,
      0.0005,
      0.0005,
      0.0005,
      0.0005,
      0.0005,
      0.0005,
      0.0005,
      0.0005,
      0.0005,
      0.0005,
      0.0005,
      0.0005,
      0.0005,
      0.0005,
      0.0005,
      0.0005,
      0.0005
    ],
    "gpu_memory_mb": [
      0.0,
      0.0,
      0.0,
      0.0,
      0.0,
      0.0,
      0.0,
      0.0,
      0.0,
      0.0,
      0.0,
      0.0,
      0.0,
      0.0,
      0.0,
      0.0,
      0.0,
      0.0,
      0.0,
      0.0,
      0.0,
      0.0,
      0.0,
      0.0,
      0.0,
      0.0,
      0.0,
      0.0,
      0.0,
      0.0,
      0.0,
      0.0,
      0.0,
      0.0,
      0.0,
      0.0,
      0.0,
      0.0,
      0.0,
      0.0,
      0.0,
      0.0,
      0.0,
      0.0,
      0.0,
      0.0,
      0.0,
      0.0,
      0.0,
      0.0
    ]
  },
  "final_metrics": {
    "train_accuracy": 0.88343,
    "val_accuracy": 0.87301,
    "test_accuracy": 0.0,
    "final_loss": 0.22855491936206818,
    "total_training_time_seconds": 22320.986159324646
  },
  "model_info": {
    "total_parameters": 0,
    "trainable_parameters": 0
  },
  "system_info": {
    "device": "cuda",
    "gpu_name": "NVIDIA GeForce RTX 5070 Ti",
    "cuda_version": "13.0",
    "pytorch_version": "2.9.1+cu130",
    "python_version": "3.13.5",
    "platform": "Windows-11-10.0.26200-SP0"
  },
  "timestamp": "2026-01-21T19:00:11.225896"
}