distance,current_ms,projected_ms,speedup,current_throughput,projected_throughput
3,20.312116326489818,2.2446587343943136,9.049088850457585,3150.828745330447,28512.12926907101
5,25.800655102381025,2.460121510825676,10.487553150869244,2480.557169809759,26014.975162149636
7,25.59841020440811,2.3803186945498993,10.754194496316629,2500.155263117826,26887.15597055878
9,26.024808163388766,2.4365264698622475,10.681110377947224,2459.1919985805716,26266.90117740372
11,26.16171020425248,2.4681823879075893,10.599585481375696,2446.32325258297,25930.01243083022
13,28.730861224472875,2.9096915912817423,9.874194677731017,2227.5698420583703,21995.458278726885
