distance,current_ms,projected_ms,speedup,current_throughput,projected_throughput
3,12.126702040776003,2.022161877278135,5.996899742318727,5277.609673660668,31649.296092034485
5,16.839222448708117,2.0308880203127924,8.291556343965524,3800.6505463623703,31513.308148886947
7,16.828122448231976,2.1351371213484303,7.881518371805694,3803.1574940628075,29974.65566032652
9,17.173969387896452,2.5321549795314358,6.782353184035529,3726.570052296979,25274.914259727862
11,17.428226531239712,2.1947433678620403,7.940894952204379,3672.203817484321,29160.584757726894
13,21.61144285684936,2.9328699179328694,7.368701463609893,2961.3941292085615,21821.62925422487
