{
  "split_name": "b2_d5more",
  "split_config": {
    "d3": 0.0,
    "d5": 0.65,
    "d7": 0.35
  },
  "hyperparams": {
    "phi_hidden": [
      128,
      128
    ],
    "rho_hidden": [
      128,
      64
    ],
    "pool": "mean",
    "dropout": 0.0,
    "learning_rate": 0.001
  },
  "training_config": {
    "total_samples": 1000000,
    "epochs": 50,
    "batch_size": 256,
    "refresh_every": 10,
    "validate_every": 10,
    "train_samples_per_block": 800000,
    "eval_total": 200000,
    "p_values": [
      0.001,
      0.003,
      0.005,
      0.007
    ],
    "p_weights": [
      0.25,
      0.25,
      0.25,
      0.25
    ]
  },
  "epoch_metrics": {
    "epochs": [
      1,
      2,
      3,
      4,
      5,
      6,
      7,
      8,
      9,
      10,
      11,
      12,
      13,
      14,
      15,
      16,
      17,
      18,
      19,
      20,
      21,
      22,
      23,
      24,
      25,
      26,
      27,
      28,
      29,
      30,
      31,
      32,
      33,
      34,
      35,
      36,
      37,
      38,
      39,
      40,
      41,
      42,
      43,
      44,
      45,
      46,
      47,
      48,
      49,
      50
    ],
    "train_loss": [
      0.33690801262617187,
      0.27718712234546644,
      0.25541435239773413,
      0.2405595008786756,
      0.2279578219295997,
      0.21775711959398333,
      0.20912182003126187,
      0.20192643057647913,
      0.19623757450962326,
      0.1911195077714692,
      0.19613855468587127,
      0.18857410865325197,
      0.18284140500911558,
      0.1787082398416366,
      0.17495319495717646,
      0.17161791605644897,
      0.16860595543797932,
      0.16641307605510328,
      0.16392284627319792,
      0.16155375384618972,
      0.17151985802733585,
      0.16541455876527883,
      0.16199028332761214,
      0.15878825833376256,
      0.156096310335106,
      0.15401118844318526,
      0.15191170161259876,
      0.15038777108561016,
      0.14851314250453687,
      0.1471116783243967,
      0.15755782212277902,
      0.15202616578681838,
      0.1489668224157047,
      0.14637070997205212,
      0.14435518618317955,
      0.1424453843740111,
      0.140835888712397,
      0.13915937192027797,
      0.1378976276510241,
      0.13649775446240653,
      0.1490460163803434,
      0.14401249129203597,
      0.14083851594418306,
      0.1386439032764463,
      0.13671723229635413,
      0.13480121986219518,
      0.1334850240900388,
      0.1318182099565282,
      0.13060112093275583,
      0.129451650140005
    ],
    "train_accuracy": [
      0.8254425,
      0.85786125,
      0.8718225,
      0.88019625,
      0.88731,
      0.8925825,
      0.89690875,
      0.90076,
      0.9032225,
      0.90666375,
      0.90460625,
      0.90881125,
      0.91173125,
      0.9139925,
      0.9158425,
      0.9174875,
      0.91925625,
      0.92048,
      0.92162,
      0.92288,
      0.9182525,
      0.92108,
      0.92283625,
      0.9245575,
      0.925625,
      0.926915,
      0.9279725,
      0.92856125,
      0.9296325,
      0.93037375,
      0.92569875,
      0.9281425,
      0.9298225,
      0.931495,
      0.932335,
      0.933205,
      0.9339925,
      0.93489125,
      0.93547125,
      0.93601,
      0.9302,
      0.9325725,
      0.9340725,
      0.9351725,
      0.93643625,
      0.93722375,
      0.93791875,
      0.9383175,
      0.939195,
      0.93974375
    ],
    "val_accuracy": [
      NaN,
      NaN,
      NaN,
      NaN,
      NaN,
      NaN,
      NaN,
      NaN,
      NaN,
      0.90289,
      NaN,
      NaN,
      NaN,
      NaN,
      NaN,
      NaN,
      NaN,
      NaN,
      NaN,
      0.91541,
      NaN,
      NaN,
      NaN,
      NaN,
      NaN,
      NaN,
      NaN,
      NaN,
      NaN,
      0.9237,
      NaN,
      NaN,
      NaN,
      NaN,
      NaN,
      NaN,
      NaN,
      NaN,
      NaN,
      0.92871,
      NaN,
      NaN,
      NaN,
      NaN,
      NaN,
      NaN,
      NaN,
      NaN,
      NaN,
      0.93248
    ],
    "epoch_time_seconds": [
      30.414106130599976,
      29.164658546447754,
      29.631819009780884,
      29.69394588470459,
      29.772584676742554,
      29.919583559036255,
      30.02399444580078,
      30.359020709991455,
      30.46046543121338,
      31.1564781665802,
      31.03777575492859,
      30.45632576942444,
      30.79744052886963,
      30.38249135017395,
      30.663689374923706,
      29.69875717163086,
      29.898534536361694,
      29.424967765808105,
      30.234652280807495,
      31.285496711730957,
      30.074394702911377,
      29.17494773864746,
      29.251644134521484,
      28.34571099281311,
      29.331677675247192,
      29.48501181602478,
      29.803457736968994,
      29.650235652923584,
      29.66680073738098,
      29.095458507537842,
      30.677572011947632,
      29.40724229812622,
      29.837852954864502,
      28.626249313354492,
      29.066040992736816,
      28.836705207824707,
      29.087867736816406,
      28.08122420310974,
      27.726794481277466,
      30.81153702735901,
      30.58302402496338,
      28.599496841430664,
      29.0322527885437,
      29.531501054763794,
      30.067346811294556,
      29.805123329162598,
      29.69487476348877,
      29.214961290359497,
      29.493430614471436,
      30.518166065216064
    ],
    "learning_rate": [
      0.001,
      0.001,
      0.001,
      0.001,
      0.001,
      0.001,
      0.001,
      0.001,
      0.001,
      0.001,
      0.001,
      0.001,
      0.001,
      0.001,
      0.001,
      0.001,
      0.001,
      0.001,
      0.001,
      0.001,
      0.001,
      0.001,
      0.001,
      0.001,
      0.001,
      0.001,
      0.001,
      0.001,
      0.001,
      0.001,
      0.001,
      0.001,
      0.001,
      0.001,
      0.001,
      0.001,
      0.001,
      0.001,
      0.001,
      0.001,
      0.001,
      0.001,
      0.001,
      0.001,
      0.001,
      0.001,
      0.001,
      0.001,
      0.001,
      0.001
    ],
    "gpu_memory_mb": [
      0.0,
      0.0,
      0.0,
      0.0,
      0.0,
      0.0,
      0.0,
      0.0,
      0.0,
      0.0,
      0.0,
      0.0,
      0.0,
      0.0,
      0.0,
      0.0,
      0.0,
      0.0,
      0.0,
      0.0,
      0.0,
      0.0,
      0.0,
      0.0,
      0.0,
      0.0,
      0.0,
      0.0,
      0.0,
      0.0,
      0.0,
      0.0,
      0.0,
      0.0,
      0.0,
      0.0,
      0.0,
      0.0,
      0.0,
      0.0,
      0.0,
      0.0,
      0.0,
      0.0,
      0.0,
      0.0,
      0.0,
      0.0,
      0.0,
      0.0
    ],
    "train_block_idx": [
      0,
      0,
      0,
      0,
      0,
      0,
      0,
      0,
      0,
      0,
      1,
      1,
      1,
      1,
      1,
      1,
      1,
      1,
      1,
      1,
      2,
      2,
      2,
      2,
      2,
      2,
      2,
      2,
      2,
      2,
      3,
      3,
      3,
      3,
      3,
      3,
      3,
      3,
      3,
      3,
      4,
      4,
      4,
      4,
      4,
      4,
      4,
      4,
      4,
      4
    ],
    "train_samples": [
      800000,
      800000,
      800000,
      800000,
      800000,
      800000,
      800000,
      800000,
      800000,
      800000,
      800000,
      800000,
      800000,
      800000,
      800000,
      800000,
      800000,
      800000,
      800000,
      800000,
      800000,
      800000,
      800000,
      800000,
      800000,
      800000,
      800000,
      800000,
      800000,
      800000,
      800000,
      800000,
      800000,
      800000,
      800000,
      800000,
      800000,
      800000,
      800000,
      800000,
      800000,
      800000,
      800000,
      800000,
      800000,
      800000,
      800000,
      800000,
      800000,
      800000
    ]
  },
  "final_metrics": {
    "final_loss": 0.129451650140005,
    "train_accuracy": 0.9332,
    "val_accuracy": 0.93248,
    "test_accuracy": 0.93269,