{
  "split_name": "b3_balanced",
  "split_config": {
    "d3": 0.0,
    "d5": 0.5,
    "d7": 0.5
  },
  "hyperparams": {
    "phi_hidden": [
      128,
      128
    ],
    "rho_hidden": [
      128,
      64
    ],
    "pool": "mean",
    "dropout": 0.0,
    "learning_rate": 0.001
  },
  "training_config": {
    "total_samples": 1000000,
    "epochs": 50,
    "batch_size": 256,
    "refresh_every": 10,
    "validate_every": 10,
    "train_samples_per_block": 800000,
    "eval_total": 200000,
    "p_values": [
      0.001,
      0.003,
      0.005,
      0.007
    ],
    "p_weights": [
      0.25,
      0.25,
      0.25,
      0.25
    ]
  },
  "epoch_metrics": {
    "epochs": [
      1,
      2,
      3,
      4,
      5,
      6,
      7,
      8,
      9,
      10,
      11,
      12,
      13,
      14,
      15,
      16,
      17,
      18,
      19,
      20,
      21,
      22,
      23,
      24,
      25,
      26,
      27,
      28,
      29,
      30,
      31,
      32,
      33,
      34,
      35,
      36,
      37,
      38,
      39,
      40,
      41,
      42,
      43,
      44,
      45,
      46,
      47,
      48,
      49,
      50
    ],
    "train_loss": [
      0.3718977923232702,
      0.31060300054778217,
      0.2810128242163535,
      0.2616951430141354,
      0.24922387074304939,
      0.2399099140868344,
      0.23239067154421078,
      0.2256706135820595,
      0.2205589283793993,
      0.21542597923401602,
      0.21950731054425088,
      0.21222540251290997,
      0.20698883243129182,
      0.20234049536807372,
      0.19890432011500545,
      0.19517204194059756,
      0.19246675596546836,
      0.18947884337100668,
      0.1870793167856818,
      0.18453431365652795,
      0.19462340828972755,
      0.18804275164510567,
      0.18396205624406983,
      0.18072490767597846,
      0.1777815073907318,
      0.17541472099826302,
      0.1731642059486071,
      0.17121787825557602,
      0.169352983063181,
      0.16738103051036501,
      0.17902472029992464,
      0.17289672864413919,
      0.16946129571176918,
      0.16642732423106332,
      0.16408099945675123,
      0.16180394955041388,
      0.1598422215394652,
      0.15803249214161533,
      0.15626548265624773,
      0.1548625300277885,
      0.16779468121556465,
      0.16214756569536123,
      0.15879564996515605,
      0.15654642472516742,
      0.1540082513663968,
      0.15218514459766566,
      0.1505184106359536,
      0.14869001512764282,
      0.14728851646294558,
      0.1458056031720938
    ],
    "train_accuracy": [
      0.80166375,
      0.83813,
      0.8572925,
      0.86847375,
      0.87505625,
      0.88037,
      0.88452875,
      0.88839875,
      0.89150125,
      0.894195,
      0.89251,
      0.89605625,
      0.8986725,
      0.90126375,
      0.90323375,
      0.90529375,
      0.9066125,
      0.90835875,
      0.90903875,
      0.9108425,
      0.90576625,
      0.9093775,
      0.9112775,
      0.9129925,
      0.91480625,
      0.9156775,
      0.91700625,
      0.91818875,
      0.91891125,
      0.91968875,
      0.9145225,
      0.9176575,
      0.919355,
      0.9208275,
      0.9222825,
      0.92334875,
      0.9244625,
      0.9254675,
      0.92610875,
      0.92671125,
      0.92046125,
      0.92341,
      0.9248625,
      0.92579625,
      0.927205,
      0.92829375,
      0.92905125,
      0.930075,
      0.93074125,
      0.9314875
    ],
    "val_accuracy": [
      NaN,
      NaN,
      NaN,
      NaN,
      NaN,
      NaN,
      NaN,
      NaN,
      NaN,
      0.88958,
      NaN,
      NaN,
      NaN,
      NaN,
      NaN,
      NaN,
      NaN,
      NaN,
      NaN,
      0.90429,
      NaN,
      NaN,
      NaN,
      NaN,
      NaN,
      NaN,
      NaN,
      NaN,
      NaN,
      0.91369,
      NaN,
      NaN,
      NaN,
      NaN,
      NaN,
      NaN,
      NaN,
      NaN,
      NaN,
      0.91939,
      NaN,
      NaN,
      NaN,
      NaN,
      NaN,
      NaN,
      NaN,
      NaN,
      NaN,
      0.92435
    ],
    "epoch_time_seconds": [
      32.076849937438965,
      32.5276734828949,
      32.514408588409424,
      32.1557412147522,
      33.35959005355835,
      33.49269342422485,
      30.83482074737549,
      33.28921818733215,
      32.94541788101196,
      31.69163942337036,
      34.26207780838013,
      31.933598518371582,
      32.22746157646179,
      31.611597299575806,
      31.84973120689392,
      33.21585297584534,
      31.723100185394287,
      31.369215965270996,
      31.642853260040283,
      33.41612935066223,
      33.01006078720093,
      32.7202570438385,
      33.67142724990845,
      33.15415358543396,
      32.023064374923706,
      32.51316571235657,
      32.71284246444702,
      33.43976855278015,
      33.637789726257324,
      34.55920457839966,
      32.095587491989136,
      31.460206031799316,
      31.172302722930908,
      30.51446509361267,
      30.48437809944153,
      30.181599617004395,
      30.17940044403076,
      29.407618761062622,
      30.267920970916748,
      30.75269389152527,
      30.46205973625183,
      29.541183471679688,
      29.942911624908447,
      29.92436408996582,
      30.53055214881897,
      30.786452293395996,
      30.585578203201294,
      30.527225255966187,
      31.338765859603882,
      32.62794637680054
    ],
    "learning_rate": [
      0.001,
      0.001,
      0.001,
      0.001,
      0.001,
      0.001,
      0.001,
      0.001,
      0.001,
      0.001,
      0.001,
      0.001,
      0.001,
      0.001,
      0.001,
      0.001,
      0.001,
      0.001,
      0.001,
      0.001,
      0.001,
      0.001,
      0.001,
      0.001,
      0.001,
      0.001,
      0.001,
      0.001,
      0.001,
      0.001,
      0.001,
      0.001,
      0.001,
      0.001,
      0.001,
      0.001,
      0.001,
      0.001,
      0.001,
      0.001,
      0.001,
      0.001,
      0.001,
      0.001,
      0.001,
      0.001,
      0.001,
      0.001,
      0.001,
      0.001
    ],
    "gpu_memory_mb": [
      0.0,
      0.0,
      0.0,
      0.0,
      0.0,
      0.0,
      0.0,
      0.0,
      0.0,
      0.0,
      0.0,
      0.0,
      0.0,
      0.0,
      0.0,
      0.0,
      0.0,
      0.0,
      0.0,
      0.0,
      0.0,
      0.0,
      0.0,
      0.0,
      0.0,
      0.0,
      0.0,
      0.0,
      0.0,
      0.0,
      0.0,
      0.0,
      0.0,
      0.0,
      0.0,
      0.0,
      0.0,
      0.0,
      0.0,
      0.0,
      0.0,
      0.0,
      0.0,
      0.0,
      0.0,
      0.0,
      0.0,
      0.0,
      0.0,
      0.0
    ],
    "train_block_idx": [
      0,
      0,
      0,
      0,
      0,
      0,
      0,
      0,
      0,
      0,
      1,
      1,
      1,
      1,
      1,
      1,
      1,
      1,
      1,
      1,
      2,
      2,
      2,
      2,
      2,
      2,
      2,
      2,
      2,
      2,
      3,
      3,
      3,
      3,
      3,
      3,
      3,
      3,
      3,
      3,
      4,
      4,
      4,
      4,
      4,
      4,
      4,
      4,
      4,
      4
    ],
    "train_samples": [
      800000,
      800000,
      800000,
      800000,
      800000,
      800000,
      800000,
      800000,
      800000,
      800000,
      800000,
      800000,
      800000,
      800000,
      800000,
      800000,
      800000,
      800000,
      800000,
      800000,
      800000,
      800000,
      800000,
      800000,
      800000,
      800000,
      800000,
      800000,
      800000,
      800000,
      800000,
      800000,
      800000,
      800000,
      800000,
      800000,
      800000,
      800000,
      800000,
      800000,
      800000,
      800000,
      800000,
      800000,
      800000,
      800000,
      800000,
      800000,
      800000,
      800000
    ]
  },
  "final_metrics": {
    "final_loss": 0.1458056031720938,
    "train_accuracy": 0.9256,
    "val_accuracy": 0.92435,
    "test_accuracy": 0.92539,