{
  "split_name": "b5_d7heavy",
  "split_config": {
    "d3": 0.0,
    "d5": 0.2,
    "d7": 0.8
  },
  "hyperparams": {
    "phi_hidden": [
      128,
      128
    ],
    "rho_hidden": [
      128,
      64
    ],
    "pool": "mean",
    "dropout": 0.0,
    "learning_rate": 0.001
  },
  "training_config": {
    "total_samples": 1000000,
    "epochs": 50,
    "batch_size": 256,
    "refresh_every": 10,
    "validate_every": 10,
    "train_samples_per_block": 800000,
    "eval_total": 200000,
    "p_values": [
      0.001,
      0.003,
      0.005,
      0.007
    ],
    "p_weights": [
      0.25,
      0.25,
      0.25,
      0.25
    ]
  },
  "epoch_metrics": {
    "epochs": [
      1,
      2,
      3,
      4,
      5,
      6,
      7,
      8,
      9,
      10,
      11,
      12,
      13,
      14,
      15,
      16,
      17,
      18,
      19,
      20,
      21,
      22,
      23,
      24,
      25,
      26,
      27,
      28,
      29,
      30,
      31,
      32,
      33,
      34,
      35,
      36,
      37,
      38,
      39,
      40,
      41,
      42,
      43,
      44,
      45,
      46,
      47,
      48,
      49,
      50
    ],
    "train_loss": [
      0.4268448670101166,
      0.36302702100276946,
      0.32712657362937925,
      0.30467576595544815,
      0.29083955501317976,
      0.28112959074497224,
      0.273897304918766,
      0.2674494980120659,
      0.2622990626692772,
      0.25775025980472566,
      0.26278428116083147,
      0.25564313796758653,
      0.25061217391490936,
      0.24623070802927016,
      0.24243954940795898,
      0.2390753869855404,
      0.23598480239152908,
      0.23306260853767394,
      0.23038585141658782,
      0.22780049426317214,
      0.23641347410202027,
      0.22964456611156464,
      0.22549471184253692,
      0.22210886046409606,
      0.21914328716516496,
      0.2167776289820671,
      0.21447724420309067,
      0.2122279600894451,
      0.21056616021752358,
      0.20852193645119668,
      0.22088046049118043,
      0.2150691335582733,
      0.211498213480711,
      0.20871996173501015,
      0.20657563806653023,
      0.2042405139350891,
      0.20242910497665406,
      0.20087456733345985,
      0.19928157739520072,
      0.19764263680696487,
      0.2086944726526737,
      0.20312973405838014,
      0.19955250811576844,
      0.19698527128338814,
      0.19508892995119095,
      0.19343533116579056,
      0.19160541590213775,
      0.1898984203183651,
      0.18874177865862846,
      0.18747801418662072
    ],
    "train_accuracy": [
      0.76394,
      0.8060175,
      0.82831125,
      0.84206625,
      0.85076875,
      0.8563075,
      0.86085375,
      0.86431375,
      0.86746375,
      0.8701475,
      0.8674675,
      0.87130625,
      0.87416,
      0.8766125,
      0.87873875,
      0.88068875,
      0.8822025,
      0.8839125,
      0.8852275,
      0.8866175,
      0.88291625,
      0.88644125,
      0.88863,
      0.8905875,
      0.89206125,
      0.8935375,
      0.894565,
      0.8959175,
      0.89642875,
      0.8977,
      0.89155,
      0.894615,
      0.89673125,
      0.89806125,
      0.8990225,
      0.900545,
      0.901385,
      0.9022675,
      0.90278625,
      0.9039075,
      0.89880375,
      0.90173375,
      0.90347,
      0.9048275,
      0.9058075,
      0.9066325,
      0.9075675,
      0.90863875,
      0.90901875,
      0.90972625
    ],
    "val_accuracy": [
      NaN,
      NaN,
      NaN,
      NaN,
      NaN,
      NaN,
      NaN,
      NaN,
      NaN,
      0.86789,
      NaN,
      NaN,
      NaN,
      NaN,
      NaN,
      NaN,
      NaN,
      NaN,
      NaN,
      0.88192,
      NaN,
      NaN,
      NaN,
      NaN,
      NaN,
      NaN,
      NaN,
      NaN,
      NaN,
      0.89188,
      NaN,
      NaN,
      NaN,
      NaN,
      NaN,
      NaN,
      NaN,
      NaN,
      NaN,
      0.89806,
      NaN,
      NaN,
      NaN,
      NaN,
      NaN,
      NaN,
      NaN,
      NaN,
      NaN,
      0.90252
    ],
    "epoch_time_seconds": [
      36.68870830535889,
      36.10977482795715,
      36.96430063247681,
      34.64569163322449,
      35.30353927612305,
      37.92157602310181,
      37.93448877334595,
      38.052669048309326,
      38.05456066131592,
      38.072596073150635,
      36.09004759788513,
      34.75280213356018,
      34.52119255065918,
      35.00987696647644,
      35.19917273521423,
      35.595691442489624,
      34.77472805976868,
      35.62708234786987,
      35.61026954650879,
      36.685595989227295,
      37.802868604660034,
      34.901374101638794,
      35.72470164299011,
      36.25484371185303,
      36.942235708236694,
      37.446080684661865,
      37.396453619003296,
      37.49668908119202,
      37.395673990249634,
      38.680755853652954,
      38.13549542427063,
      37.02642560005188,
      35.77334475517273,
      35.159576654434204,
      34.68276906013489,
      35.004745960235596,
      34.85280251502991,
      35.309131383895874,
      35.168548583984375,
      36.23574876785278,
      37.07084655761719,
      35.804001569747925,
      36.80141878128052,
      37.33751392364502,
      36.464807987213135,
      36.69430088996887,
      37.16893291473389,
      37.70926523208618,
      37.678810834884644,
      39.184372901916504
    ],
    "learning_rate": [
      0.001,
      0.001,
      0.001,
      0.001,
      0.001,
      0.001,
      0.001,
      0.001,
      0.001,
      0.001,
      0.001,
      0.001,
      0.001,
      0.001,
      0.001,
      0.001,
      0.001,
      0.001,
      0.001,
      0.001,
      0.001,
      0.001,
      0.001,
      0.001,
      0.001,
      0.001,
      0.001,
      0.001,
      0.001,
      0.001,
      0.001,
      0.001,
      0.001,
      0.001,
      0.001,
      0.001,
      0.001,
      0.001,
      0.001,
      0.001,
      0.001,
      0.001,
      0.001,
      0.001,
      0.001,
      0.001,
      0.001,
      0.001,
      0.001,
      0.001
    ],
    "gpu_memory_mb": [
      0.0,
      0.0,
      0.0,
      0.0,
      0.0,
      0.0,
      0.0,
      0.0,
      0.0,
      0.0,
      0.0,
      0.0,
      0.0,
      0.0,
      0.0,
      0.0,
      0.0,
      0.0,
      0.0,
      0.0,
      0.0,
      0.0,
      0.0,
      0.0,
      0.0,
      0.0,
      0.0,
      0.0,
      0.0,
      0.0,
      0.0,
      0.0,
      0.0,
      0.0,
      0.0,
      0.0,
      0.0,
      0.0,
      0.0,
      0.0,
      0.0,
      0.0,
      0.0,
      0.0,
      0.0,
      0.0,
      0.0,
      0.0,
      0.0,
      0.0
    ],
    "train_block_idx": [
      0,
      0,
      0,
      0,
      0,
      0,
      0,
      0,
      0,
      0,
      1,
      1,
      1,
      1,
      1,
      1,
      1,
      1,
      1,
      1,
      2,
      2,
      2,
      2,
      2,
      2,
      2,
      2,
      2,
      2,
      3,
      3,
      3,
      3,
      3,
      3,
      3,
      3,
      3,
      3,
      4,
      4,
      4,
      4,
      4,
      4,
      4,
      4,
      4,
      4
    ],
    "train_samples": [
      800000,
      800000,
      800000,
      800000,
      800000,
      800000,
      800000,
      800000,
      800000,
      800000,
      800000,
      800000,
      800000,
      800000,
      800000,
      800000,
      800000,
      800000,
      800000,
      800000,
      800000,
      800000,
      800000,
      800000,
      800000,
      800000,
      800000,
      800000,
      800000,
      800000,
      800000,
      800000,
      800000,
      800000,
      800000,
      800000,
      800000,
      800000,
      800000,
      800000,
      800000,
      800000,
      800000,
      800000,
      800000,
      800000,
      800000,
      800000,
      800000,
      800000
    ]
  },
  "final_metrics": {
    "final_loss": 0.18747801418662072,
    "train_accuracy": 0.9016,
    "val_accuracy": 0.90252,
    "test_accuracy": 0.90191,