{
  "split_name": "c2_only_d5",
  "split_config": {
    "d3": 0.0,
    "d5": 1.0,
    "d7": 0.0
  },
  "hyperparams": {
    "phi_hidden": [
      128,
      128
    ],
    "rho_hidden": [
      128,
      64
    ],
    "pool": "mean",
    "dropout": 0.0,
    "learning_rate": 0.001
  },
  "training_config": {
    "total_samples": 1000000,
    "epochs": 50,
    "batch_size": 256,
    "refresh_every": 10,
    "validate_every": 10,
    "train_samples_per_block": 800000,
    "eval_total": 200000,
    "p_values": [
      0.001,
      0.003,
      0.005,
      0.007
    ],
    "p_weights": [
      0.25,
      0.25,
      0.25,
      0.25
    ]
  },
  "epoch_metrics": {
    "epochs": [
      1,
      2,
      3,
      4,
      5,
      6,
      7,
      8,
      9,
      10,
      11,
      12,
      13,
      14,
      15,
      16,
      17,
      18,
      19,
      20,
      21,
      22,
      23,
      24,
      25,
      26,
      27,
      28,
      29,
      30,
      31,
      32,
      33,
      34,
      35,
      36,
      37,
      38,
      39,
      40,
      41,
      42,
      43,
      44,
      45,
      46,
      47,
      48,
      49,
      50
    ],
    "train_loss": [
      0.23554571778297426,
      0.17506155376911164,
      0.15677373583316803,
      0.14364629984140395,
      0.1325397683262825,
      0.12378812427401542,
      0.11646232269406319,
      0.11113553008317947,
      0.10695045007228851,
      0.10345537396550178,
      0.10563424416542053,
      0.10141249548316002,
      0.09797506222844124,
      0.09553283423304558,
      0.09331605275392532,
      0.0915316752898693,
      0.08951899221897125,
      0.08810552514910698,
      0.08635764889001846,
      0.08508449119329453,
      0.09065847254574298,
      0.08704599678337574,
      0.08450283443570138,
      0.08272624182581902,
      0.08088234525620937,
      0.07951780186414718,
      0.07820755307435989,
      0.07711229882955552,
      0.07602291470527649,
      0.07523843483567239,
      0.08131328260302544,
      0.07766739315986633,
      0.07564270484447479,
      0.07414446604192257,
      0.07289068267345429,
      0.07176732016682624,
      0.07070546273171902,
      0.06990264481246472,
      0.06911864551961422,
      0.06823909888565541,
      0.076452026745677,
      0.07283976298213005,
      0.07118822468101978,
      0.06987283829927445,
      0.0686652123105526,
      0.06774573719263077,
      0.06679428070783615,
      0.06619625481307506,
      0.06547969331324101,
      0.06486332537293434
    ],
    "train_accuracy": [
      0.89004875,
      0.92178125,
      0.92956625,
      0.9356975,
      0.94114,
      0.94535375,
      0.94903625,
      0.95151625,
      0.95356375,
      0.95477625,
      0.95412375,
      0.95597125,
      0.9574775,
      0.958485,
      0.9596,
      0.960285,
      0.961435,
      0.96190375,
      0.96274375,
      0.96338125,
      0.9611125,
      0.96282,
      0.96394375,
      0.96488625,
      0.965695,
      0.96611125,
      0.96689,
      0.9674175,
      0.96783,
      0.96819875,
      0.96576875,
      0.96750625,
      0.96847625,
      0.96898875,
      0.96946375,
      0.96997625,
      0.97042125,
      0.9708125,
      0.97111875,
      0.9714775,
      0.96820125,
      0.9696375,
      0.97027375,
      0.9709325,
      0.971395,
      0.9718,
      0.9721875,
      0.9724075,
      0.97291625,
      0.9730675
    ],
    "val_accuracy": [
      NaN,
      NaN,
      NaN,
      NaN,
      NaN,
      NaN,
      NaN,
      NaN,
      NaN,
      0.95298,
      NaN,
      NaN,
      NaN,
      NaN,
      NaN,
      NaN,
      NaN,
      NaN,
      NaN,
      0.96139,
      NaN,
      NaN,
      NaN,
      NaN,
      NaN,
      NaN,
      NaN,
      NaN,
      NaN,
      0.96534,
      NaN,
      NaN,
      NaN,
      NaN,
      NaN,
      NaN,
      NaN,
      NaN,
      NaN,
      0.96704,
      NaN,
      NaN,
      NaN,
      NaN,
      NaN,
      NaN,
      NaN,
      NaN,
      NaN,
      0.96917
    ],
    "epoch_time_seconds": [
      22.745023727416992,
      23.646954774856567,
      22.384071350097656,
      22.46670627593994,
      22.33237862586975,
      23.418018102645874,
      23.129573822021484,
      23.294594287872314,
      23.005966663360596,
      24.08871078491211,
      24.120210886001587,
      23.594270944595337,
      23.0327410697937,
      22.7735812664032,
      22.62448215484619,
      22.531279802322388,
      22.925207376480103,
      22.727444887161255,
      21.970088720321655,
      22.772632837295532,
      23.192705631256104,
      23.341931581497192,
      23.340505123138428,
      23.683839321136475,
      23.368415355682373,
      22.46215844154358,
      23.479199647903442,
      22.013615608215332,
      22.059569597244263,
      23.22653341293335,
      22.93612813949585,
      22.076234102249146,
      22.227056741714478,
      22.323354244232178,
      21.72565770149231,
      21.831058740615845,
      22.847655534744263,
      22.342074871063232,
      22.492401599884033,
      23.428457975387573,
      23.220961332321167,
      21.966814756393433,
      21.874915838241577,
      21.634406805038452,
      22.196110486984253,
      22.6194167137146,
      22.701310634613037,
      22.4376118183136,
      22.243328094482422,
      23.732009172439575
    ],
    "learning_rate": [
      0.001,
      0.001,
      0.001,
      0.001,
      0.001,
      0.001,
      0.001,
      0.001,
      0.001,
      0.001,
      0.001,
      0.001,
      0.001,
      0.001,
      0.001,
      0.001,
      0.001,
      0.001,
      0.001,
      0.001,
      0.001,
      0.001,
      0.001,
      0.001,
      0.001,
      0.001,
      0.001,
      0.001,
      0.001,
      0.001,
      0.001,
      0.001,
      0.001,
      0.001,
      0.001,
      0.001,
      0.001,
      0.001,
      0.001,
      0.001,
      0.001,
      0.001,
      0.001,
      0.001,
      0.001,
      0.001,
      0.001,
      0.001,
      0.001,
      0.001
    ],
    "gpu_memory_mb": [
      0.0,
      0.0,
      0.0,
      0.0,
      0.0,
      0.0,
      0.0,
      0.0,
      0.0,
      0.0,
      0.0,
      0.0,
      0.0,
      0.0,
      0.0,
      0.0,
      0.0,
      0.0,
      0.0,
      0.0,
      0.0,
      0.0,
      0.0,
      0.0,
      0.0,
      0.0,
      0.0,
      0.0,
      0.0,
      0.0,
      0.0,
      0.0,
      0.0,
      0.0,
      0.0,
      0.0,
      0.0,
      0.0,
      0.0,
      0.0,
      0.0,
      0.0,
      0.0,
      0.0,
      0.0,
      0.0,
      0.0,
      0.0,
      0.0,
      0.0
    ],
    "train_block_idx": [
      0,
      0,
      0,
      0,
      0,
      0,
      0,
      0,
      0,
      0,
      1,
      1,
      1,
      1,
      1,
      1,
      1,
      1,
      1,
      1,
      2,
      2,
      2,
      2,
      2,
      2,
      2,
      2,
      2,
      2,
      3,
      3,
      3,
      3,
      3,
      3,
      3,
      3,
      3,
      3,
      4,
      4,
      4,
      4,
      4,
      4,
      4,
      4,
      4,
      4
    ],
    "train_samples": [
      800000,
      800000,
      800000,
      800000,
      800000,
      800000,
      800000,
      800000,
      800000,
      800000,
      800000,
      800000,
      800000,
      800000,
      800000,
      800000,
      800000,
      800000,
      800000,
      800000,
      800000,
      800000,
      800000,
      800000,
      800000,
      800000,
      800000,
      800000,
      800000,
      800000,
      800000,
      800000,
      800000,
      800000,
      800000,
      800000,
      800000,
      800000,
      800000,
      800000,
      800000,
      800000,
      800000,
      800000,
      800000,
      800000,
      800000,
      800000,
      800000,
      800000
    ]
  },
  "final_metrics": {
    "final_loss": 0.06486332537293434,
    "train_accuracy": 0.9668,
    "val_accuracy": 0.96917,
    "test_accuracy": 0.96879,