{
  "config_id": 45,
  "config": {
    "phi_hidden": [
      256,
      256
    ],
    "rho_hidden": [
      128
    ],
    "pool": "sum",
    "lr": 0.0005
  },
  "val_accuracy": 0.81016,
  "test_accuracy": 0.80778,
  "final_loss": 0.3363216136264801,
  "training_time_seconds": 706.8409414291382,
  "epochs": 10,
  "timestamp": "2026-01-26T05:46:36.211146"
}