{
  "3": {
    "simplenn": {
      "1": {
        "throughput_samples_per_sec": 781.1134483263284,
        "latency_per_sample_us": 1280.2237653732302,
        "mean_time_seconds": 12.8022376537323,
        "std_time_seconds": 1.7017160707950378
      },
      "8": {
        "throughput_samples_per_sec": 8086.63524919742,
        "latency_per_sample_us": 123.66082668304443,
        "mean_time_seconds": 1.2366082668304443,
        "std_time_seconds": 0.11303799768940939
      },
      "16": {
        "throughput_samples_per_sec": 17808.219294405764,
        "latency_per_sample_us": 56.15384578704834,
        "mean_time_seconds": 0.5615384578704834,
        "std_time_seconds": 0.01256710758276017
      },
      "32": {
        "throughput_samples_per_sec": 33776.883854917774,
        "latency_per_sample_us": 29.606046676635746,
        "mean_time_seconds": 0.29606046676635744,
        "std_time_seconds": 0.01693670588791994
      },
      "64": {
        "throughput_samples_per_sec": 44703.73717045641,
        "latency_per_sample_us": 22.369494438171387,
        "mean_time_seconds": 0.22369494438171386,
        "std_time_seconds": 0.05719028800442
      },
      "128": {
        "throughput_samples_per_sec": 119699.77340311985,
        "latency_per_sample_us": 8.35423469543457,
        "mean_time_seconds": 0.0835423469543457,
        "std_time_seconds": 0.001601391478294296
      },
      "256": {
        "throughput_samples_per_sec": 182922.53613265065,
        "latency_per_sample_us": 5.466794967651367,
        "mean_time_seconds": 0.05466794967651367,
        "std_time_seconds": 0.004565046816688023
      }
    },
    "graphsage": {
      "1": {
        "throughput_samples_per_sec": 294.93571107999,
        "latency_per_sample_us": 3390.5694103240967,
        "mean_time_seconds": 33.90569410324097,
        "std_time_seconds": 0.9481607351880742
      },
      "8": {
        "throughput_samples_per_sec": 1362.0652988478114,
        "latency_per_sample_us": 734.1791915893555,
        "mean_time_seconds": 7.3417919158935545,
        "std_time_seconds": 0.2467013880995058
      },
      "16": {
        "throughput_samples_per_sec": 2451.1781335132305,
        "latency_per_sample_us": 407.96708583831787,
        "mean_time_seconds": 4.079670858383179,
        "std_time_seconds": 0.21614631622237185
      },
      "32": {
        "throughput_samples_per_sec": 4869.38750888535,
        "latency_per_sample_us": 205.3646373748779,
        "mean_time_seconds": 2.053646373748779,
        "std_time_seconds": 0.0504106586493475
      },
      "64": {
        "throughput_samples_per_sec": 7439.972518442575,
        "latency_per_sample_us": 134.4090986251831,
        "mean_time_seconds": 1.344090986251831,
        "std_time_seconds": 0.11244765811412097
      },
      "128": {
        "throughput_samples_per_sec": 12031.603244958424,
        "latency_per_sample_us": 83.11444282531738,
        "mean_time_seconds": 0.8311444282531738,
        "std_time_seconds": 0.020854349503740113
      },
      "256": {
        "throughput_samples_per_sec": 16995.12477058852,
        "latency_per_sample_us": 58.84040355682372,
        "mean_time_seconds": 0.5884040355682373,
        "std_time_seconds": 0.014370904724611637
      }
    }
  },
  "5": {
    "simplenn": {
      "1": {
        "throughput_samples_per_sec": 1043.219770651052,
        "latency_per_sample_us": 958.5707902908325,
        "mean_time_seconds": 9.585707902908325,
        "std_time_seconds": 2.147891016260001
      },
      "8": {
        "throughput_samples_per_sec": 8265.384344045237,
        "latency_per_sample_us": 120.98650932312012,
        "mean_time_seconds": 1.2098650932312012,
        "std_time_seconds": 0.21530495404111719
      },
      "16": {
        "throughput_samples_per_sec": 20930.50667217587,
        "latency_per_sample_us": 47.7771520614624,
        "mean_time_seconds": 0.477771520614624,
        "std_time_seconds": 0.028409655192175406
      },
      "32": {
        "throughput_samples_per_sec": 42054.11332411164,
        "latency_per_sample_us": 23.77888679504395,
        "mean_time_seconds": 0.23778886795043946,
        "std_time_seconds": 0.006809072164325965
      },
      "64": {
        "throughput_samples_per_sec": 72150.63492773418,
        "latency_per_sample_us": 13.859891891479492,
        "mean_time_seconds": 0.13859891891479492,
        "std_time_seconds": 0.002896980895230454
      },
      "128": {
        "throughput_samples_per_sec": 140188.5489564832,
        "latency_per_sample_us": 7.1332502365112305,
        "mean_time_seconds": 0.07133250236511231,
        "std_time_seconds": 0.0008732368676047731
      },
      "256": {
        "throughput_samples_per_sec": 227883.43471618238,
        "latency_per_sample_us": 4.388208389282226,
        "mean_time_seconds": 0.04388208389282226,
        "std_time_seconds": 0.0016686963966836916
      }
    },
    "graphsage": {
      "1": {
        "throughput_samples_per_sec": 232.66838938557245,
        "latency_per_sample_us": 4297.962446212769,
        "mean_time_seconds": 42.97962446212769,
        "std_time_seconds": 2.1104499642043844
      },
      "8": {
        "throughput_samples_per_sec": 1674.014194244291,
        "latency_per_sample_us": 597.3664999008179,
        "mean_time_seconds": 5.973664999008179,
        "std_time_seconds": 0.11480732175769255
      },
      "16": {
        "throughput_samples_per_sec": 3140.1517812698567,
        "latency_per_sample_us": 318.45594406127935,
        "mean_time_seconds": 3.184559440612793,
        "std_time_seconds": 0.10438773685115912
      },
      "32": {
        "throughput_samples_per_sec": 5729.403937386115,
        "latency_per_sample_us": 174.5382261276245,
        "mean_time_seconds": 1.745382261276245,
        "std_time_seconds": 0.017987944709460413
      },
      "64": {
        "throughput_samples_per_sec": 9465.433586539026,
        "latency_per_sample_us": 105.64756393432617,
        "mean_time_seconds": 1.0564756393432617,
        "std_time_seconds": 0.008396966403464991
      },
      "128": {
        "throughput_samples_per_sec": 14189.876010312591,
        "latency_per_sample_us": 70.47277927398682,
        "mean_time_seconds": 0.7047277927398682,
        "std_time_seconds": 0.009387829880093505
      },
      "256": {
        "throughput_samples_per_sec": 19211.82798516152,
        "latency_per_sample_us": 52.05126762390137,
        "mean_time_seconds": 0.5205126762390136,
        "std_time_seconds": 0.001847003841441704
      }
    }
  },
  "7": {
    "simplenn": {
      "1": {
        "throughput_samples_per_sec": 703.1639154011144,
        "latency_per_sample_us": 1422.1435117721558,
        "mean_time_seconds": 14.221435117721558,
        "std_time_seconds": 0.1640314766761973
      },
      "8": {
        "throughput_samples_per_sec": 5624.392226821922,
        "latency_per_sample_us": 177.79698848724368,
        "mean_time_seconds": 1.7779698848724366,
        "std_time_seconds": 0.17888353933628826
      },
      "16": {
        "throughput_samples_per_sec": 10642.409888107002,
        "latency_per_sample_us": 93.96368026733398,
        "mean_time_seconds": 0.9396368026733398,
        "std_time_seconds": 0.007389322090613584
      },
      "32": {
        "throughput_samples_per_sec": 20283.56241361734,
        "latency_per_sample_us": 49.30100440979004,
        "mean_time_seconds": 0.4930100440979004,
        "std_time_seconds": 0.0033120038922512885
      },
      "64": {
        "throughput_samples_per_sec": 35443.634424648866,
        "latency_per_sample_us": 28.213810920715332,
        "mean_time_seconds": 0.2821381092071533,
        "std_time_seconds": 0.0026024580717163228
      },
      "128": {
        "throughput_samples_per_sec": 77805.05477308875,
        "latency_per_sample_us": 12.852635383605957,
        "mean_time_seconds": 0.12852635383605956,
        "std_time_seconds": 0.0056710513850488295
      },