{
  "3": {
    "simplenn": {
      "1": {
        "throughput_samples_per_sec": 2751.06278826674,
        "latency_per_sample_us": 363.4958839416504,
        "mean_time_seconds": 3.634958839416504,
        "std_time_seconds": 0.34535113038793364
      },
      "8": {
        "throughput_samples_per_sec": 25020.774566513985,
        "latency_per_sample_us": 39.96678829193116,
        "mean_time_seconds": 0.39966788291931155,
        "std_time_seconds": 0.03281984774211667
      },
      "16": {
        "throughput_samples_per_sec": 47636.44284915698,
        "latency_per_sample_us": 20.992331504821777,
        "mean_time_seconds": 0.20992331504821776,
        "std_time_seconds": 0.034835527480168584
      },
      "32": {
        "throughput_samples_per_sec": 84833.87801877699,
        "latency_per_sample_us": 11.78774356842041,
        "mean_time_seconds": 0.1178774356842041,
        "std_time_seconds": 0.030234872559253934
      },
      "64": {
        "throughput_samples_per_sec": 180293.00433032922,
        "latency_per_sample_us": 5.546526908874513,
        "mean_time_seconds": 0.05546526908874512,
        "std_time_seconds": 0.011159589171263444
      },
      "128": {
        "throughput_samples_per_sec": 330513.11712586327,
        "latency_per_sample_us": 3.0255985260009766,
        "mean_time_seconds": 0.030255985260009766,
        "std_time_seconds": 0.015072829464196111
      },
      "256": {
        "throughput_samples_per_sec": 816908.8260270024,
        "latency_per_sample_us": 1.2241268157958984,
        "mean_time_seconds": 0.012241268157958984,
        "std_time_seconds": 0.00203252853939172
      }
    },
    "graphsage": {
      "1": {
        "throughput_samples_per_sec": 520.4633400146271,
        "latency_per_sample_us": 1921.3649129867554,
        "mean_time_seconds": 19.213649129867555,
        "std_time_seconds": 0.40631476551762113
      },
      "8": {
        "throughput_samples_per_sec": 2056.817117017468,
        "latency_per_sample_us": 486.1880970001221,
        "mean_time_seconds": 4.861880970001221,
        "std_time_seconds": 0.35865285990891604
      },
      "16": {
        "throughput_samples_per_sec": 3044.841677385514,
        "latency_per_sample_us": 328.42430114746094,
        "mean_time_seconds": 3.2842430114746093,
        "std_time_seconds": 0.17855792620104943
      },
      "32": {
        "throughput_samples_per_sec": 4166.185497516452,
        "latency_per_sample_us": 240.02771854400632,
        "mean_time_seconds": 2.4002771854400633,
        "std_time_seconds": 0.04970802077107244
      },
      "64": {
        "throughput_samples_per_sec": 4800.029297053815,
        "latency_per_sample_us": 208.33206176757812,
        "mean_time_seconds": 2.0833206176757812,
        "std_time_seconds": 0.15715110392879575
      },
      "128": {
        "throughput_samples_per_sec": 5235.8834198830955,
        "latency_per_sample_us": 190.98973751068115,
        "mean_time_seconds": 1.9098973751068116,
        "std_time_seconds": 0.04441351636492343
      },
      "256": {
        "throughput_samples_per_sec": 5482.5724477801905,
        "latency_per_sample_us": 182.3961305618286,
        "mean_time_seconds": 1.8239613056182862,
        "std_time_seconds": 0.06111627372967788
      }
    }
  },
  "5": {
    "simplenn": {
      "1": {
        "throughput_samples_per_sec": 2967.916039509284,
        "latency_per_sample_us": 336.93675518035894,
        "mean_time_seconds": 3.369367551803589,
        "std_time_seconds": 0.12972828172916548
      },
      "8": {
        "throughput_samples_per_sec": 26133.139004266235,
        "latency_per_sample_us": 38.26559066772461,
        "mean_time_seconds": 0.3826559066772461,
        "std_time_seconds": 0.020505173086926048
      },
      "16": {
        "throughput_samples_per_sec": 50674.32807618238,
        "latency_per_sample_us": 19.733858108520508,
        "mean_time_seconds": 0.19733858108520508,
        "std_time_seconds": 0.02315748178511921
      },
      "32": {
        "throughput_samples_per_sec": 98931.17729002943,
        "latency_per_sample_us": 10.108036994934082,
        "mean_time_seconds": 0.10108036994934082,
        "std_time_seconds": 0.01074983681426663
      },
      "64": {
        "throughput_samples_per_sec": 183186.4977664572,
        "latency_per_sample_us": 5.458917617797852,
        "mean_time_seconds": 0.05458917617797852,
        "std_time_seconds": 0.009539707589277897
      },
      "128": {
        "throughput_samples_per_sec": 326792.5539706235,
        "latency_per_sample_us": 3.0600452423095708,
        "mean_time_seconds": 0.030600452423095705,
        "std_time_seconds": 0.006083422009532236
      },
      "256": {
        "throughput_samples_per_sec": 441160.1861279167,
        "latency_per_sample_us": 2.266750335693359,
        "mean_time_seconds": 0.022667503356933592,
        "std_time_seconds": 0.003175205641156904
      }
    },
    "graphsage": {
      "1": {
        "throughput_samples_per_sec": 386.9937359703371,
        "latency_per_sample_us": 2584.0211534500118,
        "mean_time_seconds": 25.84021153450012,
        "std_time_seconds": 0.8212805345941319
      },
      "8": {
        "throughput_samples_per_sec": 1727.3311589042994,
        "latency_per_sample_us": 578.9277839660645,
        "mean_time_seconds": 5.789277839660644,
        "std_time_seconds": 0.18942312610133347
      },
      "16": {
        "throughput_samples_per_sec": 2460.0151294627844,
        "latency_per_sample_us": 406.50156497955317,
        "mean_time_seconds": 4.065015649795532,
        "std_time_seconds": 0.06617252624123396
      },
      "32": {
        "throughput_samples_per_sec": 3045.949929665007,
        "latency_per_sample_us": 328.30480575561523,
        "mean_time_seconds": 3.2830480575561523,
        "std_time_seconds": 0.07890906734471406
      },
      "64": {
        "throughput_samples_per_sec": 3346.959701408357,
        "latency_per_sample_us": 298.77861976623535,
        "mean_time_seconds": 2.9877861976623534,
        "std_time_seconds": 0.026615368095858346
      },
      "128": {
        "throughput_samples_per_sec": 3773.5081108080067,
        "latency_per_sample_us": 265.00539302825933,
        "mean_time_seconds": 2.650053930282593,
        "std_time_seconds": 0.03669188634810821
      },
      "256": {
        "throughput_samples_per_sec": 3791.5739362269137,
        "latency_per_sample_us": 263.74271392822266,
        "mean_time_seconds": 2.6374271392822264,
        "std_time_seconds": 0.08592855679715336
      }
    }
  },
  "7": {
    "simplenn": {
      "1": {
        "throughput_samples_per_sec": 2964.213539130486,
        "latency_per_sample_us": 337.35761165618896,
        "mean_time_seconds": 3.37357611656189,
        "std_time_seconds": 0.1848723278905853
      },
      "8": {
        "throughput_samples_per_sec": 22173.25029839733,
        "latency_per_sample_us": 45.09938716888428,
        "mean_time_seconds": 0.45099387168884275,
        "std_time_seconds": 0.02684321615886839
      },
      "16": {
        "throughput_samples_per_sec": 50368.85244917306,
        "latency_per_sample_us": 19.85353946685791,
        "mean_time_seconds": 0.1985353946685791,
        "std_time_seconds": 0.022199325855020553
      },
      "32": {
        "throughput_samples_per_sec": 88017.22108180728,
        "latency_per_sample_us": 11.361413002014162,
        "mean_time_seconds": 0.1136141300201416,
        "std_time_seconds": 0.0188055553818368
      },
      "64": {
        "throughput_samples_per_sec": 152587.3948809439,
        "latency_per_sample_us": 6.553621292114258,
        "mean_time_seconds": 0.06553621292114258,
        "std_time_seconds": 0.011860399136715882
      },
      "128": {
        "throughput_samples_per_sec": 363391.1274531889,
        "latency_per_sample_us": 2.751855850219726,
        "mean_time_seconds": 0.027518558502197265,
        "std_time_seconds": 0.0016990267107099993
      },