{
  "3": {
    "simplenn": {
      "1": {
        "throughput_samples_per_sec": 3716.5381848392713,
        "latency_per_sample_us": 269.0675973892212,
        "mean_time_seconds": 2.690675973892212,
        "std_time_seconds": 0.08475265529309572
      },
      "8": {
        "throughput_samples_per_sec": 31850.167744208688,
        "latency_per_sample_us": 31.397008895874027,
        "mean_time_seconds": 0.31397008895874023,
        "std_time_seconds": 0.019168253763497307
      },
      "16": {
        "throughput_samples_per_sec": 59781.23421485021,
        "latency_per_sample_us": 16.727657318115234,
        "mean_time_seconds": 0.16727657318115235,
        "std_time_seconds": 0.016750313038828044
      },
      "32": {
        "throughput_samples_per_sec": 104875.95329182607,
        "latency_per_sample_us": 9.535074234008789,
        "mean_time_seconds": 0.09535074234008789,
        "std_time_seconds": 0.008342502406126225
      },
      "64": {
        "throughput_samples_per_sec": 205146.3848627223,
        "latency_per_sample_us": 4.874567985534669,
        "mean_time_seconds": 0.04874567985534668,
        "std_time_seconds": 0.00406880702644143
      },
      "128": {
        "throughput_samples_per_sec": 476464.10647303524,
        "latency_per_sample_us": 2.0987939834594727,
        "mean_time_seconds": 0.020987939834594727,
        "std_time_seconds": 0.0017651783471158374
      },
      "256": {
        "throughput_samples_per_sec": 916210.9972301589,
        "latency_per_sample_us": 1.091451644897461,
        "mean_time_seconds": 0.01091451644897461,
        "std_time_seconds": 0.0007592396792924076
      }
    },
    "graphsage": {
      "1": {
        "throughput_samples_per_sec": 887.8103628543936,
        "latency_per_sample_us": 1126.3666677474976,
        "mean_time_seconds": 11.263666677474976,
        "std_time_seconds": 0.20504840922921433
      },
      "8": {
        "throughput_samples_per_sec": 3863.456870863596,
        "latency_per_sample_us": 258.8355541229248,
        "mean_time_seconds": 2.588355541229248,
        "std_time_seconds": 0.08957275164694756
      },
      "16": {
        "throughput_samples_per_sec": 7182.810372788239,
        "latency_per_sample_us": 139.22127246856692,
        "mean_time_seconds": 1.392212724685669,
        "std_time_seconds": 0.04929074848996338
      },
      "32": {
        "throughput_samples_per_sec": 13485.908761224822,
        "latency_per_sample_us": 74.15147304534912,
        "mean_time_seconds": 0.7415147304534913,
        "std_time_seconds": 0.007974192642236819
      },
      "64": {
        "throughput_samples_per_sec": 22623.09165884391,
        "latency_per_sample_us": 44.20262336730957,
        "mean_time_seconds": 0.4420262336730957,
        "std_time_seconds": 0.012388287576600342
      },
      "128": {
        "throughput_samples_per_sec": 34965.901963183926,
        "latency_per_sample_us": 28.599290847778317,
        "mean_time_seconds": 0.2859929084777832,
        "std_time_seconds": 0.007232666256747161
      },
      "256": {
        "throughput_samples_per_sec": 52333.80106761202,
        "latency_per_sample_us": 19.10810947418213,
        "mean_time_seconds": 0.19108109474182128,
        "std_time_seconds": 0.005054688789639054
      }
    }
  },
  "5": {
    "simplenn": {
      "1": {
        "throughput_samples_per_sec": 3843.07126696418,
        "latency_per_sample_us": 260.2085494995117,
        "mean_time_seconds": 2.602085494995117,
        "std_time_seconds": 0.05585576150397242
      },
      "8": {
        "throughput_samples_per_sec": 33237.03164262558,
        "latency_per_sample_us": 30.086922645568848,
        "mean_time_seconds": 0.3008692264556885,
        "std_time_seconds": 0.007561825214679381
      },
      "16": {
        "throughput_samples_per_sec": 52343.3625464835,
        "latency_per_sample_us": 19.104619026184086,
        "mean_time_seconds": 0.19104619026184083,
        "std_time_seconds": 0.03718047468722952
      },
      "32": {
        "throughput_samples_per_sec": 113964.68926630427,
        "latency_per_sample_us": 8.774647712707521,
        "mean_time_seconds": 0.0877464771270752,
        "std_time_seconds": 0.005257857141743053
      },
      "64": {
        "throughput_samples_per_sec": 219393.52600623923,
        "latency_per_sample_us": 4.558019638061524,
        "mean_time_seconds": 0.04558019638061524,
        "std_time_seconds": 0.0012183286569435463
      },
      "128": {
        "throughput_samples_per_sec": 508823.5793641744,
        "latency_per_sample_us": 1.9653177261352535,
        "mean_time_seconds": 0.019653177261352538,
        "std_time_seconds": 0.0005332104017045318
      },
      "256": {
        "throughput_samples_per_sec": 747437.2636583636,
        "latency_per_sample_us": 1.337904930114746,
        "mean_time_seconds": 0.013379049301147462,
        "std_time_seconds": 0.0020491348645339767
      }
    },
    "graphsage": {
      "1": {
        "throughput_samples_per_sec": 568.3403904603026,
        "latency_per_sample_us": 1759.5089435577393,
        "mean_time_seconds": 17.595089435577393,
        "std_time_seconds": 0.10016938361505635
      },
      "8": {
        "throughput_samples_per_sec": 3706.0117509344764,
        "latency_per_sample_us": 269.83184814453125,
        "mean_time_seconds": 2.6983184814453125,
        "std_time_seconds": 0.08277674647838616
      },
      "16": {
        "throughput_samples_per_sec": 7135.059645387721,
        "latency_per_sample_us": 140.15299797058105,
        "mean_time_seconds": 1.4015299797058105,
        "std_time_seconds": 0.03856423515200739
      },
      "32": {
        "throughput_samples_per_sec": 13197.547108115381,
        "latency_per_sample_us": 75.77165603637695,
        "mean_time_seconds": 0.7577165603637696,
        "std_time_seconds": 0.008686140043981497
      },
      "64": {
        "throughput_samples_per_sec": 22419.357632003244,
        "latency_per_sample_us": 44.60431098937988,
        "mean_time_seconds": 0.4460431098937988,
        "std_time_seconds": 0.012530184581196376
      },
      "128": {
        "throughput_samples_per_sec": 33844.9571118481,
        "latency_per_sample_us": 29.546499252319336,
        "mean_time_seconds": 0.29546499252319336,
        "std_time_seconds": 0.022708871661755805
      },
      "256": {
        "throughput_samples_per_sec": 50732.31150332869,
        "latency_per_sample_us": 19.7113037109375,
        "mean_time_seconds": 0.197113037109375,
        "std_time_seconds": 0.004580572416291325
      }
    }
  },
  "7": {
    "simplenn": {
      "1": {
        "throughput_samples_per_sec": 3780.613062107978,
        "latency_per_sample_us": 264.5073652267456,
        "mean_time_seconds": 2.645073652267456,
        "std_time_seconds": 0.08678467609026708
      },
      "8": {
        "throughput_samples_per_sec": 33692.20346302472,
        "latency_per_sample_us": 29.68045711517334,
        "mean_time_seconds": 0.2968045711517334,
        "std_time_seconds": 0.004735163613075203
      },
      "16": {
        "throughput_samples_per_sec": 66224.54905361336,
        "latency_per_sample_us": 15.100140571594238,
        "mean_time_seconds": 0.1510014057159424,
        "std_time_seconds": 0.002337748231218898
      },
      "32": {
        "throughput_samples_per_sec": 116030.33500293511,
        "latency_per_sample_us": 8.618435859680178,
        "mean_time_seconds": 0.08618435859680176,
        "std_time_seconds": 0.0012626891101414834
      },
      "64": {
        "throughput_samples_per_sec": 201879.2566530133,
        "latency_per_sample_us": 4.953455924987793,
        "mean_time_seconds": 0.04953455924987793,
        "std_time_seconds": 0.0022374794605185123
      },
      "128": {
        "throughput_samples_per_sec": 420352.6537222666,
        "latency_per_sample_us": 2.378954887390137,
        "mean_time_seconds": 0.02378954887390137,