{
  "3": {
    "simplenn": {
      "1": {
        "throughput_samples_per_sec": 3978.5011839404197,
        "latency_per_sample_us": 251.35093688964844,
        "mean_time_seconds": 2.5135093688964845,
        "std_time_seconds": 0.02358725335301241
      },
      "8": {
        "throughput_samples_per_sec": 33977.45402075472,
        "latency_per_sample_us": 29.43128108978271,
        "mean_time_seconds": 0.2943128108978271,
        "std_time_seconds": 0.0004980127457888007
      },
      "16": {
        "throughput_samples_per_sec": 67930.4419369624,
        "latency_per_sample_us": 14.720940589904785,
        "mean_time_seconds": 0.14720940589904785,
        "std_time_seconds": 0.0006226487684624924
      },
      "32": {
        "throughput_samples_per_sec": 124128.77915734683,
        "latency_per_sample_us": 8.05614948272705,
        "mean_time_seconds": 0.08056149482727051,
        "std_time_seconds": 0.0007267466446171962
      },
      "64": {
        "throughput_samples_per_sec": 242506.15472320802,
        "latency_per_sample_us": 4.1236066818237305,
        "mean_time_seconds": 0.041236066818237306,
        "std_time_seconds": 0.0005728692049433127
      },
      "128": {
        "throughput_samples_per_sec": 533115.0524814619,
        "latency_per_sample_us": 1.8757677078247068,
        "mean_time_seconds": 0.01875767707824707,
        "std_time_seconds": 0.00022414357409210792
      },
      "256": {
        "throughput_samples_per_sec": 1008217.0706614233,
        "latency_per_sample_us": 0.9918498992919922,
        "mean_time_seconds": 0.009918498992919921,
        "std_time_seconds": 0.0002733834889326739
      }
    },
    "graphsage": {
      "1": {
        "throughput_samples_per_sec": 978.5606188900183,
        "latency_per_sample_us": 1021.9090986251832,
        "mean_time_seconds": 10.219090986251832,
        "std_time_seconds": 0.05055756113111786
      },
      "8": {
        "throughput_samples_per_sec": 4154.905688495636,
        "latency_per_sample_us": 240.679349899292,
        "mean_time_seconds": 2.40679349899292,
        "std_time_seconds": 0.02247552753846879
      },
      "16": {
        "throughput_samples_per_sec": 7803.7407312643045,
        "latency_per_sample_us": 128.14367294311523,
        "mean_time_seconds": 1.2814367294311524,
        "std_time_seconds": 0.006401992453943972
      },
      "32": {
        "throughput_samples_per_sec": 14090.08278549817,
        "latency_per_sample_us": 70.97190380096436,
        "mean_time_seconds": 0.7097190380096435,
        "std_time_seconds": 0.006088586838417288
      },
      "64": {
        "throughput_samples_per_sec": 24605.796081192068,
        "latency_per_sample_us": 40.640830993652344,
        "mean_time_seconds": 0.40640830993652344,
        "std_time_seconds": 0.007106297647902848
      },
      "128": {
        "throughput_samples_per_sec": 38638.28435605592,
        "latency_per_sample_us": 25.881066322326664,
        "mean_time_seconds": 0.2588106632232666,
        "std_time_seconds": 0.0015547574402654412
      },
      "256": {
        "throughput_samples_per_sec": 55022.765757488145,
        "latency_per_sample_us": 18.174295425415036,
        "mean_time_seconds": 0.18174295425415038,
        "std_time_seconds": 0.0009730115397402075
      }
    }
  },
  "5": {
    "simplenn": {
      "1": {
        "throughput_samples_per_sec": 4016.838854362604,
        "latency_per_sample_us": 248.95198345184326,
        "mean_time_seconds": 2.4895198345184326,
        "std_time_seconds": 0.011251066217197923
      },
      "8": {
        "throughput_samples_per_sec": 33764.860009959666,
        "latency_per_sample_us": 29.616589546203617,
        "mean_time_seconds": 0.29616589546203614,
        "std_time_seconds": 0.002449309775274912
      },
      "16": {
        "throughput_samples_per_sec": 67421.46226134548,
        "latency_per_sample_us": 14.832072257995604,
        "mean_time_seconds": 0.14832072257995604,
        "std_time_seconds": 0.0014015399327772776
      },
      "32": {
        "throughput_samples_per_sec": 121139.82172884092,
        "latency_per_sample_us": 8.254923820495605,
        "mean_time_seconds": 0.08254923820495605,
        "std_time_seconds": 0.0024244355035565636
      },
      "64": {
        "throughput_samples_per_sec": 247855.44350144602,
        "latency_per_sample_us": 4.034609794616699,
        "mean_time_seconds": 0.04034609794616699,
        "std_time_seconds": 0.0013983248111435333
      },
      "128": {
        "throughput_samples_per_sec": 502351.56311756384,
        "latency_per_sample_us": 1.9906377792358398,
        "mean_time_seconds": 0.019906377792358397,
        "std_time_seconds": 0.0006279724257681523
      },
      "256": {
        "throughput_samples_per_sec": 831807.0759955577,
        "latency_per_sample_us": 1.2022018432617188,
        "mean_time_seconds": 0.012022018432617188,
        "std_time_seconds": 0.0005375488302765928
      }
    },
    "graphsage": {
      "1": {
        "throughput_samples_per_sec": 610.8362844801338,
        "latency_per_sample_us": 1637.0998668670654,
        "mean_time_seconds": 16.370998668670655,
        "std_time_seconds": 0.0317699739874694
      },
      "8": {
        "throughput_samples_per_sec": 4008.6155476714757,
        "latency_per_sample_us": 249.46268558502194,
        "mean_time_seconds": 2.49462685585022,
        "std_time_seconds": 0.023822765375435897
      },
      "16": {
        "throughput_samples_per_sec": 7692.4546963947305,
        "latency_per_sample_us": 129.99751567840576,
        "mean_time_seconds": 1.2999751567840576,
        "std_time_seconds": 0.003329532504080768
      },
      "32": {
        "throughput_samples_per_sec": 13977.986633294337,
        "latency_per_sample_us": 71.54106140136719,
        "mean_time_seconds": 0.7154106140136719,
        "std_time_seconds": 0.004560468707907917
      },
      "64": {
        "throughput_samples_per_sec": 24310.01989405448,
        "latency_per_sample_us": 41.13530158996582,
        "mean_time_seconds": 0.4113530158996582,
        "std_time_seconds": 0.0026546248348505008
      },
      "128": {
        "throughput_samples_per_sec": 37485.13528078657,
        "latency_per_sample_us": 26.67724132537842,
        "mean_time_seconds": 0.2667724132537842,
        "std_time_seconds": 0.0015659302189899122
      },
      "256": {
        "throughput_samples_per_sec": 52917.18593832125,
        "latency_per_sample_us": 18.89745235443115,
        "mean_time_seconds": 0.18897452354431152,
        "std_time_seconds": 0.001538135792015562
      }
    }
  },
  "7": {
    "simplenn": {
      "1": {
        "throughput_samples_per_sec": 4008.5449791710303,
        "latency_per_sample_us": 249.46707725524902,
        "mean_time_seconds": 2.49467077255249,
        "std_time_seconds": 0.023101687364395523
      },
      "8": {
        "throughput_samples_per_sec": 33797.2639898767,
        "latency_per_sample_us": 29.58819389343262,
        "mean_time_seconds": 0.2958819389343262,
        "std_time_seconds": 0.002039766888505022
      },
      "16": {
        "throughput_samples_per_sec": 67565.75988411879,
        "latency_per_sample_us": 14.800395965576172,
        "mean_time_seconds": 0.1480039596557617,
        "std_time_seconds": 0.0014967522869614172
      },
      "32": {
        "throughput_samples_per_sec": 119605.49586486984,
        "latency_per_sample_us": 8.360819816589357,
        "mean_time_seconds": 0.08360819816589356,
        "std_time_seconds": 0.0012559765237254985
      },
      "64": {
        "throughput_samples_per_sec": 210782.60310210907,
        "latency_per_sample_us": 4.744224548339844,
        "mean_time_seconds": 0.04744224548339844,
        "std_time_seconds": 0.0007216059664047397
      },
      "128": {
        "throughput_samples_per_sec": 433641.70598866034,
        "latency_per_sample_us": 2.306051254272461,
        "mean_time_seconds": 0.02306051254272461,