{
  "3": {
    "simplenn": {
      "1": {
        "throughput_samples_per_sec": 4040.8124461721677,
        "latency_per_sample_us": 247.47498512268066,
        "mean_time_seconds": 2.4747498512268065,
        "std_time_seconds": 0.022411304458822345
      },
      "8": {
        "throughput_samples_per_sec": 35116.40403275217,
        "latency_per_sample_us": 28.476719856262203,
        "mean_time_seconds": 0.28476719856262206,
        "std_time_seconds": 0.006649066449329736
      },
      "16": {
        "throughput_samples_per_sec": 68355.09216675478,
        "latency_per_sample_us": 14.629487991333006,
        "mean_time_seconds": 0.14629487991333007,
        "std_time_seconds": 0.012628432281223675
      },
      "32": {
        "throughput_samples_per_sec": 125646.35481229004,
        "latency_per_sample_us": 7.958846092224122,
        "mean_time_seconds": 0.07958846092224121,
        "std_time_seconds": 0.001041706562403583
      },
      "64": {
        "throughput_samples_per_sec": 242305.2570768342,
        "latency_per_sample_us": 4.127025604248047,
        "mean_time_seconds": 0.04127025604248047,
        "std_time_seconds": 0.0023054770030732008
      },
      "128": {
        "throughput_samples_per_sec": 514606.9566284277,
        "latency_per_sample_us": 1.943230628967285,
        "mean_time_seconds": 0.01943230628967285,
        "std_time_seconds": 0.0010403520409703235
      },
      "256": {
        "throughput_samples_per_sec": 985508.390546948,
        "latency_per_sample_us": 1.014704704284668,
        "mean_time_seconds": 0.01014704704284668,
        "std_time_seconds": 0.00023434207621060755
      }
    },
    "graphsage": {
      "1": {
        "throughput_samples_per_sec": 596.5746642157466,
        "latency_per_sample_us": 1676.2361192703245,
        "mean_time_seconds": 16.762361192703246,
        "std_time_seconds": 2.2712488649152633
      },
      "8": {
        "throughput_samples_per_sec": 1635.7609808038915,
        "latency_per_sample_us": 611.336259841919,
        "mean_time_seconds": 6.113362598419189,
        "std_time_seconds": 0.7661819426369928
      },
      "16": {
        "throughput_samples_per_sec": 2457.206866098353,
        "latency_per_sample_us": 406.9661426544189,
        "mean_time_seconds": 4.069661426544189,
        "std_time_seconds": 0.4287747985514931
      },
      "32": {
        "throughput_samples_per_sec": 4158.337787971036,
        "latency_per_sample_us": 240.48070430755618,
        "mean_time_seconds": 2.4048070430755617,
        "std_time_seconds": 0.1945998846112728
      },
      "64": {
        "throughput_samples_per_sec": 5350.093465506695,
        "latency_per_sample_us": 186.91262245178223,
        "mean_time_seconds": 1.8691262245178222,
        "std_time_seconds": 0.0379443334844291
      },
      "128": {
        "throughput_samples_per_sec": 6098.023168249682,
        "latency_per_sample_us": 163.98756980895996,
        "mean_time_seconds": 1.6398756980895997,
        "std_time_seconds": 0.024548951586683982
      },
      "256": {
        "throughput_samples_per_sec": 6379.470945045708,
        "latency_per_sample_us": 156.75281047821048,
        "mean_time_seconds": 1.5675281047821046,
        "std_time_seconds": 0.022734128721784694
      }
    }
  },
  "5": {
    "simplenn": {
      "1": {
        "throughput_samples_per_sec": 3744.0009500539522,
        "latency_per_sample_us": 267.09394931793213,
        "mean_time_seconds": 2.670939493179321,
        "std_time_seconds": 0.062426194661343894
      },
      "8": {
        "throughput_samples_per_sec": 32879.34281199444,
        "latency_per_sample_us": 30.414233207702633,
        "mean_time_seconds": 0.30414233207702634,
        "std_time_seconds": 0.002955044149939266
      },
      "16": {
        "throughput_samples_per_sec": 63057.86530469144,
        "latency_per_sample_us": 15.858449935913084,
        "mean_time_seconds": 0.15858449935913085,
        "std_time_seconds": 0.0011006693685671014
      },
      "32": {
        "throughput_samples_per_sec": 111633.76982859576,
        "latency_per_sample_us": 8.957862854003906,
        "mean_time_seconds": 0.08957862854003906,
        "std_time_seconds": 0.003981437643061034
      },
      "64": {
        "throughput_samples_per_sec": 232446.8774904207,
        "latency_per_sample_us": 4.302058219909668,
        "mean_time_seconds": 0.04302058219909668,
        "std_time_seconds": 0.002394391383426262
      },
      "128": {
        "throughput_samples_per_sec": 467974.31125511567,
        "latency_per_sample_us": 2.136869430541992,
        "mean_time_seconds": 0.021368694305419923,
        "std_time_seconds": 0.0013352067575030657
      },
      "256": {
        "throughput_samples_per_sec": 782385.1130029921,
        "latency_per_sample_us": 1.2781429290771484,
        "mean_time_seconds": 0.012781429290771484,
        "std_time_seconds": 0.0007681054424305864
      }
    },
    "graphsage": {
      "1": {
        "throughput_samples_per_sec": 503.9705083319524,
        "latency_per_sample_us": 1984.2430925369265,
        "mean_time_seconds": 19.842430925369264,
        "std_time_seconds": 0.6775434726864634
      },
      "8": {
        "throughput_samples_per_sec": 2215.34960790573,
        "latency_per_sample_us": 451.3960218429565,
        "mean_time_seconds": 4.513960218429565,
        "std_time_seconds": 0.09759336915947919
      },
      "16": {
        "throughput_samples_per_sec": 3088.965691575771,
        "latency_per_sample_us": 323.7329578399658,
        "mean_time_seconds": 3.2373295783996583,
        "std_time_seconds": 0.09471132345786687
      },
      "32": {
        "throughput_samples_per_sec": 3916.7487686201102,
        "latency_per_sample_us": 255.31379699707034,
        "mean_time_seconds": 2.5531379699707033,
        "std_time_seconds": 0.0151814331000439
      },
      "64": {
        "throughput_samples_per_sec": 4459.031624234766,
        "latency_per_sample_us": 224.26393985748294,
        "mean_time_seconds": 2.242639398574829,
        "std_time_seconds": 0.03382541486965336
      },
      "128": {
        "throughput_samples_per_sec": 4737.4141372037775,
        "latency_per_sample_us": 211.08561992645264,
        "mean_time_seconds": 2.1108561992645263,
        "std_time_seconds": 0.020143624775320966
      },
      "256": {
        "throughput_samples_per_sec": 4940.841655782447,
        "latency_per_sample_us": 202.39466667175293,
        "mean_time_seconds": 2.023946666717529,
        "std_time_seconds": 0.008030302934769187
      }
    }
  },
  "7": {
    "simplenn": {
      "1": {
        "throughput_samples_per_sec": 4073.366877936783,
        "latency_per_sample_us": 245.4971599578857,
        "mean_time_seconds": 2.4549715995788572,
        "std_time_seconds": 0.012880090489358854
      },
      "8": {
        "throughput_samples_per_sec": 34814.28002497416,
        "latency_per_sample_us": 28.723845481872555,
        "mean_time_seconds": 0.28723845481872556,
        "std_time_seconds": 0.0026965985238573353
      },
      "16": {
        "throughput_samples_per_sec": 68926.24506056163,
        "latency_per_sample_us": 14.508261680603026,
        "mean_time_seconds": 0.14508261680603027,
        "std_time_seconds": 0.0026986628588085496
      },
      "32": {
        "throughput_samples_per_sec": 119897.0686519618,
        "latency_per_sample_us": 8.340487480163574,
        "mean_time_seconds": 0.08340487480163575,
        "std_time_seconds": 0.0008212217343892684
      },
      "64": {
        "throughput_samples_per_sec": 210592.10552741616,
        "latency_per_sample_us": 4.748516082763672,
        "mean_time_seconds": 0.04748516082763672,
        "std_time_seconds": 0.0013326377625062634
      },
      "128": {
        "throughput_samples_per_sec": 429690.55097621,
        "latency_per_sample_us": 2.327256202697754,
        "mean_time_seconds": 0.02327256202697754,