{
  "split_name": "baseline_33_33_33",
  "split_config": {
    "d3": 0.33,
    "d5": 0.33,
    "d7": 0.34,
    "hypothesis": "Reference baseline for comparison"
  },
  "hyperparams": {
    "num_layers": 5,
    "hidden_dim": 128,
    "learning_rate": 0.0005,
    "dropout": 0.0,
    "aggr": "max"
  },
  "training_config": {
    "total_samples": 1000000,
    "epochs": 50,
    "batch_size": 256,
    "p_values": [
      0.001,
      0.003,
      0.005,
      0.007
    ],
    "p_weights": [
      0.25,
      0.25,
      0.25,
      0.25
    ]
  },
  "metrics": {
    "epoch_losses": [
      0.22366741124629974,
      0.16068842510461806,
      0.14718478276968003,
      0.139053251953125,
      0.13272282063245774,
      0.12795004195928575,
      0.1234551366508007,
      0.12010145999670029,
      0.11740512481212616,
      0.11457268656253815,
      0.1116806349503994,
      0.10944264276027679,
      0.10742604478240013,
      0.10548059198737145,
      0.10324802810311318,
      0.10148487021446229,
      0.09966501503705978,
      0.0976888349366188,
      0.09608530729651452,
      0.09433405854344368,
      0.09259034520030021,
      0.09094322496414184,
      0.08948406084179879,
      0.08798808079838753,
      0.08673047768592834,
      0.08524563879847527,
      0.08369328376412391,
      0.08235692150354386,
      0.0811766553401947,
      0.0797883745265007,
      0.07869533721804618,
      0.07721473977804184,
      0.07660408895909786,
      0.0752901209539175,
      0.07438386632680893,
      0.07275268171072007,
      0.07190664119243621,
      0.07126264179646968,
      0.07019484175741672,
      0.06928210003077984,
      0.06822766162097454,
      0.06739780997097493,
      0.06654837524294853,
      0.06579025101661683,
      0.0647810736489296,
      0.06395900638103486,
      0.0632857655030489,
      0.06212571371793747,
      0.061648028848171235,
      0.06100148661971092
    ],
    "final_loss": 0.06100148661971092,
    "train_accuracy": 0.976,
    "val_accuracy": 0.94421,
    "test_accuracy": 0.94579,
    "training_time_seconds": 8898.250465154648
  },
  "timestamp": "2026-01-15T19:36:18.813585"
}