{
  "split_name": "no_d3_50_50",
  "split_config": {
    "d3": 0.0,
    "d5": 0.5,
    "d7": 0.5,
    "hypothesis": "Is d=3 useless? Tests if small codes add noise"
  },
  "hyperparams": {
    "num_layers": 5,
    "hidden_dim": 128,
    "learning_rate": 0.0005,
    "dropout": 0.0,
    "aggr": "max"
  },
  "training_config": {
    "total_samples": 1000000,
    "epochs": 50,
    "batch_size": 256,
    "p_values": [
      0.001,
      0.003,
      0.005,
      0.007
    ],
    "p_weights": [
      0.25,
      0.25,
      0.25,
      0.25
    ]
  },
  "metrics": {
    "epoch_losses": [
      0.267708857216835,
      0.20191573455333708,
      0.18411956526041032,
      0.172784690554142,
      0.16452574870586395,
      0.15794965240478515,
      0.15251662011623382,
      0.1477205031323433,
      0.14409790362119676,
      0.14020079734802246,
      0.13683394640684127,
      0.13398718252897263,
      0.13107118123292924,
      0.12852075798273085,
      0.1258352712202072,
      0.12335678498983384,
      0.12084611978650094,
      0.11906355577111244,
      0.11694188022851944,
      0.1147900252687931,
      0.11295081041574478,
      0.11127196346759796,
      0.10929411635994911,
      0.10743332547187805,
      0.10556995901823044,
      0.10383855139374733,
      0.10229732295513153,
      0.10106696512222291,
      0.09893724729061126,
      0.09756185991168022,
      0.0962880720436573,
      0.09482653626441956,
      0.09355996401786804,
      0.09233775157451629,
      0.09097725184440612,
      0.08957824616789818,
      0.08829274012088775,
      0.08736091565847397,
      0.08575035487890244,
      0.08463068405151367,
      0.08346340416908264,
      0.08264902028799057,
      0.0815285333865881,
      0.08033564429163932,
      0.07964033545136452,
      0.07854168163776398,
      0.07736076533675194,
      0.07663918639242649,
      0.07605113864898681,
      0.07468539690196514
    ],
    "final_loss": 0.07468539690196514,
    "train_accuracy": 0.9687,
    "val_accuracy": 0.92765,
    "test_accuracy": 0.92902,
    "training_time_seconds": 10273.761199474335
  },
  "timestamp": "2026-01-15T19:59:01.320028"
}