{
  "split_name": "no_d3_30_70",
  "split_config": {
    "d3": 0.0,
    "d5": 0.3,
    "d7": 0.7,
    "hypothesis": "Does more d=7 help extrapolation to larger distances?"
  },
  "hyperparams": {
    "num_layers": 5,
    "hidden_dim": 128,
    "learning_rate": 0.0005,
    "dropout": 0.0,
    "aggr": "max"
  },
  "training_config": {
    "total_samples": 1000000,
    "epochs": 50,
    "batch_size": 256,
    "p_values": [
      0.001,
      0.003,
      0.005,
      0.007
    ],
    "p_weights": [
      0.25,
      0.25,
      0.25,
      0.25
    ]
  },
  "metrics": {
    "epoch_losses": [
      0.2958106532096863,
      0.22745523666858672,
      0.20903511107444764,
      0.19699361977100371,
      0.18788013540029525,
      0.180903999376297,
      0.1750051313328743,
      0.1700853393793106,
      0.16562413764953612,
      0.16176170557260514,
      0.15809194028377532,
      0.15479917421579362,
      0.1518791864538193,
      0.14878317756175996,
      0.1461091712975502,
      0.1433341538977623,
      0.1409762159538269,
      0.1384651193833351,
      0.1364606662249565,
      0.1341860347533226,
      0.13246931102514267,
      0.1301665560746193,
      0.12814566935539246,
      0.1261950789809227,
      0.12430805946230888,
      0.12268815494298935,
      0.12109801184177399,
      0.11932189792633056,
      0.11772835005760193,
      0.11640787071704864,
      0.11490541963934899,
      0.11316819586396218,
      0.11203635821580887,
      0.11029633573293686,
      0.1090056597995758,
      0.10790692061066627,
      0.10674135991334915,
      0.10488974257230758,
      0.10379051086544991,
      0.10250154721975327,
      0.10141602870464325,
      0.10019117294669151,
      0.09916821571350097,
      0.09779562977433205,
      0.09731870819568635,
      0.09545670522332192,
      0.09457907601833343,
      0.09381513362050056,
      0.09273422455310822,
      0.09176558904647827
    ],
    "final_loss": 0.09176558904647827,
    "train_accuracy": 0.9613,
    "val_accuracy": 0.92171,
    "test_accuracy": 0.92144,
    "training_time_seconds": 11063.814342975616
  },
  "timestamp": "2026-01-15T20:11:03.533431"
}