{
  "split_name": "reversed_50_30_20",
  "split_config": {
    "d3": 0.5,
    "d5": 0.3,
    "d7": 0.2,
    "hypothesis": "Sanity check: direction should matter (expected worst)"
  },
  "hyperparams": {
    "num_layers": 5,
    "hidden_dim": 128,
    "learning_rate": 0.0005,
    "dropout": 0.0,
    "aggr": "max"
  },
  "training_config": {
    "total_samples": 1000000,
    "epochs": 50,
    "batch_size": 256,
    "p_values": [
      0.001,
      0.003,
      0.005,
      0.007
    ],
    "p_weights": [
      0.25,
      0.25,
      0.25,
      0.25
    ]
  },
  "metrics": {
    "epoch_losses": [
      0.1865966555929184,
      0.12772552834033965,
      0.11778193326830864,
      0.11154639209151268,
      0.10670055449724197,
      0.10264142861008645,
      0.099747622102499,
      0.09702306908726692,
      0.09465216061115266,
      0.09246048263907433,
      0.09035686844587326,
      0.08863583247542381,
      0.08694338373720646,
      0.08519933612942696,
      0.0833298549079895,
      0.08181039664804936,
      0.08067489592730999,
      0.07896014407038689,
      0.077391115026474,
      0.0759277625155449,
      0.07480541584134102,
      0.07339837859392166,
      0.07210046899616718,
      0.07110163536012172,
      0.06949274305820465,
      0.06817894869625568,
      0.0674864747864008,
      0.06602606892049312,
      0.06520388569355011,
      0.0643950801962614,
      0.0629645485574007,
      0.061981057440042495,
      0.06087467581391334,
      0.06006612395763397,
      0.05917222556859255,
      0.05834166301548481,
      0.057463525224328044,
      0.05679040028303862,
      0.05554251321703196,
      0.05526849026620388,
      0.05432605860292911,
      0.05371504098057747,
      0.052738544072806835,
      0.05244505581140518,
      0.0515445768815279,
      0.050717433499097825,
      0.05001511575937271,
      0.04948298344343901,
      0.049063688749969005,
      0.048366295940876006
    ],
    "final_loss": 0.048366295940876006,
    "train_accuracy": 0.981,
    "val_accuracy": 0.95504,
    "test_accuracy": 0.95388,
    "training_time_seconds": 7560.126131057739
  },
  "timestamp": "2026-01-15T22:08:19.324015"
}