{
  "split_name": "tiny_d3_10_40_50",
  "split_config": {
    "d3": 0.1,
    "d5": 0.4,
    "d7": 0.5,
    "hypothesis": "Does tiny d=3 help? Tests minimal contribution"
  },
  "hyperparams": {
    "num_layers": 5,
    "hidden_dim": 128,
    "learning_rate": 0.0005,
    "dropout": 0.0,
    "aggr": "max"
  },
  "training_config": {
    "total_samples": 1000000,
    "epochs": 50,
    "batch_size": 256,
    "p_values": [
      0.001,
      0.003,
      0.005,
      0.007
    ],
    "p_weights": [
      0.25,
      0.25,
      0.25,
      0.25
    ]
  },
  "metrics": {
    "epoch_losses": [
      0.2626234892177582,
      0.19657203244447707,
      0.1802208575963974,
      0.17000837521076204,
      0.16213381450891495,
      0.15598683589935303,
      0.15059005012750626,
      0.1461591684985161,
      0.1422630155825615,
      0.13854330039978027,
      0.13540230079174043,
      0.13242074192285538,
      0.12954239072322846,
      0.12693283148884774,
      0.12461044290065765,
      0.12249417343378068,
      0.12013216180324554,
      0.11785087283015251,
      0.11588381533265114,
      0.11379675360441208,
      0.11229671441078186,
      0.11032017018914222,
      0.10842241910338402,
      0.10687156127929688,
      0.10494333159685135,
      0.10337985998630524,
      0.10168655411720276,
      0.10018205523610114,
      0.0986105470752716,
      0.0974613458931446,
      0.09564019032239914,
      0.09445270079851151,
      0.09317977023124695,
      0.09182894880652427,
      0.09066146708607674,
      0.08954533846735954,
      0.08810554141402245,
      0.08672961442589759,
      0.08535673482656479,
      0.0848208897793293,
      0.08337890215158462,
      0.0824163323801756,
      0.08111702431917191,
      0.08041082197666168,
      0.07937623847723008,
      0.07815851475000382,
      0.07732955657601356,
      0.07638233261585235,
      0.07540598258972168,
      0.07447475216150284
    ],
    "final_loss": 0.07447475216150284,
    "train_accuracy": 0.968,
    "val_accuracy": 0.93329,
    "test_accuracy": 0.9336,
    "training_time_seconds": 10124.920647859573
  },
  "timestamp": "2026-01-15T22:39:31.037469"
}