Split,d3 %,d5 %,d7 %,Train Acc,Val Acc,Test Acc,Final Loss,Time (min)
no_d3_30_70,0.0,30.0,70.0,96.13000000000001,92.171,92.144,0.09176558904647827,184.39690571626028
