{
  "split_name": "a1_d3_00",
  "split_config": {
    "d3": 0.0,
    "d5": 0.5,
    "d7": 0.5
  },
  "hyperparams": {
    "phi_hidden": [
      128,
      128
    ],
    "rho_hidden": [
      128,
      64
    ],
    "pool": "mean",
    "dropout": 0.0,
    "learning_rate": 0.001
  },
  "training_config": {
    "total_samples": 1000000,
    "epochs": 50,
    "batch_size": 256,
    "refresh_every": 10,
    "validate_every": 10,
    "train_samples_per_block": 800000,
    "eval_total": 200000,
    "p_values": [
      0.001,
      0.003,
      0.005,
      0.007
    ],
    "p_weights": [
      0.25,
      0.25,
      0.25,
      0.25
    ]
  },
  "epoch_metrics": {
    "epochs": [
      1,
      2,
      3,
      4,
      5,
      6,
      7,
      8,
      9,
      10,
      11,
      12,
      13,
      14,
      15,
      16,
      17,
      18,
      19,
      20,
      21,
      22,
      23,
      24,
      25,
      26,
      27,
      28,
      29,
      30,
      31,
      32,
      33,
      34,
      35,
      36,
      37,
      38,
      39,
      40,
      41,
      42,
      43,
      44,
      45,
      46,
      47,
      48,
      49,
      50
    ],
    "train_loss": [
      0.3716244564432787,
      0.3125324037667276,
      0.28354689735807215,
      0.2644313731238542,
      0.2517335138290224,
      0.24248997379697368,
      0.23474045348325678,
      0.22828204221117787,
      0.2227201294571028,
      0.21798098953446743,
      0.2222880798887154,
      0.21471935064458572,
      0.20965730290447607,
      0.20549474710089727,
      0.20189025887882223,
      0.19880793758704352,
      0.19604770609333166,
      0.1935203268323201,
      0.19119718665124816,
      0.18914030536637425,
      0.19844223528275753,
      0.1927144003427818,
      0.1887488464371409,
      0.18543496072025384,
      0.18294677891430666,
      0.1803882960825968,
      0.1783299541550135,
      0.176304790663866,
      0.1745202169906746,
      0.17275292440052414,
      0.18431249223601834,
      0.1786581955752404,
      0.17523579514673027,
      0.17242304608702508,
      0.17028050283738724,
      0.1680712812077862,
      0.16629757658385994,
      0.1644085163509167,
      0.16304151932765526,
      0.1617074183886126,
      0.17403031028068303,
      0.16853150007358478,
      0.16518089008265516,
      0.16277947733911638,
      0.16091824759343687,
      0.15903108841271849,
      0.15738275740474406,
      0.1561389098352659,
      0.1548849618978803,
      0.1535074187535614
    ],
    "train_accuracy": [
      0.802455,
      0.8371,
      0.85444625,
      0.865735,
      0.873925,
      0.87939125,
      0.8838025,
      0.88776,
      0.8909825,
      0.89383625,
      0.891955,
      0.89552625,
      0.89833375,
      0.90038375,
      0.90248,
      0.90394125,
      0.90549,
      0.90669625,
      0.90794125,
      0.90897625,
      0.9045325,
      0.9074025,
      0.9094775,
      0.91117375,
      0.9125875,
      0.9135175,
      0.91441875,
      0.91552,
      0.91625,
      0.91723,
      0.911715,
      0.9144225,
      0.91623625,
      0.91782125,
      0.91876,
      0.9197075,
      0.92034875,
      0.92151,
      0.92195625,
      0.922705,
      0.917105,
      0.9200675,
      0.92153625,
      0.92281875,
      0.92397,
      0.92461875,
      0.92559375,
      0.92587375,
      0.92667625,
      0.92739125
    ],
    "val_accuracy": [
      NaN,
      NaN,
      NaN,
      NaN,
      NaN,
      NaN,
      NaN,
      NaN,
      NaN,
      0.88956,
      NaN,
      NaN,
      NaN,
      NaN,
      NaN,
      NaN,
      NaN,
      NaN,
      NaN,
      0.90138,
      NaN,
      NaN,
      NaN,
      NaN,
      NaN,
      NaN,
      NaN,
      NaN,
      NaN,
      0.90793,
      NaN,
      NaN,
      NaN,
      NaN,
      NaN,
      NaN,
      NaN,
      NaN,
      NaN,
      0.91427,
      NaN,
      NaN,
      NaN,
      NaN,
      NaN,
      NaN,
      NaN,
      NaN,
      NaN,
      0.91819
    ],
    "epoch_time_seconds": [
      30.62312889099121,
      30.98807168006897,
      31.160653352737427,
      31.361767053604126,
      31.40884304046631,
      32.01270270347595,
      32.14071750640869,
      32.38123893737793,
      32.50557088851929,
      32.872902154922485,
      30.182809114456177,
      28.730901956558228,
      28.63418412208557,
      29.00880742073059,
      29.811148166656494,
      29.508322954177856,
      29.910885095596313,
      29.79797863960266,
      30.06675386428833,
      30.131638526916504,
      30.287205457687378,
      29.768736362457275,
      29.291983604431152,
      28.83245086669922,
      30.02680492401123,
      29.79085350036621,
      29.514684200286865,
      28.84788942337036,
      29.200838088989258,
      30.131194829940796,
      32.531041622161865,
      31.418840885162354,
      31.68885588645935,
      31.230340719223022,
      31.522429704666138,
      31.6142520904541,
      32.72082328796387,
      31.539061784744263,
      31.616801261901855,
      30.822397708892822,
      30.949374437332153,
      30.23605442047119,
      31.18878173828125,
      30.687784910202026,
      30.799314737319946,
      30.41533327102661,
      30.385838508605957,
      30.940030574798584,
      31.47618556022644,
      32.46587014198303
    ],
    "learning_rate": [
      0.001,
      0.001,
      0.001,
      0.001,
      0.001,
      0.001,
      0.001,
      0.001,
      0.001,
      0.001,
      0.001,
      0.001,
      0.001,
      0.001,
      0.001,
      0.001,
      0.001,
      0.001,
      0.001,
      0.001,
      0.001,
      0.001,
      0.001,
      0.001,
      0.001,
      0.001,
      0.001,
      0.001,
      0.001,
      0.001,
      0.001,
      0.001,
      0.001,
      0.001,
      0.001,
      0.001,
      0.001,
      0.001,
      0.001,
      0.001,
      0.001,
      0.001,
      0.001,
      0.001,
      0.001,
      0.001,
      0.001,
      0.001,
      0.001,
      0.001
    ],
    "gpu_memory_mb": [
      0.0,
      0.0,
      0.0,
      0.0,
      0.0,
      0.0,
      0.0,
      0.0,
      0.0,
      0.0,
      0.0,
      0.0,
      0.0,
      0.0,
      0.0,
      0.0,
      0.0,
      0.0,
      0.0,
      0.0,
      0.0,
      0.0,
      0.0,
      0.0,
      0.0,
      0.0,
      0.0,
      0.0,
      0.0,
      0.0,
      0.0,
      0.0,
      0.0,
      0.0,
      0.0,
      0.0,
      0.0,
      0.0,
      0.0,
      0.0,
      0.0,
      0.0,
      0.0,
      0.0,
      0.0,
      0.0,
      0.0,
      0.0,
      0.0,
      0.0
    ],
    "train_block_idx": [
      0,
      0,
      0,
      0,
      0,
      0,
      0,
      0,
      0,
      0,
      1,
      1,
      1,
      1,
      1,
      1,
      1,
      1,
      1,
      1,
      2,
      2,
      2,
      2,
      2,
      2,
      2,
      2,
      2,
      2,
      3,
      3,
      3,
      3,
      3,
      3,
      3,
      3,
      3,
      3,
      4,
      4,
      4,
      4,
      4,
      4,
      4,
      4,
      4,
      4
    ],
    "train_samples": [
      800000,
      800000,
      800000,
      800000,
      800000,
      800000,
      800000,
      800000,
      800000,
      800000,
      800000,
      800000,
      800000,
      800000,
      800000,
      800000,
      800000,
      800000,
      800000,
      800000,
      800000,
      800000,
      800000,
      800000,
      800000,
      800000,
      800000,
      800000,
      800000,
      800000,
      800000,
      800000,
      800000,
      800000,
      800000,
      800000,
      800000,
      800000,
      800000,
      800000,
      800000,
      800000,
      800000,
      800000,
      800000,
      800000,
      800000,
      800000,
      800000,
      800000
    ]
  },
  "final_metrics": {
    "final_loss": 0.1535074187535614,
    "train_accuracy": 0.9166,
    "val_accuracy": 0.91819,
    "test_accuracy": 0.9195,
    "total_training_time_seconds": 1540.2413575649261
  },