{
  "split_name": "a2_d3_10",
  "split_config": {
    "d3": 0.1,
    "d5": 0.45,
    "d7": 0.45
  },
  "hyperparams": {
    "phi_hidden": [
      128,
      128
    ],
    "rho_hidden": [
      128,
      64
    ],
    "pool": "mean",
    "dropout": 0.0,
    "learning_rate": 0.001
  },
  "training_config": {
    "total_samples": 1000000,
    "epochs": 50,
    "batch_size": 256,
    "num_chunks": 4,
    "chunk_size": 200000,
    "chunk_lifetime": 4,
    "validate_every": 1,
    "train_samples_total": 800000,
    "val_samples": 10000,
    "val_seed": 1000041,
    "test_total": 200000,
    "p_values": [
      0.001,
      0.003,
      0.005,
      0.007
    ],
    "p_weights": [
      0.25,
      0.25,
      0.25,
      0.25
    ]
  },
  "epoch_metrics": {
    "epochs": [
      1,
      2,
      3,
      4,
      5,
      6,
      7,
      8,
      9,
      10,
      11,
      12,
      13,
      14,
      15,
      16,
      17,
      18,
      19,
      20,
      21,
      22,
      23,
      24,
      25,
      26,
      27,
      28,
      29,
      30,
      31,
      32,
      33,
      34,
      35,
      36,
      37,
      38,
      39,
      40,
      41,
      42,
      43,
      44,
      45,
      46,
      47,
      48,
      49,
      50
    ],
    "train_loss": [
      0.3498623829881795,
      0.2946271137103586,
      0.2661846377346266,
      0.246463585948154,
      0.2332440103327681,
      0.22335572486852337,
      0.21532499928475332,
      0.2087671230563511,
      0.20270527823258408,
      0.19789883540183792,
      0.20115731503733447,
      0.19384308420431415,
      0.188896541261815,
      0.18463784305013653,
      0.18076061174931105,
      0.17789971429364995,
      0.17534479992193158,
      0.17296914503482852,
      0.17081432039249328,
      0.16871605300039844,
      0.1784566848976332,
      0.1728996717834772,
      0.16916279490205582,
      0.16618114393689917,
      0.16360466275840693,
      0.1613642022439267,
      0.15925735403638575,
      0.1573840686434902,
      0.1554748603852533,
      0.15403180519716952,
      0.16606422971641013,
      0.16045182985040682,
      0.1570230134011392,
      0.1546055907371648,
      0.15217582484350434,
      0.15025761880208108,
      0.14841871971855977,
      0.14667049837145307,
      0.145428240580081,
      0.1439779955991444,
      0.15681045273063346,
      0.1514641370679105,
      0.1485272354342408,
      0.14599465730659328,
      0.1443235926740503,
      0.14247911550261874,
      0.1410789541047761,
      0.1396881357442348,
      0.13848377458291347,
      0.13718088330411501
    ],
    "train_accuracy": [
      0.81411375,
      0.84620875,
      0.86421,
      0.876305,
      0.8843,
      0.88970875,
      0.89401,
      0.89813625,
      0.90124125,
      0.90383875,
      0.903105,
      0.90690875,
      0.90966,
      0.91152375,
      0.9137525,
      0.9150625,
      0.91653125,
      0.91768375,
      0.9187875,
      0.91977125,
      0.9150075,
      0.917865,
      0.9195925,
      0.9214175,
      0.922445,
      0.923635,
      0.9250275,
      0.925425,
      0.92621875,
      0.92713375,
      0.9216425,
      0.924325,
      0.9262225,
      0.9272225,
      0.92837625,
      0.9294825,
      0.93021875,
      0.93119375,
      0.93180375,
      0.93271625,
      0.92604125,
      0.92853875,
      0.93004875,
      0.93131625,
      0.9321175,
      0.93290625,
      0.93366625,
      0.9343125,
      0.93494,
      0.9352875
    ],
    "val_accuracy": [
      NaN,
      NaN,
      NaN,
      NaN,
      NaN,
      NaN,
      NaN,
      NaN,
      NaN,
      0.90479,
      NaN,
      NaN,
      NaN,
      NaN,
      NaN,
      NaN,
      NaN,
      NaN,
      NaN,
      0.9151,
      NaN,
      NaN,
      NaN,
      NaN,
      NaN,
      NaN,
      NaN,
      NaN,
      NaN,
      0.92195,
      NaN,
      NaN,
      NaN,
      NaN,
      NaN,
      NaN,
      NaN,
      NaN,
      NaN,
      0.92823,
      NaN,
      NaN,
      NaN,
      NaN,
      NaN,
      NaN,
      NaN,
      NaN,
      NaN,
      0.93055
    ],
    "epoch_time_seconds": [
      30.308149337768555,
      30.9263699054718,
      31.1475670337677,
      31.003148555755615,
      30.931636333465576,
      30.508031129837036,
      30.084972381591797,
      29.899587154388428,
      30.53873586654663,
      32.28605604171753,
      31.708824157714844,
      30.129823207855225,
      29.807209253311157,
      28.98824691772461,
      28.695798635482788,
      28.948511123657227,
      29.038204669952393,
      29.874358654022217,
      28.992168426513672,
      30.71915364265442,
      29.614561796188354,
      28.99536943435669,
      28.40932822227478,
      27.965177059173584,
      27.71324586868286,
      27.467220783233643,
      28.17902398109436,
      28.69386053085327,
      28.6228187084198,
      29.798786401748657,
      30.649664878845215,
      29.060794353485107,
      28.482319116592407,
      29.95336103439331,
      30.5221586227417,
      29.59895348548889,
      28.436951398849487,
      29.248148918151855,
      30.30122447013855,
      31.56357455253601,
      31.536978006362915,
      30.251569747924805,
      30.430875062942505,
      30.22198510169983,
      30.696781158447266,
      29.76197099685669,
      30.14264941215515,
      30.869938373565674,
      30.725325345993042,
      30.305932998657227
    ],
    "learning_rate": [
      0.001,
      0.001,
      0.001,
      0.001,
      0.001,
      0.001,
      0.001,
      0.001,
      0.001,
      0.001,
      0.001,
      0.001,
      0.001,
      0.001,
      0.001,
      0.001,
      0.001,
      0.001,
      0.001,
      0.001,
      0.001,
      0.001,
      0.001,
      0.001,
      0.001,
      0.001,
      0.001,
      0.001,
      0.001,
      0.001,
      0.001,
      0.001,
      0.001,
      0.001,
      0.001,
      0.001,
      0.001,
      0.001,
      0.001,
      0.001,
      0.001,
      0.001,
      0.001,
      0.001,
      0.001,
      0.001,
      0.001,
      0.001,
      0.001,
      0.001
    ],
    "gpu_memory_mb": [
      0.0,
      0.0,
      0.0,
      0.0,
      0.0,
      0.0,
      0.0,
      0.0,
      0.0,
      0.0,
      0.0,
      0.0,
      0.0,
      0.0,
      0.0,
      0.0,
      0.0,
      0.0,
      0.0,
      0.0,
      0.0,
      0.0,
      0.0,
      0.0,
      0.0,
      0.0,
      0.0,
      0.0,
      0.0,
      0.0,
      0.0,
      0.0,
      0.0,
      0.0,
      0.0,
      0.0,
      0.0,
      0.0,
      0.0,
      0.0,
      0.0,
      0.0,
      0.0,
      0.0,
      0.0,
      0.0,
      0.0,
      0.0,
      0.0,
      0.0
    ],
    "active_chunks": [],
    "train_samples": [
      800000,
      800000,
      800000,
      800000,
      800000,
      800000,
      800000,
      800000,
      800000,
      800000,
      800000,
      800000,
      800000,
      800000,
      800000,
      800000,
      800000,
      800000,
      800000,
      800000,
      800000,
      800000,
      800000,
      800000,
      800000,
      800000,
      800000,
      800000,
      800000,
      800000,
      800000,
      800000,
      800000,
      800000,
      800000,
      800000,
      800000,
      800000,
      800000,
      800000,
      800000,
      800000,
      800000,
      800000,
      800000,
      800000,
      800000,
      800000,
      800000,
      800000
    ]
  },
  "final_metrics": {
    "final_loss": 0.13718088330411501,
    "train_accuracy": 0.9274,
    "val_accuracy": 0.9305,
    "test_accuracy": 0.928255,
    "total_training_time_seconds": 4.9958176612854
  },
  "timestamp": "2026-02-02T15:47:54.162030"
}