{
  "split_name": "a3_d3_20",
  "split_config": {
    "d3": 0.2,
    "d5": 0.4,
    "d7": 0.4
  },
  "hyperparams": {
    "phi_hidden": [
      128,
      128
    ],
    "rho_hidden": [
      128,
      64
    ],
    "pool": "mean",
    "dropout": 0.0,
    "learning_rate": 0.001
  },
  "training_config": {
    "total_samples": 1000000,
    "epochs": 50,
    "batch_size": 256,
    "refresh_every": 10,
    "validate_every": 10,
    "train_samples_per_block": 800000,
    "eval_total": 200000,
    "p_values": [
      0.001,
      0.003,
      0.005,
      0.007
    ],
    "p_weights": [
      0.25,
      0.25,
      0.25,
      0.25
    ]
  },
  "epoch_metrics": {
    "epochs": [
      1,
      2,
      3,
      4,
      5,
      6,
      7,
      8,
      9,
      10,
      11,
      12,
      13,
      14,
      15,
      16,
      17,
      18,
      19,
      20,
      21,
      22,
      23,
      24,
      25,
      26,
      27,
      28,
      29,
      30,
      31,
      32,
      33,
      34,
      35,
      36,
      37,
      38,
      39,
      40,
      41,
      42,
      43,
      44,
      45,
      46,
      47,
      48,
      49,
      50
    ],
    "train_loss": [
      0.3220479567283392,
      0.27003899746626614,
      0.2441300050675869,
      0.22542734353095292,
      0.21290648225307465,
      0.2042843294274807,
      0.19751117685705424,
      0.19176810484737158,
      0.18723540246784687,
      0.1831038722601533,
      0.18683828595176338,
      0.18013864225685597,
      0.17570765197455884,
      0.17167539479613303,
      0.16840837016016244,
      0.1653407983134687,
      0.16259320513010025,
      0.16036030957892536,
      0.1583846514852345,
      0.15621457995206117,
      0.16716385255008936,
      0.1614316410562396,
      0.1578914473347366,
      0.15509963032260538,
      0.15258914363875986,
      0.1505061628444493,
      0.1486397972035408,
      0.14691300286874176,
      0.14530849111884833,
      0.14388185722649097,
      0.15498722109168767,
      0.1496849433684349,
      0.14650797435775398,
      0.14416938900738954,
      0.14203297728911043,
      0.13986006157770753,
      0.13861660370230675,
      0.13694244019150734,
      0.13582981300488114,
      0.1345343669165671,
      0.14855188021689653,
      0.1435017648139596,
      0.14072294471472502,
      0.13849467257589101,
      0.13661229638159275,
      0.13514008293360472,
      0.1337010458047688,
      0.1323016801021993,
      0.13116856520324946,
      0.1301462962512672
    ],
    "train_accuracy": [
      0.83047875,
      0.86070875,
      0.87727375,
      0.88758375,
      0.89437125,
      0.89927375,
      0.90296375,
      0.90575625,
      0.908495,
      0.91050625,
      0.9095775,
      0.9132175,
      0.915475,
      0.91753625,
      0.91946,
      0.92096,
      0.9226775,
      0.9237475,
      0.92467125,
      0.9258275,
      0.92086875,
      0.9236075,
      0.92528625,
      0.92666375,
      0.92787,
      0.92881875,
      0.92987125,
      0.93084375,
      0.9314325,
      0.93222875,
      0.92713125,
      0.92953375,
      0.9312875,
      0.93230875,
      0.93336125,
      0.93449875,
      0.93482875,
      0.93570625,
      0.93622875,
      0.93709375,
      0.9306325,
      0.932985,
      0.93425375,
      0.935275,
      0.9361675,
      0.93660875,
      0.9375325,
      0.93832,
      0.9388425,
      0.93940625
    ],
    "val_accuracy": [
      NaN,
      NaN,
      NaN,
      NaN,
      NaN,
      NaN,
      NaN,
      NaN,
      NaN,
      0.90812,
      NaN,
      NaN,
      NaN,
      NaN,
      NaN,
      NaN,
      NaN,
      NaN,
      NaN,
      0.9211,
      NaN,
      NaN,
      NaN,
      NaN,
      NaN,
      NaN,
      NaN,
      NaN,
      NaN,
      0.92582,
      NaN,
      NaN,
      NaN,
      NaN,
      NaN,
      NaN,
      NaN,
      NaN,
      NaN,
      0.93097,
      NaN,
      NaN,
      NaN,
      NaN,
      NaN,
      NaN,
      NaN,
      NaN,
      NaN,
      0.93329
    ],
    "epoch_time_seconds": [
      28.156737089157104,
      29.153013229370117,
      28.516079664230347,
      28.474509716033936,
      28.433675527572632,
      29.19197940826416,
      28.752268314361572,
      28.405240774154663,
      28.815922498703003,
      30.306358337402344,
      28.186037063598633,
      27.452139616012573,
      27.10281777381897,
      27.06479549407959,
      27.140328407287598,
      26.887526273727417,
      26.946147441864014,
      27.15159273147583,
      26.942144632339478,
      27.87041997909546,
      28.370216369628906,
      27.341357707977295,
      27.07283306121826,
      27.734859228134155,
      27.632996797561646,
      27.559738159179688,
      26.751708984375,
      26.824976205825806,
      26.434005975723267,
      28.21720862388611,
      27.17764401435852,
      26.392024517059326,
      26.77028512954712,
      26.138989448547363,
      26.38846707344055,
      26.451376914978027,
      26.249101638793945,
      26.216827869415283,
      26.303391456604004,
      27.19884705543518,
      28.078707695007324,
      26.780365467071533,
      27.110835313796997,
      26.558762550354004,
      26.80040168762207,
      26.280958890914917,
      26.244140148162842,
      26.43127751350403,
      27.740930795669556,
      28.588084936141968
    ],
    "learning_rate": [
      0.001,
      0.001,
      0.001,
      0.001,
      0.001,
      0.001,
      0.001,
      0.001,
      0.001,
      0.001,
      0.001,
      0.001,
      0.001,
      0.001,
      0.001,
      0.001,
      0.001,
      0.001,
      0.001,
      0.001,
      0.001,
      0.001,
      0.001,
      0.001,
      0.001,
      0.001,
      0.001,
      0.001,
      0.001,
      0.001,
      0.001,
      0.001,
      0.001,
      0.001,
      0.001,
      0.001,
      0.001,
      0.001,
      0.001,
      0.001,
      0.001,
      0.001,
      0.001,
      0.001,
      0.001,
      0.001,
      0.001,
      0.001,
      0.001,
      0.001
    ],
    "gpu_memory_mb": [
      0.0,
      0.0,
      0.0,
      0.0,
      0.0,
      0.0,
      0.0,
      0.0,
      0.0,
      0.0,
      0.0,
      0.0,
      0.0,
      0.0,
      0.0,
      0.0,
      0.0,
      0.0,
      0.0,
      0.0,
      0.0,
      0.0,
      0.0,
      0.0,
      0.0,
      0.0,
      0.0,
      0.0,
      0.0,
      0.0,
      0.0,
      0.0,
      0.0,
      0.0,
      0.0,
      0.0,
      0.0,
      0.0,
      0.0,
      0.0,
      0.0,
      0.0,
      0.0,
      0.0,
      0.0,
      0.0,
      0.0,
      0.0,
      0.0,
      0.0
    ],
    "train_block_idx": [
      0,
      0,
      0,
      0,
      0,
      0,
      0,
      0,
      0,
      0,
      1,
      1,
      1,
      1,
      1,
      1,
      1,
      1,
      1,
      1,
      2,
      2,
      2,
      2,
      2,
      2,
      2,
      2,
      2,
      2,
      3,
      3,
      3,
      3,
      3,
      3,
      3,
      3,
      3,
      3,
      4,
      4,
      4,
      4,
      4,
      4,
      4,
      4,
      4,
      4
    ],
    "train_samples": [
      800000,
      800000,
      800000,
      800000,
      800000,
      800000,
      800000,
      800000,
      800000,
      800000,
      800000,
      800000,
      800000,
      800000,
      800000,
      800000,
      800000,
      800000,
      800000,
      800000,
      800000,
      800000,
      800000,
      800000,
      800000,
      800000,
      800000,
      800000,
      800000,
      800000,
      800000,
      800000,
      800000,
      800000,
      800000,
      800000,
      800000,
      800000,
      800000,
      800000,
      800000,
      800000,
      800000,
      800000,
      800000,
      800000,
      800000,
      800000,
      800000,
      800000
    ]
  },
  "final_metrics": {
    "final_loss": 0.1301462962512672,
    "train_accuracy": 0.933,
    "val_accuracy": 0.93329,
    "test_accuracy": 0.93291,