{
  "split_name": "a4_d3_40",
  "split_config": {
    "d3": 0.4,
    "d5": 0.3,
    "d7": 0.3
  },
  "hyperparams": {
    "phi_hidden": [
      128,
      128
    ],
    "rho_hidden": [
      128,
      64
    ],
    "pool": "mean",
    "dropout": 0.0,
    "learning_rate": 0.001
  },
  "training_config": {
    "total_samples": 1000000,
    "epochs": 50,
    "batch_size": 256,
    "num_chunks": 4,
    "chunk_size": 200000,
    "chunk_lifetime": 4,
    "validate_every": 1,
    "train_samples_total": 800000,
    "val_samples": 10000,
    "val_seed": 1000041,
    "test_total": 200000,
    "p_values": [
      0.001,
      0.003,
      0.005,
      0.007
    ],
    "p_weights": [
      0.25,
      0.25,
      0.25,
      0.25
    ]
  },
  "epoch_metrics": {
    "epochs": [
      1,
      2,
      3,
      4,
      5,
      6,
      7,
      8,
      9,
      10,
      11,
      12,
      13,
      14,
      15,
      16,
      17,
      18,
      19,
      20,
      21,
      22,
      23,
      24,
      25,
      26,
      27,
      28,
      29,
      30,
      31,
      32,
      33,
      34,
      35,
      36,
      37,
      38,
      39,
      40,
      41,
      42,
      43,
      44,
      45,
      46,
      47,
      48,
      49,
      50
    ],
    "train_loss": [
      0.2660886045641868,
      0.22066770567214897,
      0.20147538305988974,
      0.1891323957051212,
      0.17977033264402323,
      0.1726406571003641,
      0.16687939285020023,
      0.1623029643468623,
      0.1583339097819953,
      0.15485807441404983,
      0.15859485415340194,
      0.1529762167219902,
      0.14890454515385168,
      0.1458057818154644,
      0.1430434878867582,
      0.14042181599904888,
      0.1383423472256224,
      0.136395206813023,
      0.1346224337218595,
      0.13282677762076897,
      0.14306200632911298,
      0.13768325511113486,
      0.1346442037767308,
      0.13239173460406176,
      0.13010533301455285,
      0.12836570227599117,
      0.12655455964648415,
      0.12519338018733409,
      0.12374839577951986,
      0.12265450164755558,
      0.13496455390817264,
      0.13014322704360276,
      0.1273782578703929,
      0.12520859296307307,
      0.12342086641036894,
      0.12187562805334713,
      0.12040948694552785,
      0.11903666595866402,
      0.11794806345543507,
      0.11662807493376463,
      0.12880782621018277,
      0.12426473904443966,
      0.12149870714964613,
      0.11957731223453649,
      0.11780680405060621,
      0.11640931371097725,
      0.11510999131544361,
      0.11390366351442865,
      0.11272803261284421,
      0.11167388827398762
    ],
    "train_accuracy": [
      0.863685,
      0.8874025,
      0.89914125,
      0.90644375,
      0.91204875,
      0.91584125,
      0.91856375,
      0.9213875,
      0.9235775,
      0.9255025,
      0.92357875,
      0.92706625,
      0.92877375,
      0.9305925,
      0.932165,
      0.9334275,
      0.93476,
      0.9356525,
      0.93675625,
      0.93746625,
      0.9331075,
      0.93573375,
      0.93739125,
      0.93862375,
      0.9398475,
      0.94066,
      0.94164875,
      0.9424325,
      0.94314125,
      0.9436725,
      0.9374725,
      0.9399375,
      0.9413175,
      0.94218,
      0.943415,
      0.9442325,
      0.94486375,
      0.94552375,
      0.94592625,
      0.946535,
      0.9409175,
      0.94298875,
      0.94437375,
      0.94515125,
      0.94605125,
      0.94660375,
      0.94735125,
      0.947955,
      0.94864375,
      0.94913375
    ],
    "val_accuracy": [
      NaN,
      NaN,
      NaN,
      NaN,
      NaN,
      NaN,
      NaN,
      NaN,
      NaN,
      0.92295,
      NaN,
      NaN,
      NaN,
      NaN,
      NaN,
      NaN,
      NaN,
      NaN,
      NaN,
      0.93181,
      NaN,
      NaN,
      NaN,
      NaN,
      NaN,
      NaN,
      NaN,
      NaN,
      NaN,
      0.93724,
      NaN,
      NaN,
      NaN,
      NaN,
      NaN,
      NaN,
      NaN,
      NaN,
      NaN,
      0.93936,
      NaN,
      NaN,
      NaN,
      NaN,
      NaN,
      NaN,
      NaN,
      NaN,
      NaN,
      0.94231
    ],
    "epoch_time_seconds": [
      23.929371118545532,
      23.721063375473022,
      24.066096305847168,
      24.055492162704468,
      24.439041137695312,
      24.972633600234985,
      24.766406297683716,
      24.770380973815918,
      25.28797149658203,
      26.283910274505615,
      24.994704723358154,
      24.471024990081787,
      24.493420362472534,
      23.83886432647705,
      23.03268814086914,
      23.741049766540527,
      23.8231041431427,
      23.836488008499146,
      23.221980810165405,
      25.00892925262451,
      24.581502676010132,
      24.321802616119385,
      24.394474983215332,
      24.126153230667114,
      23.516846656799316,
      23.67997169494629,
      23.58109211921692,
      23.569133758544922,
      23.68738055229187,
      24.766385555267334,
      24.726630449295044,
      24.53343963623047,
      24.726865530014038,
      24.121071100234985,
      24.205135345458984,
      24.15971612930298,
      23.652095794677734,
      23.368484497070312,
      24.251280784606934,
      24.642242670059204,
      24.130988836288452,
      23.514755249023438,
      24.003415822982788,
      24.174715042114258,
      24.216541528701782,
      24.62753200531006,
      24.73011612892151,
      24.035081386566162,
      24.323371171951294,
      25.70585560798645
    ],
    "learning_rate": [
      0.001,
      0.001,
      0.001,
      0.001,
      0.001,
      0.001,
      0.001,
      0.001,
      0.001,
      0.001,
      0.001,
      0.001,
      0.001,
      0.001,
      0.001,
      0.001,
      0.001,
      0.001,
      0.001,
      0.001,
      0.001,
      0.001,
      0.001,
      0.001,
      0.001,
      0.001,
      0.001,
      0.001,
      0.001,
      0.001,
      0.001,
      0.001,
      0.001,
      0.001,
      0.001,
      0.001,
      0.001,
      0.001,
      0.001,
      0.001,
      0.001,
      0.001,
      0.001,
      0.001,
      0.001,
      0.001,
      0.001,
      0.001,
      0.001,
      0.001
    ],
    "gpu_memory_mb": [
      0.0,
      0.0,
      0.0,
      0.0,
      0.0,
      0.0,
      0.0,
      0.0,
      0.0,
      0.0,
      0.0,
      0.0,
      0.0,
      0.0,
      0.0,
      0.0,
      0.0,
      0.0,
      0.0,
      0.0,
      0.0,
      0.0,
      0.0,
      0.0,
      0.0,
      0.0,
      0.0,
      0.0,
      0.0,
      0.0,
      0.0,
      0.0,
      0.0,
      0.0,
      0.0,
      0.0,
      0.0,
      0.0,
      0.0,
      0.0,
      0.0,
      0.0,
      0.0,
      0.0,
      0.0,
      0.0,
      0.0,
      0.0,
      0.0,
      0.0
    ],
    "active_chunks": [],
    "train_samples": [
      800000,
      800000,
      800000,
      800000,
      800000,
      800000,
      800000,
      800000,
      800000,
      800000,
      800000,
      800000,
      800000,
      800000,
      800000,
      800000,
      800000,
      800000,
      800000,
      800000,
      800000,
      800000,
      800000,
      800000,
      800000,
      800000,
      800000,
      800000,
      800000,
      800000,
      800000,
      800000,
      800000,
      800000,
      800000,
      800000,
      800000,
      800000,
      800000,
      800000,
      800000,
      800000,
      800000,
      800000,
      800000,
      800000,
      800000,
      800000,
      800000,
      800000
    ]
  },
  "final_metrics": {
    "final_loss": 0.11167388827398762,
    "train_accuracy": 0.9437,
    "val_accuracy": 0.9447,
    "test_accuracy": 0.942345,
    "total_training_time_seconds": 4.63807487487793
  },
  "timestamp": "2026-02-02T15:48:05.354141"
}