{
  "split_name": "a5_d3_50",
  "split_config": {
    "d3": 0.5,
    "d5": 0.25,
    "d7": 0.25
  },
  "hyperparams": {
    "phi_hidden": [
      128,
      128
    ],
    "rho_hidden": [
      128,
      64
    ],
    "pool": "mean",
    "dropout": 0.0,
    "learning_rate": 0.001
  },
  "training_config": {
    "total_samples": 1000000,
    "epochs": 50,
    "batch_size": 256,
    "refresh_every": 10,
    "validate_every": 10,
    "train_samples_per_block": 800000,
    "eval_total": 200000,
    "p_values": [
      0.001,
      0.003,
      0.005,
      0.007
    ],
    "p_weights": [
      0.25,
      0.25,
      0.25,
      0.25
    ]
  },
  "epoch_metrics": {
    "epochs": [
      1,
      2,
      3,
      4,
      5,
      6,
      7,
      8,
      9,
      10,
      11,
      12,
      13,
      14,
      15,
      16,
      17,
      18,
      19,
      20,
      21,
      22,
      23,
      24,
      25,
      26,
      27,
      28,
      29,
      30,
      31,
      32,
      33,
      34,
      35,
      36,
      37,
      38,
      39,
      40,
      41,
      42,
      43,
      44,
      45,
      46,
      47,
      48,
      49,
      50
    ],
    "train_loss": [
      0.23689658318738283,
      0.1974404597962302,
      0.18171221334552723,
      0.17067069585694505,
      0.1622610713391281,
      0.1560250017497132,
      0.15087689986830113,
      0.14712594232995804,
      0.14383888898877803,
      0.14106524123136832,
      0.14532942370743007,
      0.1402991561308148,
      0.13710742480641866,
      0.1345151200673719,
      0.13234295072805388,
      0.13036279731198103,
      0.12864715595177764,
      0.12720279837295836,
      0.12563564876978428,
      0.12423350474939256,
      0.134765831090934,
      0.13026421557966564,
      0.12758041409609425,
      0.12536554044808895,
      0.12344689098096548,
      0.12190029523813418,
      0.12008989357970581,
      0.11894658766433759,
      0.11766313956970027,
      0.11641745564048597,
      0.12763558351457105,
      0.1234429915135397,
      0.12098081378420493,
      0.11889257579866164,
      0.11705007489030834,
      0.11568027087149241,
      0.11419378335372943,
      0.11286878028242998,
      0.11162370126122602,
      0.1105676294086417,
      0.12250807700764482,
      0.11772685433220599,
      0.11525372672542515,
      0.11329789105359003,
      0.11172311289696399,
      0.11010423428186897,
      0.10886230786501656,
      0.10753358299580384,
      0.10666273079567112,
      0.10553985542573362
    ],
    "train_accuracy": [
      0.88017125,
      0.89933125,
      0.909585,
      0.91632375,
      0.92114625,
      0.9249625,
      0.92794125,
      0.92994875,
      0.931885,
      0.93348625,
      0.931975,
      0.9346225,
      0.9361325,
      0.93756,
      0.9385975,
      0.9395275,
      0.94039375,
      0.9410625,
      0.9420925,
      0.9426,
      0.9378225,
      0.9399825,
      0.94149625,
      0.94247,
      0.94329375,
      0.944225,
      0.94511375,
      0.94571625,
      0.94618375,
      0.946865,
      0.941605,
      0.9435125,
      0.94479625,
      0.94567875,
      0.94654,
      0.9472825,
      0.94784,
      0.9486875,
      0.94929875,
      0.94992125,
      0.9444725,
      0.9467575,
      0.9479025,
      0.94888125,
      0.9495725,
      0.95045375,
      0.95094625,
      0.95139375,
      0.951855,
      0.95245625
    ],
    "val_accuracy": [
      NaN,
      NaN,
      NaN,
      NaN,
      NaN,
      NaN,
      NaN,
      NaN,
      NaN,
      0.93101,
      NaN,
      NaN,
      NaN,
      NaN,
      NaN,
      NaN,
      NaN,
      NaN,
      NaN,
      0.93634,
      NaN,
      NaN,
      NaN,
      NaN,
      NaN,
      NaN,
      NaN,
      NaN,
      NaN,
      0.94121,
      NaN,
      NaN,
      NaN,
      NaN,
      NaN,
      NaN,
      NaN,
      NaN,
      NaN,
      0.9442,
      NaN,
      NaN,
      NaN,
      NaN,
      NaN,
      NaN,
      NaN,
      NaN,
      NaN,
      0.94639
    ],
    "epoch_time_seconds": [
      24.642512798309326,
      24.487964153289795,
      24.39122200012207,
      24.49404811859131,
      25.126961946487427,
      24.52320146560669,
      24.73872184753418,
      25.203091621398926,
      25.168717861175537,
      25.840076208114624,
      23.327131986618042,
      22.99442410469055,
      22.8495032787323,
      22.591193914413452,
      22.427064657211304,
      22.852858781814575,
      22.4099862575531,
      22.990495920181274,
      22.844922065734863,
      23.926119327545166,
      23.024017810821533,
      22.685739278793335,
      22.971741676330566,
      22.576249361038208,
      22.882667303085327,
      22.423586130142212,
      22.51167392730713,
      22.605326890945435,
      22.67653179168701,
      22.97492790222168,
      23.730695962905884,
      23.449369192123413,
      23.88155746459961,
      23.788334608078003,
      24.117549180984497,
      23.361590147018433,
      23.237825632095337,
      23.657796382904053,
      24.37291193008423,
      24.904276847839355,
      25.615250825881958,
      23.092710494995117,
      24.606431484222412,
      24.885164260864258,
      24.679616689682007,
      24.754082441329956,
      24.33722162246704,
      24.840301513671875,
      23.858753442764282,
      24.83084464073181
    ],
    "learning_rate": [
      0.001,
      0.001,
      0.001,
      0.001,
      0.001,
      0.001,
      0.001,
      0.001,
      0.001,
      0.001,
      0.001,
      0.001,
      0.001,
      0.001,
      0.001,
      0.001,
      0.001,
      0.001,
      0.001,
      0.001,
      0.001,
      0.001,
      0.001,
      0.001,
      0.001,
      0.001,
      0.001,
      0.001,
      0.001,
      0.001,
      0.001,
      0.001,
      0.001,
      0.001,
      0.001,
      0.001,
      0.001,
      0.001,
      0.001,
      0.001,
      0.001,
      0.001,
      0.001,
      0.001,
      0.001,
      0.001,
      0.001,
      0.001,
      0.001,
      0.001
    ],
    "gpu_memory_mb": [
      0.0,
      0.0,
      0.0,
      0.0,
      0.0,
      0.0,
      0.0,
      0.0,
      0.0,
      0.0,
      0.0,
      0.0,
      0.0,
      0.0,
      0.0,
      0.0,
      0.0,
      0.0,
      0.0,
      0.0,
      0.0,
      0.0,
      0.0,
      0.0,
      0.0,
      0.0,
      0.0,
      0.0,
      0.0,
      0.0,
      0.0,
      0.0,
      0.0,
      0.0,
      0.0,
      0.0,
      0.0,
      0.0,
      0.0,
      0.0,
      0.0,
      0.0,
      0.0,
      0.0,
      0.0,
      0.0,
      0.0,
      0.0,
      0.0,
      0.0
    ],
    "train_block_idx": [
      0,
      0,
      0,
      0,
      0,
      0,
      0,
      0,
      0,
      0,
      1,
      1,
      1,
      1,
      1,
      1,
      1,
      1,
      1,
      1,
      2,
      2,
      2,
      2,
      2,
      2,
      2,
      2,
      2,
      2,
      3,
      3,
      3,
      3,
      3,
      3,
      3,
      3,
      3,
      3,
      4,
      4,
      4,
      4,
      4,
      4,
      4,
      4,
      4,
      4
    ],
    "train_samples": [
      800000,
      800000,
      800000,
      800000,
      800000,
      800000,
      800000,
      800000,
      800000,
      800000,
      800000,
      800000,
      800000,
      800000,
      800000,
      800000,
      800000,
      800000,
      800000,
      800000,
      800000,
      800000,
      800000,
      800000,
      800000,
      800000,
      800000,
      800000,
      800000,
      800000,
      800000,
      800000,
      800000,
      800000,
      800000,
      800000,
      800000,
      800000,
      800000,
      800000,
      800000,
      800000,
      800000,
      800000,
      800000,
      800000,
      800000,
      800000,
      800000,
      800000
    ]
  },
  "final_metrics": {
    "final_loss": 0.10553985542573362,
    "train_accuracy": 0.9482,
    "val_accuracy": 0.94639,
    "test_accuracy": 0.94675,