{
  "split_name": "b1_d5heavy",
  "split_config": {
    "d3": 0.0,
    "d5": 0.8,
    "d7": 0.2
  },
  "hyperparams": {
    "phi_hidden": [
      128,
      128
    ],
    "rho_hidden": [
      128,
      64
    ],
    "pool": "mean",
    "dropout": 0.0,
    "learning_rate": 0.001
  },
  "training_config": {
    "total_samples": 1000000,
    "epochs": 50,
    "batch_size": 256,
    "refresh_every": 10,
    "validate_every": 10,
    "train_samples_per_block": 800000,
    "eval_total": 200000,
    "p_values": [
      0.001,
      0.003,
      0.005,
      0.007
    ],
    "p_weights": [
      0.25,
      0.25,
      0.25,
      0.25
    ]
  },
  "epoch_metrics": {
    "epochs": [
      1,
      2,
      3,
      4,
      5,
      6,
      7,
      8,
      9,
      10,
      11,
      12,
      13,
      14,
      15,
      16,
      17,
      18,
      19,
      20,
      21,
      22,
      23,
      24,
      25,
      26,
      27,
      28,
      29,
      30,
      31,
      32,
      33,
      34,
      35,
      36,
      37,
      38,
      39,
      40,
      41,
      42,
      43,
      44,
      45,
      46,
      47,
      48,
      49,
      50
    ],
    "train_loss": [
      0.2995820919561386,
      0.2401322630381584,
      0.22050326166152953,
      0.20732654129743577,
      0.19628695605278015,
      0.18763725495576858,
      0.18038444848775864,
      0.17413223043441772,
      0.1682104329621792,
      0.1631273634970188,
      0.16610883788824082,
      0.1588365801537037,
      0.1535951536142826,
      0.14901413019061088,
      0.145729441229105,
      0.14242010247826575,
      0.1398130365025997,
      0.13723350695610045,
      0.13500679024100304,
      0.13289275577902793,
      0.14220776755332948,
      0.1367146497285366,
      0.1332965849852562,
      0.13051317173838614,
      0.12822023218274117,
      0.12613036732792854,
      0.12436284342885018,
      0.12250234823167325,
      0.12113245245933532,
      0.11981151418328286,
      0.13015770530819892,
      0.12521793708086013,
      0.122346212631464,
      0.11993716000378132,
      0.11836255730748177,
      0.11645722921609879,
      0.11517838903605938,
      0.11371126215875149,
      0.11282868271350861,
      0.11180650595545769,
      0.12401690024912357,
      0.11929576166272163,
      0.1168106691133976,
      0.1143892292612791,
      0.11281760738193988,
      0.1113314856773615,
      0.10995921864926815,
      0.10889439317584038,
      0.10757514485061169,
      0.1064057375228405
    ],
    "train_accuracy": [
      0.84994875,
      0.8802,
      0.8909225,
      0.898175,
      0.9040875,
      0.90877875,
      0.91283125,
      0.916495,
      0.919425,
      0.922245,
      0.92095625,
      0.924655,
      0.927365,
      0.92970625,
      0.931205,
      0.9328075,
      0.9341125,
      0.935635,
      0.93676,
      0.93755625,
      0.9331525,
      0.93587375,
      0.93752625,
      0.93893875,
      0.94029,
      0.9411175,
      0.94218375,
      0.94318875,
      0.94354875,
      0.94437875,
      0.9393725,
      0.94175625,
      0.94323875,
      0.94430625,
      0.94501125,
      0.9461875,
      0.94687375,
      0.94728,
      0.9481025,
      0.94835125,
      0.94256375,
      0.94487125,
      0.94623875,
      0.94743,
      0.9480175,
      0.94868375,
      0.949185,
      0.9499725,
      0.95051625,
      0.95129125
    ],
    "val_accuracy": [
      NaN,
      NaN,
      NaN,
      NaN,
      NaN,
      NaN,
      NaN,
      NaN,
      NaN,
      0.9207,
      NaN,
      NaN,
      NaN,
      NaN,
      NaN,
      NaN,
      NaN,
      NaN,
      NaN,
      0.93192,
      NaN,
      NaN,
      NaN,
      NaN,
      NaN,
      NaN,
      NaN,
      NaN,
      NaN,
      0.93881,
      NaN,
      NaN,
      NaN,
      NaN,
      NaN,
      NaN,
      NaN,
      NaN,
      NaN,
      0.94199,
      NaN,
      NaN,
      NaN,
      NaN,
      NaN,
      NaN,
      NaN,
      NaN,
      NaN,
      0.94423
    ],
    "epoch_time_seconds": [
      26.965507984161377,
      26.91350793838501,
      27.206846952438354,
      27.558051347732544,
      27.10598874092102,
      26.818509817123413,
      26.478357791900635,
      26.691529035568237,
      26.65507483482361,
      27.975358486175537,
      28.150949716567993,
      26.96914052963257,
      27.653174877166748,
      27.577096223831177,
      27.765265226364136,
      27.241578340530396,
      27.085241079330444,
      27.252830743789673,
      27.101311206817627,
      28.69571614265442,
      27.986980676651,
      26.649341583251953,
      27.28772807121277,
      26.917327165603638,
      27.509984493255615,
      27.411302089691162,
      27.838316917419434,
      27.14092755317688,
      27.013691425323486,
      28.25010371208191,
      28.438974618911743,
      27.104785919189453,
      27.430383920669556,
      27.999226570129395,
      27.13986325263977,
      27.603586673736572,
      27.33818745613098,
      27.148132801055908,
      27.1291401386261,
      28.61609435081482,
      28.89537024497986,
      28.138051986694336,
      28.448643922805786,
      28.050115823745728,
      28.23493218421936,
      27.564514875411987,
      27.573638677597046,
      27.35891580581665,
      26.86002278327942,
      28.184380292892456
    ],
    "learning_rate": [
      0.001,
      0.001,
      0.001,
      0.001,
      0.001,
      0.001,
      0.001,
      0.001,
      0.001,
      0.001,
      0.001,
      0.001,
      0.001,
      0.001,
      0.001,
      0.001,
      0.001,
      0.001,
      0.001,
      0.001,
      0.001,
      0.001,
      0.001,
      0.001,
      0.001,
      0.001,
      0.001,
      0.001,
      0.001,
      0.001,
      0.001,
      0.001,
      0.001,
      0.001,
      0.001,
      0.001,
      0.001,
      0.001,
      0.001,
      0.001,
      0.001,
      0.001,
      0.001,
      0.001,
      0.001,
      0.001,
      0.001,
      0.001,
      0.001,
      0.001
    ],
    "gpu_memory_mb": [
      0.0,
      0.0,
      0.0,
      0.0,
      0.0,
      0.0,
      0.0,
      0.0,
      0.0,
      0.0,
      0.0,
      0.0,
      0.0,
      0.0,
      0.0,
      0.0,
      0.0,
      0.0,
      0.0,
      0.0,
      0.0,
      0.0,
      0.0,
      0.0,
      0.0,
      0.0,
      0.0,
      0.0,
      0.0,
      0.0,
      0.0,
      0.0,
      0.0,
      0.0,
      0.0,
      0.0,
      0.0,
      0.0,
      0.0,
      0.0,
      0.0,
      0.0,
      0.0,
      0.0,
      0.0,
      0.0,
      0.0,
      0.0,
      0.0,
      0.0
    ],
    "train_block_idx": [
      0,
      0,
      0,
      0,
      0,
      0,
      0,
      0,
      0,
      0,
      1,
      1,
      1,
      1,
      1,
      1,
      1,
      1,
      1,
      1,
      2,
      2,
      2,
      2,
      2,
      2,
      2,
      2,
      2,
      2,
      3,
      3,
      3,
      3,
      3,
      3,
      3,
      3,
      3,
      3,
      4,
      4,
      4,
      4,
      4,
      4,
      4,
      4,
      4,
      4
    ],
    "train_samples": [
      800000,
      800000,
      800000,
      800000,
      800000,
      800000,
      800000,
      800000,
      800000,
      800000,
      800000,
      800000,
      800000,
      800000,
      800000,
      800000,
      800000,
      800000,
      800000,
      800000,
      800000,
      800000,
      800000,
      800000,
      800000,
      800000,
      800000,
      800000,
      800000,
      800000,
      800000,
      800000,
      800000,
      800000,
      800000,
      800000,
      800000,
      800000,
      800000,
      800000,
      800000,
      800000,
      800000,
      800000,
      800000,
      800000,
      800000,
      800000,
      800000,
      800000
    ]
  },
  "final_metrics": {
    "final_loss": 0.1064057375228405,
    "train_accuracy": 0.944,
    "val_accuracy": 0.94423,
    "test_accuracy": 0.94357,