{
  "split_name": "b4_d7more",
  "split_config": {
    "d3": 0.0,
    "d5": 0.35,
    "d7": 0.65
  },
  "hyperparams": {
    "phi_hidden": [
      128,
      128
    ],
    "rho_hidden": [
      128,
      64
    ],
    "pool": "mean",
    "dropout": 0.0,
    "learning_rate": 0.001
  },
  "training_config": {
    "total_samples": 1000000,
    "epochs": 50,
    "batch_size": 256,
    "refresh_every": 10,
    "validate_every": 10,
    "train_samples_per_block": 800000,
    "eval_total": 200000,
    "p_values": [
      0.001,
      0.003,
      0.005,
      0.007
    ],
    "p_weights": [
      0.25,
      0.25,
      0.25,
      0.25
    ]
  },
  "epoch_metrics": {
    "epochs": [
      1,
      2,
      3,
      4,
      5,
      6,
      7,
      8,
      9,
      10,
      11,
      12,
      13,
      14,
      15,
      16,
      17,
      18,
      19,
      20,
      21,
      22,
      23,
      24,
      25,
      26,
      27,
      28,
      29,
      30,
      31,
      32,
      33,
      34,
      35,
      36,
      37,
      38,
      39,
      40,
      41,
      42,
      43,
      44,
      45,
      46,
      47,
      48,
      49,
      50
    ],
    "train_loss": [
      0.3999908767969503,
      0.33693590075711904,
      0.3020668609409819,
      0.2809408779660632,
      0.2677927947604954,
      0.25839732531327053,
      0.2509097753954254,
      0.24470722715841678,
      0.23929966854376056,
      0.2345985158782164,
      0.23852537701803755,
      0.2311860601026243,
      0.2257907201612865,
      0.22139566193167323,
      0.2169991890296235,
      0.21327800481024264,
      0.21027118536052,
      0.2074551611759784,
      0.2049764277316959,
      0.20257498069606145,
      0.21326729109223577,
      0.20697477936234637,
      0.20297938006467073,
      0.1995168382949026,
      0.19712086488574418,
      0.19446068568606828,
      0.19248227534728674,
      0.19023630326054872,
      0.18850897479819054,
      0.1868020701898418,
      0.19863964091469216,
      0.19262798568704573,
      0.1892593174193219,
      0.18611286611189579,
      0.18387589842243143,
      0.1819599703769423,
      0.18007495954408717,
      0.17822734259130935,
      0.17702956309497966,
      0.17535067997367543,
      0.18751190751981675,
      0.1816697073093379,
      0.17832834465084782,
      0.17574755376012982,
      0.17366585553035627,
      0.17180274454584812,
      0.17000595984297615,
      0.1686309076564402,
      0.16707239999547266,
      0.16597269020345412
    ],
    "train_accuracy": [
      0.78243,
      0.82291875,
      0.8443175,
      0.85615125,
      0.86423625,
      0.86942125,
      0.874005,
      0.87783125,
      0.88103375,
      0.88320875,
      0.88137625,
      0.885095,
      0.8882275,
      0.89053125,
      0.8931525,
      0.89541,
      0.89705375,
      0.898455,
      0.8996575,
      0.90122625,
      0.89581875,
      0.8991875,
      0.90128125,
      0.90292875,
      0.90424875,
      0.90599625,
      0.90654625,
      0.9078525,
      0.90888,
      0.9097275,
      0.90441125,
      0.90727375,
      0.9089375,
      0.910475,
      0.9116025,
      0.91247125,
      0.9136125,
      0.9142825,
      0.9151975,
      0.9161175,
      0.90957375,
      0.91309125,
      0.914405,
      0.91576625,
      0.91666,
      0.9177575,
      0.9184475,
      0.91947875,
      0.92022375,
      0.9207
    ],
    "val_accuracy": [
      NaN,
      NaN,
      NaN,
      NaN,
      NaN,
      NaN,
      NaN,
      NaN,
      NaN,
      0.88146,
      NaN,
      NaN,
      NaN,
      NaN,
      NaN,
      NaN,
      NaN,
      NaN,
      NaN,
      0.89653,
      NaN,
      NaN,
      NaN,
      NaN,
      NaN,
      NaN,
      NaN,
      NaN,
      NaN,
      0.9038,
      NaN,
      NaN,
      NaN,
      NaN,
      NaN,
      NaN,
      NaN,
      NaN,
      NaN,
      0.90906,
      NaN,
      NaN,
      NaN,
      NaN,
      NaN,
      NaN,
      NaN,
      NaN,
      NaN,
      0.91345
    ],
    "epoch_time_seconds": [
      34.14996552467346,
      34.79807758331299,
      35.00608420372009,
      34.734545946121216,
      34.93279433250427,
      35.17365312576294,
      34.32139801979065,
      33.854187965393066,
      33.73878479003906,
      35.44585967063904,
      36.25584888458252,
      34.80158996582031,
      35.65526032447815,
      35.38030552864075,
      35.950814723968506,
      35.32446479797363,
      36.32349109649658,
      34.52322292327881,
      34.34146761894226,
      35.01302146911621,
      32.31973457336426,
      33.113810777664185,
      32.91099262237549,
      33.36268877983093,
      33.486217737197876,
      34.35319685935974,
      33.96494460105896,
      33.7172429561615,
      34.50135111808777,
      35.46239614486694,
      33.164108753204346,
      31.421240091323853,
      31.940464735031128,
      30.973337650299072,
      30.74099111557007,
      31.172593116760254,
      31.747848510742188,
      31.473626136779785,
      31.027586936950684,
      32.9391508102417,
      35.43826675415039,
      33.43522238731384,
      33.46734404563904,
      34.05261182785034,
      34.13229250907898,
      34.533787965774536,
      34.82096862792969,
      34.86979675292969,
      35.66361713409424,
      36.34938955307007
    ],
    "learning_rate": [
      0.001,
      0.001,
      0.001,
      0.001,
      0.001,
      0.001,
      0.001,
      0.001,
      0.001,
      0.001,
      0.001,
      0.001,
      0.001,
      0.001,
      0.001,
      0.001,
      0.001,
      0.001,
      0.001,
      0.001,
      0.001,
      0.001,
      0.001,
      0.001,
      0.001,
      0.001,
      0.001,
      0.001,
      0.001,
      0.001,
      0.001,
      0.001,
      0.001,
      0.001,
      0.001,
      0.001,
      0.001,
      0.001,
      0.001,
      0.001,
      0.001,
      0.001,
      0.001,
      0.001,
      0.001,
      0.001,
      0.001,
      0.001,
      0.001,
      0.001
    ],
    "gpu_memory_mb": [
      0.0,
      0.0,
      0.0,
      0.0,
      0.0,
      0.0,
      0.0,
      0.0,
      0.0,
      0.0,
      0.0,
      0.0,
      0.0,
      0.0,
      0.0,
      0.0,
      0.0,
      0.0,
      0.0,
      0.0,
      0.0,
      0.0,
      0.0,
      0.0,
      0.0,
      0.0,
      0.0,
      0.0,
      0.0,
      0.0,
      0.0,
      0.0,
      0.0,
      0.0,
      0.0,
      0.0,
      0.0,
      0.0,
      0.0,
      0.0,
      0.0,
      0.0,
      0.0,
      0.0,
      0.0,
      0.0,
      0.0,
      0.0,
      0.0,
      0.0
    ],
    "train_block_idx": [
      0,
      0,
      0,
      0,
      0,
      0,
      0,
      0,
      0,
      0,
      1,
      1,
      1,
      1,
      1,
      1,
      1,
      1,
      1,
      1,
      2,
      2,
      2,
      2,
      2,
      2,
      2,
      2,
      2,
      2,
      3,
      3,
      3,
      3,
      3,
      3,
      3,
      3,
      3,
      3,
      4,
      4,
      4,
      4,
      4,
      4,
      4,
      4,
      4,
      4
    ],
    "train_samples": [
      800000,
      800000,
      800000,
      800000,
      800000,
      800000,
      800000,
      800000,
      800000,
      800000,
      800000,
      800000,
      800000,
      800000,
      800000,
      800000,
      800000,
      800000,
      800000,
      800000,
      800000,
      800000,
      800000,
      800000,
      800000,
      800000,
      800000,
      800000,
      800000,
      800000,
      800000,
      800000,
      800000,
      800000,
      800000,
      800000,
      800000,
      800000,
      800000,
      800000,
      800000,
      800000,
      800000,
      800000,
      800000,
      800000,
      800000,
      800000,
      800000,
      800000
    ]
  },
  "final_metrics": {
    "final_loss": 0.16597269020345412,
    "train_accuracy": 0.915,
    "val_accuracy": 0.91345,
    "test_accuracy": 0.91416,