{
  "split_name": "c1_only_d3",
  "split_config": {
    "d3": 1.0,
    "d5": 0.0,
    "d7": 0.0
  },
  "hyperparams": {
    "phi_hidden": [
      128,
      128
    ],
    "rho_hidden": [
      128,
      64
    ],
    "pool": "mean",
    "dropout": 0.0,
    "learning_rate": 0.001
  },
  "training_config": {
    "total_samples": 1000000,
    "epochs": 50,
    "batch_size": 256,
    "refresh_every": 10,
    "validate_every": 10,
    "train_samples_per_block": 800000,
    "eval_total": 200000,
    "p_values": [
      0.001,
      0.003,
      0.005,
      0.007
    ],
    "p_weights": [
      0.25,
      0.25,
      0.25,
      0.25
    ]
  },
  "epoch_metrics": {
    "epochs": [
      1,
      2,
      3,
      4,
      5,
      6,
      7,
      8,
      9,
      10,
      11,
      12,
      13,
      14,
      15,
      16,
      17,
      18,
      19,
      20,
      21,
      22,
      23,
      24,
      25,
      26,
      27,
      28,
      29,
      30,
      31,
      32,
      33,
      34,
      35,
      36,
      37,
      38,
      39,
      40,
      41,
      42,
      43,
      44,
      45,
      46,
      47,
      48,
      49,
      50
    ],
    "train_loss": [
      0.060969658072590825,
      0.04911546547144651,
      0.04642972507148981,
      0.04512405463129282,
      0.044038825107216836,
      0.04327238022133708,
      0.042677868369072676,
      0.04226576108843088,
      0.04186228136822581,
      0.04153188536047935,
      0.04180578793942928,
      0.0411391858766973,
      0.04075450766354799,
      0.04046700885221362,
      0.04017690269738436,
      0.03997376250073314,
      0.039715202378481626,
      0.039484970609098675,
      0.03934752937600017,
      0.039238779295831916,
      0.040419405562132596,
      0.039808401149511334,
      0.03947933833152056,
      0.039301872507929804,
      0.03909453723117709,
      0.038942359755933284,
      0.03879802166447043,
      0.0386167599093914,
      0.038491511756777765,
      0.03838212491735816,
      0.03986127408310771,
      0.039211255142390725,
      0.03893474379599094,
      0.03870132824897766,
      0.03855396108195186,
      0.03838509914532304,
      0.03823089830249548,
      0.03811224853217602,
      0.037970467410683634,
      0.03782165089972317,
      0.03982745730608702,
      0.03919841016471386,
      0.03889614623039961,
      0.03868475982829928,
      0.03853439218625426,
      0.03838276330828667,
      0.03819437849104405,
      0.03809125591054559,
      0.038017061210125686,
      0.037917990634590386
    ],
    "train_accuracy": [
      0.9784975,
      0.9830975,
      0.98396375,
      0.9845875,
      0.98497875,
      0.9852975,
      0.98556625,
      0.98570375,
      0.98566875,
      0.98595125,
      0.985845,
      0.986185,
      0.9863875,
      0.986495,
      0.9865375,
      0.98659875,
      0.98660375,
      0.98670375,
      0.98694625,
      0.986915,
      0.9866575,
      0.9867775,
      0.98683625,
      0.9869475,
      0.98703875,
      0.987155,
      0.9872325,
      0.9871775,
      0.98729125,
      0.987345,
      0.98689125,
      0.98705,
      0.9871175,
      0.98733625,
      0.987375,
      0.98735125,
      0.9874725,
      0.98745875,
      0.98756875,
      0.98761875,
      0.986905,
      0.987115,
      0.98710375,
      0.98729,
      0.98730375,
      0.9873475,
      0.98739625,
      0.98742875,
      0.987525,
      0.98760625
    ],
    "val_accuracy": [
      NaN,
      NaN,
      NaN,
      NaN,
      NaN,
      NaN,
      NaN,
      NaN,
      NaN,
      0.98576,
      NaN,
      NaN,
      NaN,
      NaN,
      NaN,
      NaN,
      NaN,
      NaN,
      NaN,
      0.98675,
      NaN,
      NaN,
      NaN,
      NaN,
      NaN,
      NaN,
      NaN,
      NaN,
      NaN,
      0.98677,
      NaN,
      NaN,
      NaN,
      NaN,
      NaN,
      NaN,
      NaN,
      NaN,
      NaN,
      0.98693,
      NaN,
      NaN,
      NaN,
      NaN,
      NaN,
      NaN,
      NaN,
      NaN,
      NaN,
      0.98697
    ],
    "epoch_time_seconds": [
      15.575003147125244,
      15.713080644607544,
      15.721354246139526,
      15.547960042953491,
      15.738022565841675,
      15.560282468795776,
      15.667673826217651,
      15.822149276733398,
      15.828221797943115,
      16.345967531204224,
      15.846834659576416,
      15.884146213531494,
      15.771458625793457,
      15.609940528869629,
      15.659942388534546,
      15.664347887039185,
      15.696586847305298,
      15.94119906425476,
      15.633341550827026,
      16.36048436164856,
      15.710552453994751,
      15.812314987182617,
      15.502054214477539,
      15.881678581237793,
      15.827454328536987,
      15.353777647018433,
      15.342573165893555,
      15.759868621826172,
      15.58674931526184,
      16.034074544906616,
      15.913651704788208,
      15.533966064453125,
      15.49476432800293,
      16.215765714645386,
      15.60558557510376,
      16.07686185836792,
      15.608997583389282,
      15.764697790145874,
      15.564471960067749,
      16.503376483917236,
      15.899033546447754,
      15.93197751045227,
      15.717949151992798,
      15.879388093948364,
      16.00229287147522,
      15.947357892990112,
      15.739250659942627,
      15.716845512390137,
      15.574617385864258,
      16.449974298477173
    ],
    "learning_rate": [
      0.001,
      0.001,
      0.001,
      0.001,
      0.001,
      0.001,
      0.001,
      0.001,
      0.001,
      0.001,
      0.001,
      0.001,
      0.001,
      0.001,
      0.001,
      0.001,
      0.001,
      0.001,
      0.001,
      0.001,
      0.001,
      0.001,
      0.001,
      0.001,
      0.001,
      0.001,
      0.001,
      0.001,
      0.001,
      0.001,
      0.001,
      0.001,
      0.001,
      0.001,
      0.001,
      0.001,
      0.001,
      0.001,
      0.001,
      0.001,
      0.001,
      0.001,
      0.001,
      0.001,
      0.001,
      0.001,
      0.001,
      0.001,
      0.001,
      0.001
    ],
    "gpu_memory_mb": [
      0.0,
      0.0,
      0.0,
      0.0,
      0.0,
      0.0,
      0.0,
      0.0,
      0.0,
      0.0,
      0.0,
      0.0,
      0.0,
      0.0,
      0.0,
      0.0,
      0.0,
      0.0,
      0.0,
      0.0,
      0.0,
      0.0,
      0.0,
      0.0,
      0.0,
      0.0,
      0.0,
      0.0,
      0.0,
      0.0,
      0.0,
      0.0,
      0.0,
      0.0,
      0.0,
      0.0,
      0.0,
      0.0,
      0.0,
      0.0,
      0.0,
      0.0,
      0.0,
      0.0,
      0.0,
      0.0,
      0.0,
      0.0,
      0.0,
      0.0
    ],
    "train_block_idx": [
      0,
      0,
      0,
      0,
      0,
      0,
      0,
      0,
      0,
      0,
      1,
      1,
      1,
      1,
      1,
      1,
      1,
      1,
      1,
      1,
      2,
      2,
      2,
      2,
      2,
      2,
      2,
      2,
      2,
      2,
      3,
      3,
      3,
      3,
      3,
      3,
      3,
      3,
      3,
      3,
      4,
      4,
      4,
      4,
      4,
      4,
      4,
      4,
      4,
      4
    ],
    "train_samples": [
      800000,
      800000,
      800000,
      800000,
      800000,
      800000,
      800000,
      800000,
      800000,
      800000,
      800000,
      800000,
      800000,
      800000,
      800000,
      800000,
      800000,
      800000,
      800000,
      800000,
      800000,
      800000,
      800000,
      800000,
      800000,
      800000,
      800000,
      800000,
      800000,
      800000,
      800000,
      800000,
      800000,
      800000,
      800000,
      800000,
      800000,
      800000,
      800000,
      800000,
      800000,
      800000,
      800000,
      800000,
      800000,
      800000,
      800000,
      800000,
      800000,
      800000
    ]
  },
  "final_metrics": {
    "final_loss": 0.037917990634590386,
    "train_accuracy": 0.9882,
    "val_accuracy": 0.98697,