{
  "split_name": "c3_only_d7",
  "split_config": {
    "d3": 0.0,
    "d5": 0.0,
    "d7": 1.0
  },
  "hyperparams": {
    "phi_hidden": [
      128,
      128
    ],
    "rho_hidden": [
      128,
      64
    ],
    "pool": "mean",
    "dropout": 0.0,
    "learning_rate": 0.001
  },
  "training_config": {
    "total_samples": 1000000,
    "epochs": 50,
    "batch_size": 256,
    "refresh_every": 10,
    "validate_every": 10,
    "train_samples_per_block": 800000,
    "eval_total": 200000,
    "p_values": [
      0.001,
      0.003,
      0.005,
      0.007
    ],
    "p_weights": [
      0.25,
      0.25,
      0.25,
      0.25
    ]
  },
  "epoch_metrics": {
    "epochs": [
      1,
      2,
      3,
      4,
      5,
      6,
      7,
      8,
      9,
      10,
      11,
      12,
      13,
      14,
      15,
      16,
      17,
      18,
      19,
      20,
      21,
      22,
      23,
      24,
      25,
      26,
      27,
      28,
      29,
      30,
      31,
      32,
      33,
      34,
      35,
      36,
      37,
      38,
      39,
      40,
      41,
      42,
      43,
      44,
      45,
      46,
      47,
      48,
      49,
      50
    ],
    "train_loss": [
      0.44825114434242247,
      0.37971765047073364,
      0.3459389845848084,
      0.3253011692810059,
      0.3115320798635483,
      0.30120502858161924,
      0.29261607330322265,
      0.28556840690135954,
      0.2798302866220474,
      0.2743531320667267,
      0.2758906347608566,
      0.2682585623884201,
      0.2624934468269348,
      0.25762154351234434,
      0.2534455076646805,
      0.24980239705085755,
      0.24662998201847075,
      0.24359349232673644,
      0.24079938666820527,
      0.2386602637910843,
      0.2469277668905258,
      0.2411816071796417,
      0.23733308843135834,
      0.23450297039985657,
      0.23171032958030702,
      0.2293874945163727,
      0.2270420505666733,
      0.2251088727760315,
      0.2231622854590416,
      0.22135470752239228,
      0.23177643265724182,
      0.226310667014122,
      0.22257985626220703,
      0.21990890531539917,
      0.2173700625514984,
      0.21497141632556915,
      0.21321476789951324,
      0.21129324192523957,
      0.20964898315906524,
      0.20825282482147217,
      0.2190423417043686,
      0.21342874402999878,
      0.21030503937244416,
      0.2076653836631775,
      0.2055434452009201,
      0.2037487273311615,
      0.20230160365104674,
      0.200818970246315,
      0.1995767725777626,
      0.19817149344444274
    ],
    "train_accuracy": [
      0.74938125,
      0.79314125,
      0.8149025,
      0.82774625,
      0.83679375,
      0.84384125,
      0.8498075,
      0.85433375,
      0.857575,
      0.86152,
      0.8611225,
      0.865255,
      0.86855375,
      0.87148,
      0.87365625,
      0.8759375,
      0.8779125,
      0.87938375,
      0.880595,
      0.88209875,
      0.8780775,
      0.88108625,
      0.88317125,
      0.88438375,
      0.88587875,
      0.8871925,
      0.88851,
      0.889495,
      0.8905675,
      0.89171875,
      0.88638875,
      0.88942375,
      0.891285,
      0.8925925,
      0.89352375,
      0.8952,
      0.8958025,
      0.89702375,
      0.89770875,
      0.89872,
      0.89356125,
      0.8963325,
      0.8978625,
      0.898985,
      0.900175,
      0.9010375,
      0.90170625,
      0.90250875,
      0.90330125,
      0.90394875
    ],
    "val_accuracy": [
      NaN,
      NaN,
      NaN,
      NaN,
      NaN,
      NaN,
      NaN,
      NaN,
      NaN,
      0.85775,
      NaN,
      NaN,
      NaN,
      NaN,
      NaN,
      NaN,
      NaN,
      NaN,
      NaN,
      0.87499,
      NaN,
      NaN,
      NaN,
      NaN,
      NaN,
      NaN,
      NaN,
      NaN,
      NaN,
      0.8842,
      NaN,
      NaN,
      NaN,
      NaN,
      NaN,
      NaN,
      NaN,
      NaN,
      NaN,
      0.89219,
      NaN,
      NaN,
      NaN,
      NaN,
      NaN,
      NaN,
      NaN,
      NaN,
      NaN,
      0.89721
    ],
    "epoch_time_seconds": [
      38.962010622024536,
      39.26787304878235,
      38.58069896697998,
      37.956265687942505,
      37.97239279747009,
      35.977484941482544,
      37.47218346595764,
      37.47676229476929,
      38.98708128929138,
      40.9662070274353,
      39.35384964942932,
      36.43926453590393,
      36.87863492965698,
      36.826762676239014,
      36.878623723983765,
      36.78274202346802,
      36.85751557350159,
      36.60850477218628,
      37.48551845550537,
      39.132983684539795,
      39.586310148239136,
      38.419514656066895,
      38.63066792488098,
      38.36649227142334,
      38.851296186447144,
      38.43828296661377,
      37.08257865905762,
      37.53633999824524,
      38.57876968383789,
      41.44308590888977,
      40.83068585395813,
      38.547860622406006,
      38.91642689704895,
      38.27505826950073,
      38.05445885658264,
      39.05939507484436,
      38.75635480880737,
      37.73036170005798,
      38.16917085647583,
      39.64348387718201,
      39.519493103027344,
      38.00323820114136,
      37.44364380836487,
      37.06029796600342,
      37.73740530014038,
      37.5771222114563,
      37.85296177864075,
      36.84377861022949,
      37.210474252700806,
      39.192564725875854
    ],
    "learning_rate": [
      0.001,
      0.001,
      0.001,
      0.001,
      0.001,
      0.001,
      0.001,
      0.001,
      0.001,
      0.001,
      0.001,
      0.001,
      0.001,
      0.001,
      0.001,
      0.001,
      0.001,
      0.001,
      0.001,
      0.001,
      0.001,
      0.001,
      0.001,
      0.001,
      0.001,
      0.001,
      0.001,
      0.001,
      0.001,
      0.001,
      0.001,
      0.001,
      0.001,
      0.001,
      0.001,
      0.001,
      0.001,
      0.001,
      0.001,
      0.001,
      0.001,
      0.001,
      0.001,
      0.001,
      0.001,
      0.001,
      0.001,
      0.001,
      0.001,
      0.001
    ],
    "gpu_memory_mb": [
      0.0,
      0.0,
      0.0,
      0.0,
      0.0,
      0.0,
      0.0,
      0.0,
      0.0,
      0.0,
      0.0,
      0.0,
      0.0,
      0.0,
      0.0,
      0.0,
      0.0,
      0.0,
      0.0,
      0.0,
      0.0,
      0.0,
      0.0,
      0.0,
      0.0,
      0.0,
      0.0,
      0.0,
      0.0,
      0.0,
      0.0,
      0.0,
      0.0,
      0.0,
      0.0,
      0.0,
      0.0,
      0.0,
      0.0,
      0.0,
      0.0,
      0.0,
      0.0,
      0.0,
      0.0,
      0.0,
      0.0,
      0.0,
      0.0,
      0.0
    ],
    "train_block_idx": [
      0,
      0,
      0,
      0,
      0,
      0,
      0,
      0,
      0,
      0,
      1,
      1,
      1,
      1,
      1,
      1,
      1,
      1,
      1,
      1,
      2,
      2,
      2,
      2,
      2,
      2,
      2,
      2,
      2,
      2,
      3,
      3,
      3,
      3,
      3,
      3,
      3,
      3,
      3,
      3,
      4,
      4,
      4,
      4,
      4,
      4,
      4,
      4,
      4,
      4
    ],
    "train_samples": [
      800000,
      800000,
      800000,
      800000,
      800000,
      800000,
      800000,
      800000,
      800000,
      800000,
      800000,
      800000,
      800000,
      800000,
      800000,
      800000,
      800000,
      800000,
      800000,
      800000,
      800000,
      800000,
      800000,
      800000,
      800000,
      800000,
      800000,
      800000,
      800000,
      800000,
      800000,
      800000,
      800000,
      800000,
      800000,
      800000,
      800000,
      800000,
      800000,
      800000,
      800000,
      800000,
      800000,
      800000,
      800000,
      800000,
      800000,
      800000,
      800000,
      800000
    ]
  },
  "final_metrics": {
    "final_loss": 0.19817149344444274,
    "train_accuracy": 0.8993,
    "val_accuracy": 0.89721,
    "test_accuracy": 0.89952,
    "total_training_time_seconds": 1916.2284679412842
  },