{
  "split_name": "c4_no_d7",
  "split_config": {
    "d3": 0.5,
    "d5": 0.5,
    "d7": 0.0
  },
  "hyperparams": {
    "phi_hidden": [
      128,
      128
    ],
    "rho_hidden": [
      128,
      64
    ],
    "pool": "mean",
    "dropout": 0.0,
    "learning_rate": 0.001
  },
  "training_config": {
    "total_samples": 1000000,
    "epochs": 50,
    "batch_size": 256,
    "refresh_every": 10,
    "validate_every": 10,
    "train_samples_per_block": 800000,
    "eval_total": 200000,
    "p_values": [
      0.001,
      0.003,
      0.005,
      0.007
    ],
    "p_weights": [
      0.25,
      0.25,
      0.25,
      0.25
    ]
  },
  "epoch_metrics": {
    "epochs": [
      1,
      2,
      3,
      4,
      5,
      6,
      7,
      8,
      9,
      10,
      11,
      12,
      13,
      14,
      15,
      16,
      17,
      18,
      19,
      20,
      21,
      22,
      23,
      24,
      25,
      26,
      27,
      28,
      29,
      30,
      31,
      32,
      33,
      34,
      35,
      36,
      37,
      38,
      39,
      40,
      41,
      42,
      43,
      44,
      45,
      46,
      47,
      48,
      49,
      50
    ],
    "train_loss": [
      0.16988058881452803,
      0.12893376158078465,
      0.11464756447464342,
      0.10751320729872316,
      0.1025747220916465,
      0.09873836573960541,
      0.09519433648065113,
      0.09221142497132946,
      0.08981532465427594,
      0.08753893381983914,
      0.09119870495846613,
      0.08746433328963478,
      0.08481113665474439,
      0.08269428627661436,
      0.08067969336387149,
      0.07892861954110507,
      0.07730036400188826,
      0.07583104460056268,
      0.07458556527066297,
      0.07327977547838256,
      0.07962561502140457,
      0.07615027739517438,
      0.07385052523905827,
      0.07231244659370081,
      0.07062730694386896,
      0.06929931053695146,
      0.06804499202114438,
      0.06714314549088225,
      0.06583240212707572,
      0.06501570373197978,
      0.07129233460980619,
      0.0675843947359092,
      0.06588994164016249,
      0.06429309199828719,
      0.06297990124507599,
      0.06209145229972985,
      0.06103219884797521,
      0.06030548577523425,
      0.059536352625977125,
      0.05853981124067361,
      0.06700165574593793,
      0.06363384575795761,
      0.06195232429588124,
      0.06073193772521969,
      0.059619665540330546,
      0.058528817744099765,
      0.05771428401393057,
      0.05714316295116654,
      0.05631432851915911,
      0.0556058923647425
    ],
    "train_accuracy": [
      0.9229775,
      0.94520375,
      0.9517525,
      0.9549575,
      0.95720875,
      0.95886875,
      0.960585,
      0.96175875,
      0.9630075,
      0.9638,
      0.96238375,
      0.96418375,
      0.96514875,
      0.96615,
      0.96703875,
      0.967995,
      0.96861875,
      0.9692975,
      0.96977125,
      0.97034625,
      0.9673625,
      0.96880625,
      0.970035,
      0.97079,
      0.971355,
      0.97205125,
      0.97258875,
      0.9729625,
      0.9736675,
      0.97384125,
      0.9715275,
      0.97308,
      0.97375,
      0.97435875,
      0.97489125,
      0.9754075,
      0.975885,
      0.97610875,
      0.976675,
      0.977075,
      0.97392125,
      0.97527,
      0.9758525,
      0.9763375,
      0.976825,
      0.9772525,
      0.97764875,
      0.97781,
      0.97830125,
      0.97860125
    ],
    "val_accuracy": [
      NaN,
      NaN,
      NaN,
      NaN,
      NaN,
      NaN,
      NaN,
      NaN,
      NaN,
      0.9625,
      NaN,
      NaN,
      NaN,
      NaN,
      NaN,
      NaN,
      NaN,
      NaN,
      NaN,
      0.96847,
      NaN,
      NaN,
      NaN,
      NaN,
      NaN,
      NaN,
      NaN,
      NaN,
      NaN,
      0.97195,
      NaN,
      NaN,
      NaN,
      NaN,
      NaN,
      NaN,
      NaN,
      NaN,
      NaN,
      0.97357,
      NaN,
      NaN,
      NaN,
      NaN,
      NaN,
      NaN,
      NaN,
      NaN,
      NaN,
      0.97526
    ],
    "epoch_time_seconds": [
      18.975877285003662,
      19.02683711051941,
      19.059083223342896,
      18.954524278640747,
      18.897074222564697,
      18.985926866531372,
      19.354649305343628,
      19.124611854553223,
      19.156238555908203,
      20.199970960617065,
      19.316062927246094,
      19.134490966796875,
      19.404432773590088,
      19.205337285995483,
      18.96637535095215,
      19.073399543762207,
      19.511197328567505,
      19.44399881362915,
      19.556490421295166,
      20.449467658996582,
      19.847047805786133,
      19.69178533554077,
      19.447222471237183,
      19.509063243865967,
      19.370973110198975,
      19.351593017578125,
      18.897255182266235,
      19.110385179519653,
      19.208006620407104,
      20.04531455039978,
      19.64124298095703,
      19.778547048568726,
      19.459829807281494,
      19.909459590911865,
      19.09160614013672,
      19.21552562713623,
      19.463500022888184,
      19.11193871498108,
      19.020658016204834,
      19.960949659347534,
      19.623514652252197,
      19.118658542633057,
      18.688074827194214,
      18.527425289154053,
      18.972820281982422,
      18.803264617919922,
      19.159605264663696,
      19.043185710906982,
      19.411839962005615,
      20.220118045806885
    ],
    "learning_rate": [
      0.001,
      0.001,
      0.001,
      0.001,
      0.001,
      0.001,
      0.001,
      0.001,
      0.001,
      0.001,
      0.001,
      0.001,
      0.001,
      0.001,
      0.001,
      0.001,
      0.001,
      0.001,
      0.001,
      0.001,
      0.001,
      0.001,
      0.001,
      0.001,
      0.001,
      0.001,
      0.001,
      0.001,
      0.001,
      0.001,
      0.001,
      0.001,
      0.001,
      0.001,
      0.001,
      0.001,
      0.001,
      0.001,
      0.001,
      0.001,
      0.001,
      0.001,
      0.001,
      0.001,
      0.001,
      0.001,
      0.001,
      0.001,
      0.001,
      0.001
    ],
    "gpu_memory_mb": [
      0.0,
      0.0,
      0.0,
      0.0,
      0.0,
      0.0,
      0.0,
      0.0,
      0.0,
      0.0,
      0.0,
      0.0,
      0.0,
      0.0,
      0.0,
      0.0,
      0.0,
      0.0,
      0.0,
      0.0,
      0.0,
      0.0,
      0.0,
      0.0,
      0.0,
      0.0,
      0.0,
      0.0,
      0.0,
      0.0,
      0.0,
      0.0,
      0.0,
      0.0,
      0.0,
      0.0,
      0.0,
      0.0,
      0.0,
      0.0,
      0.0,
      0.0,
      0.0,
      0.0,
      0.0,
      0.0,
      0.0,
      0.0,
      0.0,
      0.0
    ],
    "train_block_idx": [
      0,
      0,
      0,
      0,
      0,
      0,
      0,
      0,
      0,
      0,
      1,
      1,
      1,
      1,
      1,
      1,
      1,
      1,
      1,
      1,
      2,
      2,
      2,
      2,
      2,
      2,
      2,
      2,
      2,
      2,
      3,
      3,
      3,
      3,
      3,
      3,
      3,
      3,
      3,
      3,
      4,
      4,
      4,
      4,
      4,
      4,
      4,
      4,
      4,
      4
    ],
    "train_samples": [
      800000,
      800000,
      800000,
      800000,
      800000,
      800000,
      800000,
      800000,
      800000,
      800000,
      800000,
      800000,
      800000,
      800000,
      800000,
      800000,
      800000,
      800000,
      800000,
      800000,
      800000,
      800000,
      800000,
      800000,
      800000,
      800000,
      800000,
      800000,
      800000,
      800000,
      800000,
      800000,
      800000,
      800000,
      800000,
      800000,
      800000,
      800000,
      800000,
      800000,
      800000,
      800000,
      800000,
      800000,
      800000,
      800000,
      800000,
      800000,
      800000,
      800000
    ]
  },
  "final_metrics": {
    "final_loss": 0.0556058923647425,
    "train_accuracy": 0.9693,
    "val_accuracy": 0.97526,
    "test_accuracy": 0.97501,