{
  "split_name": "equal_333333",
  "split_config": {
    "d3": 0.33,
    "d5": 0.33,
    "d7": 0.34
  },
  "hyperparams": {
    "phi_hidden": [
      128,
      128
    ],
    "rho_hidden": [
      128,
      64
    ],
    "pool": "mean",
    "dropout": 0.0,
    "learning_rate": 0.001
  },
  "training_config": {
    "total_samples": 1000000,
    "epochs": 50,
    "batch_size": 256,
    "refresh_every": 10,
    "validate_every": 10,
    "train_samples_per_block": 800000,
    "eval_total": 200000,
    "p_values": [
      0.001,
      0.003,
      0.005,
      0.007
    ],
    "p_weights": [
      0.25,
      0.25,
      0.25,
      0.25
    ]
  },
  "epoch_metrics": {
    "epochs": [
      1,
      2,
      3,
      4,
      5,
      6,
      7,
      8,
      9,
      10,
      11,
      12,
      13,
      14,
      15,
      16,
      17,
      18,
      19,
      20,
      21,
      22,
      23,
      24,
      25,
      26,
      27,
      28,
      29,
      30,
      31,
      32,
      33,
      34,
      35,
      36,
      37,
      38,
      39,
      40,
      41,
      42,
      43,
      44,
      45,
      46,
      47,
      48,
      49,
      50
    ],
    "train_loss": [
      0.28745787595090466,
      0.2406219461367492,
      0.21972751589316242,
      0.2057418793089614,
      0.19545153524490746,
      0.1873772599912172,
      0.18107495253365385,
      0.17582034154312323,
      0.17195436318512491,
      0.1679763941134189,
      0.17343061382733083,
      0.16742665270598964,
      0.1632124158230035,
      0.16015840120161465,
      0.15730681644528055,
      0.15471718313192118,
      0.152520318068552,
      0.1506073982971576,
      0.1485329766269043,
      0.14663096691720334,
      0.15724374425603743,
      0.1523234279989198,
      0.14906470496106214,
      0.14657649623517807,
      0.14440813400986063,
      0.142418842690931,
      0.14071248084956586,
      0.13905088248167355,
      0.13773865750664682,
      0.13630310746134972,
      0.14775583455395663,
      0.14292437412103248,
      0.14014234231784345,
      0.13768961169641689,
      0.13577541569709484,
      0.1338542488215686,
      0.13249292595357864,
      0.13099306947255324,
      0.1297368798378127,
      0.12836866536206584,
      0.14189470802658058,
      0.13710777464492213,
      0.13437810794131363,
      0.1319945483838679,
      0.13007721863448773,
      0.12860818288870082,
      0.12706213064392272,
      0.12560287984904125,
      0.1244694728398029,
      0.12328779642482988
    ],
    "train_accuracy": [
      0.85047125,
      0.87660125,
      0.88980875,
      0.89806625,
      0.90354,
      0.908635,
      0.91236625,
      0.91554,
      0.9179325,
      0.91986,
      0.916805,
      0.92021625,
      0.92201875,
      0.92391625,
      0.92545875,
      0.92648625,
      0.9279,
      0.92874,
      0.92988625,
      0.9311825,
      0.926465,
      0.92862,
      0.93031125,
      0.93153125,
      0.93262125,
      0.93348125,
      0.93448625,
      0.93483375,
      0.9358975,
      0.93641875,
      0.93138625,
      0.93377125,
      0.93494625,
      0.936075,
      0.9369875,
      0.9379925,
      0.93852125,
      0.939185,
      0.939915,
      0.94075125,
      0.93415625,
      0.93628125,
      0.937715,
      0.93888125,
      0.93974375,
      0.940665,
      0.94106,
      0.94191,
      0.942365,
      0.94299375
    ],
    "val_accuracy": [
      NaN,
      NaN,
      NaN,
      NaN,
      NaN,
      NaN,
      NaN,
      NaN,
      NaN,
      0.91595,
      NaN,
      NaN,
      NaN,
      NaN,
      NaN,
      NaN,
      NaN,
      NaN,
      NaN,
      0.92544,
      NaN,
      NaN,
      NaN,
      NaN,
      NaN,
      NaN,
      NaN,
      NaN,
      NaN,
      0.92976,
      NaN,
      NaN,
      NaN,
      NaN,
      NaN,
      NaN,
      NaN,
      NaN,
      NaN,
      0.93405,
      NaN,
      NaN,
      NaN,
      NaN,
      NaN,
      NaN,
      NaN,
      NaN,
      NaN,
      0.93719
    ],
    "epoch_time_seconds": [
      24.002432107925415,
      23.863089084625244,
      24.531214952468872,
      23.944955110549927,
      25.322792053222656,
      24.721592664718628,
      24.908851146697998,
      24.822174310684204,
      24.588012218475342,
      25.465391874313354,
      25.578351974487305,
      24.590519428253174,
      25.027831554412842,
      24.92307209968567,
      25.64737820625305,
      24.983972787857056,
      25.020482063293457,
      24.799931526184082,
      24.949591636657715,
      25.62454319000244,
      25.586883306503296,
      25.028761863708496,
      25.47960615158081,
      25.281856775283813,
      25.0211660861969,
      25.17892098426819,
      25.867724657058716,
      25.104764938354492,
      25.340895652770996,
      26.20870566368103,
      26.03798246383667,
      25.202004194259644,
      24.731451272964478,
      24.99447274208069,
      24.894270181655884,
      24.821695566177368,
      24.18891215324402,
      23.959972143173218,
      23.895568132400513,
      24.92708730697632,
      24.57619333267212,
      23.520588397979736,
      23.97745132446289,
      23.998064279556274,
      23.754655838012695,
      23.488367557525635,
      24.47528624534607,
      24.371496200561523,
      24.787784337997437,
      24.8930561542511
    ],
    "learning_rate": [
      0.001,
      0.001,
      0.001,
      0.001,
      0.001,
      0.001,
      0.001,
      0.001,
      0.001,
      0.001,
      0.001,
      0.001,
      0.001,
      0.001,
      0.001,
      0.001,
      0.001,
      0.001,
      0.001,
      0.001,
      0.001,
      0.001,
      0.001,
      0.001,
      0.001,
      0.001,
      0.001,
      0.001,
      0.001,
      0.001,
      0.001,
      0.001,
      0.001,
      0.001,
      0.001,
      0.001,
      0.001,
      0.001,
      0.001,
      0.001,
      0.001,
      0.001,
      0.001,
      0.001,
      0.001,
      0.001,
      0.001,
      0.001,
      0.001,
      0.001
    ],
    "gpu_memory_mb": [
      0.0,
      0.0,
      0.0,
      0.0,
      0.0,
      0.0,
      0.0,
      0.0,
      0.0,
      0.0,
      0.0,
      0.0,
      0.0,
      0.0,
      0.0,
      0.0,
      0.0,
      0.0,
      0.0,
      0.0,
      0.0,
      0.0,
      0.0,
      0.0,
      0.0,
      0.0,
      0.0,
      0.0,
      0.0,
      0.0,
      0.0,
      0.0,
      0.0,
      0.0,
      0.0,
      0.0,
      0.0,
      0.0,
      0.0,
      0.0,
      0.0,
      0.0,
      0.0,
      0.0,
      0.0,
      0.0,
      0.0,
      0.0,
      0.0,
      0.0
    ],
    "train_block_idx": [
      0,
      0,
      0,
      0,
      0,
      0,
      0,
      0,
      0,
      0,
      1,
      1,
      1,
      1,
      1,
      1,
      1,
      1,
      1,
      1,
      2,
      2,
      2,
      2,
      2,
      2,
      2,
      2,
      2,
      2,
      3,
      3,
      3,
      3,
      3,
      3,
      3,
      3,
      3,
      3,
      4,
      4,
      4,
      4,
      4,
      4,
      4,
      4,
      4,
      4
    ],
    "train_samples": [
      800000,
      800000,
      800000,
      800000,
      800000,
      800000,
      800000,
      800000,
      800000,
      800000,
      800000,
      800000,
      800000,
      800000,
      800000,
      800000,
      800000,
      800000,
      800000,
      800000,
      800000,
      800000,
      800000,
      800000,
      800000,
      800000,
      800000,
      800000,
      800000,
      800000,
      800000,
      800000,
      800000,
      800000,
      800000,
      800000,
      800000,
      800000,
      800000,
      800000,
      800000,
      800000,
      800000,
      800000,
      800000,
      800000,
      800000,
      800000,
      800000,
      800000
    ]
  },
  "final_metrics": {
    "final_loss": 0.12328779642482988,
    "train_accuracy": 0.9341,
    "val_accuracy": 0.93719,
    "test_accuracy": 0.9366,