{
  "split_name": "a1_d3_00",
  "split_config": {
    "d3": 0.0,
    "d5": 0.5,
    "d7": 0.5
  },
  "hyperparams": {
    "num_layers": 5,
    "hidden_dim": 256,
    "learning_rate": 0.0003,
    "dropout": 0.1,
    "aggr": "max"
  },
  "training_config": {
    "total_samples": 1000000,
    "epochs": 50,
    "batch_size": 256,
    "num_chunks": 4,
    "chunk_size": 200000,
    "chunk_lifetime": 4,
    "validate_every": 1,
    "train_samples_total": 800000,
    "val_samples": 10000,
    "val_seed": 1000041,
    "test_total": 200000,
    "p_values": [
      0.001,
      0.003,
      0.005,
      0.007
    ],
    "p_weights": [
      0.25,
      0.25,
      0.25,
      0.25
    ]
  },
  "epoch_metrics": {
    "epochs": [
      1,
      2,
      3,
      4,
      5,
      6,
      7,
      8,
      9,
      10,
      11,
      12,
      13,
      14,
      15,
      16,
      17,
      18,
      19,
      20,
      21,
      22,
      23,
      24,
      25,
      26,
      27,
      28,
      29,
      30,
      31,
      32,
      33,
      34,
      35,
      36,
      37,
      38,
      39,
      40,
      41,
      42,
      43,
      44,
      45,
      46,
      47,
      48,
      49,
      50
    ],
    "train_loss": [
      0.2558607904148102,
      0.1887334946505792,
      0.1699288408049468,
      0.1568915070718964,
      0.14796333026544858,
      0.14148502006328484,
      0.13640135326803352,
      0.1328322339859517,
      0.1288273320566542,
      0.12487775498507642,
      0.12212993955509735,
      0.11962883549741209,
      0.1176704096776963,
      0.11578154405737341,
      0.11431688613662404,
      0.11295617488481093,
      0.11155313693026472,
      0.11029249183938498,
      0.10916287400963255,
      0.10802538980879564,
      0.10677991057089639,
      0.10551778826243395,
      0.10480552262472134,
      0.10391640646254086,
      0.10290097289739633,
      0.10213759110129866,
      0.10143990342842964,
      0.10070652983541854,
      0.10041810726022499,
      0.09968754638263656,
      0.09884452752525136,
      0.09833178799657308,
      0.09775585058819748,
      0.09748661233029454,
      0.09713419673470196,
      0.09638740024094304,
      0.09610661448020891,
      0.09584226616750058,
      0.09508387137168307,
      0.09472144186676562,
      0.0943854403232314,
      0.09377100268264077,
      0.09326918262352803,
      0.09282202474618986,
      0.0924696024002541,
      0.09225278918955439,
      0.0915414019737956,
      0.09151058823815711,
      0.09079815584721415,
      0.09071424444750821
    ],
    "train_accuracy": [
      0.8757025,
      0.907207,
      0.9172233333333333,
      0.9244507142857142,
      0.9295514285714286,
      0.9331142857142857,
      0.9355392857142857,
      0.9377857142857143,
      0.9398121428571429,
      0.941915,
      0.9432571428571429,
      0.9446285714285715,
      0.9456642857142857,
      0.9465857142857143,
      0.9474878571428571,
      0.9479792857142857,
      0.9488221428571428,
      0.9495242857142857,
      0.9500107142857143,
      0.9506221428571429,
      0.9511971428571429,
      0.9518357142857143,
      0.9520628571428571,
      0.9524492857142857,
      0.9528571428571428,
      0.9535657142857142,
      0.9540471428571429,
      0.9541864285714285,
      0.9545314285714286,
      0.9549385714285714,
      0.9553478571428572,
      0.9556285714285714,
      0.9558714285714286,
      0.9561321428571429,
      0.9563907142857143,
      0.956705,
      0.95666,
      0.9567907142857143,
      0.9570442857142857,
      0.9572521428571429,
      0.9575171428571428,
      0.9577257142857143,
      0.9580628571428571,
      0.9581635714285714,
      0.9585714285714285,
      0.95862,
      0.9588292857142857,
      0.9589035714285714,
      0.9590007142857143,
      0.9592028571428571
    ],
    "val_accuracy": [
      0.9014,
      0.9075,
      0.9162,
      0.9256,
      0.9258,
      0.9304,
      0.936,
      0.9357,
      0.9426,
      0.9427,
      0.9447,
      0.9454,
      0.9477,
      0.9475,
      0.9468,
      0.947,
      0.9495,
      0.9476,
      0.9492,
      0.9516,
      0.9517,
      0.9522,
      0.9508,
      0.9529,
      0.9524,
      0.9533,
      0.9542,
      0.954,
      0.9554,
      0.9547,
      0.9568,
      0.9542,
      0.9569,
      0.958,
      0.9577,
      0.9561,
      0.9581,
      0.9603,
      0.958,
      0.9593,
      0.9581,
      0.9593,
      0.9583,
      0.9598,
      0.9611,
      0.9606,
      0.9609,
      0.9605,
      0.962,
      0.9616
    ],
    "epoch_time_seconds": [
      298.8370199203491,
      384.36585664749146,
      445.1178867816925,
      531.9266307353973,
      545.6578583717346,
      555.7132904529572,
      559.3534917831421,
      564.6616792678833,
      564.2020831108093,
      580.5171341896057,
      519.7878620624542,
      516.1299014091492,
      529.103746175766,
      536.2806942462921,
      543.9303839206696,
      545.6250464916229,
      542.8018312454224,
      549.8352229595184,
      519.8274590969086,
      520.437103509903,
      526.5453908443451,
      528.8068537712097,
      528.2888700962067,
      541.7140579223633,
      538.4361364841461,
      549.6419866085052,
      518.3227050304413,
      521.7481646537781,
      525.2842190265656,
      529.6157810688019,
      533.1264643669128,
      543.7619700431824,
      544.1492168903351,
      552.0069737434387,
      526.2524683475494,
      531.1570026874542,
      556.9451961517334,
      571.8515782356262,
      576.9969108104706,
      576.3347992897034,
      585.570155620575,
      583.9874994754791,
      562.507687330246,
      562.2673101425171,
      552.7713313102722,
      570.219740152359,
      556.5283114910126,
      574.8935418128967,
      579.2183027267456,
      577.5958437919617
    ],
    "learning_rate": [
      0.0003,
      0.0003,
      0.0003,
      0.0003,
      0.0003,
      0.0003,
      0.0003,
      0.0003,
      0.0003,
      0.0003,
      0.0003,
      0.0003,
      0.0003,
      0.0003,
      0.0003,
      0.0003,
      0.0003,
      0.0003,
      0.0003,
      0.0003,
      0.0003,
      0.0003,
      0.0003,
      0.0003,
      0.0003,
      0.0003,
      0.0003,
      0.0003,
      0.0003,
      0.0003,
      0.0003,
      0.0003,
      0.0003,
      0.0003,
      0.0003,
      0.0003,
      0.0003,
      0.0003,
      0.0003,
      0.0003,
      0.0003,
      0.0003,
      0.0003,
      0.0003,
      0.0003,
      0.0003,
      0.0003,
      0.0003,
      0.0003,
      0.0003
    ],
    "gpu_memory_mb": [
      0.0,
      0.0,
      0.0,
      0.0,
      0.0,
      0.0,
      0.0,
      0.0,
      0.0,
      0.0,
      0.0,
      0.0,
      0.0,
      0.0,
      0.0,
      0.0,
      0.0,
      0.0,
      0.0,
      0.0,
      0.0,
      0.0,
      0.0,
      0.0,
      0.0,
      0.0,
      0.0,
      0.0,
      0.0,
      0.0,
      0.0,
      0.0,
      0.0,
      0.0,
      0.0,
      0.0,
      0.0,
      0.0,
      0.0,
      0.0,
      0.0,
      0.0,
      0.0,
      0.0,
      0.0,
      0.0,
      0.0,
      0.0,
      0.0,
      0.0
    ],