{
  "split_name": "a1_d3_00",
  "split_config": {
    "d3": 0.0,
    "d5": 0.5,
    "d7": 0.5
  },
  "hyperparams": {
    "num_layers": 5,
    "hidden_dim": 128,
    "learning_rate": 0.0005,
    "dropout": 0.0,
    "aggr": "max"
  },
  "training_config": {
    "total_samples": 1000000,
    "epochs": 50,
    "batch_size": 256,
    "refresh_every": 10,
    "validate_every": 10,
    "train_samples_per_block": 800000,
    "eval_total": 200000,
    "p_values": [
      0.001,
      0.003,
      0.005,
      0.007
    ],
    "p_weights": [
      0.25,
      0.25,
      0.25,
      0.25
    ]
  },
  "epoch_metrics": {
    "epochs": [
      1,
      2,
      3,
      4,
      5,
      6,
      7,
      8,
      9,
      10,
      11,
      12,
      13,
      14,
      15,
      16,
      17,
      18,
      19,
      20,
      21,
      22,
      23,
      24,
      25,
      26,
      27,
      28,
      29,
      30,
      31,
      32,
      33,
      34,
      35,
      36,
      37,
      38,
      39,
      40,
      41,
      42,
      43,
      44,
      45,
      46,
      47,
      48,
      49,
      50
    ],
    "train_loss": [
      0.26884886909008027,
      0.20249983428001403,
      0.18484189645051957,
      0.17353382040262222,
      0.16499734162807464,
      0.1583616745042801,
      0.15276591808795928,
      0.1479401956319809,
      0.1437879150891304,
      0.140276270942688,
      0.14956763401985168,
      0.14279862737178803,
      0.13797171488761903,
      0.133971195397377,
      0.13085112710595131,
      0.12738349334716798,
      0.12460659997224807,
      0.12209685153245926,
      0.11970804939746857,
      0.11763207503914833,
      0.1366434636902809,
      0.12995460036754608,
      0.12619112717628478,
      0.12265238701581956,
      0.11975345595240593,
      0.11705919870615006,
      0.11453825664639473,
      0.11206506011486053,
      0.1100405957877636,
      0.10774955595731735,
      0.12878383635044097,
      0.12251152876853943,
      0.118268296200037,
      0.11533268775224685,
      0.11212058506846428,
      0.10954365509033204,
      0.10726247937202453,
      0.10522971922636032,
      0.10283763491630554,
      0.10112989092946052,
      0.12475388105630875,
      0.1180611838710308,
      0.11414698563575745,
      0.11066506972312927,
      0.10783203874230385,
      0.10531980680942535,
      0.10279688298583031,
      0.10052616319656373,
      0.09826652587175369,
      0.0965889453625679
    ],
    "train_accuracy": [
      0.86906375,
      0.900135,
      0.909555,
      0.91556,
      0.92013375,
      0.923825,
      0.92654375,
      0.9292,
      0.93112625,
      0.93264875,
      0.92892875,
      0.93228375,
      0.93468,
      0.9364,
      0.9381425,
      0.93965125,
      0.94118875,
      0.942245,
      0.9432675,
      0.9441475,
      0.93600375,
      0.939115,
      0.94076875,
      0.9425475,
      0.94366,
      0.94522875,
      0.94648625,
      0.9472825,
      0.9484125,
      0.94928375,
      0.93984375,
      0.942785,
      0.94452125,
      0.94615875,
      0.947405,
      0.9487025,
      0.950125,
      0.9504775,
      0.95159625,
      0.9523525,
      0.94233375,
      0.94528375,
      0.94681,
      0.9484875,
      0.94965125,
      0.950895,
      0.95201875,
      0.95311625,
      0.95404,
      0.95486625
    ],
    "val_accuracy": [
      NaN,
      NaN,
      NaN,
      NaN,
      NaN,
      NaN,
      NaN,
      NaN,
      NaN,
      0.92797,
      NaN,
      NaN,
      NaN,
      NaN,
      NaN,
      NaN,
      NaN,
      NaN,
      NaN,
      0.93539,
      NaN,
      NaN,
      NaN,
      NaN,
      NaN,
      NaN,
      NaN,
      NaN,
      NaN,
      0.94084,
      NaN,
      NaN,
      NaN,
      NaN,
      NaN,
      NaN,
      NaN,
      NaN,
      NaN,
      0.94233,
      NaN,
      NaN,
      NaN,
      NaN,
      NaN,
      NaN,
      NaN,
      NaN,
      NaN,
      0.94473
    ],
    "epoch_time_seconds": [
      187.51870155334473,
      187.4948070049286,
      187.33893942832947,
      187.15120673179626,
      187.66643047332764,
      188.89634108543396,
      187.361421585083,
      188.23884224891663,
      188.9082190990448,
      196.42601704597473,
      339.4352357387543,
      203.1825487613678,
      203.59940218925476,
      204.04720783233643,
      203.37738752365112,
      202.93109369277954,
      203.2761993408203,
      202.93263936042786,
      203.93982410430908,
      212.84883332252502,
      329.49772000312805,
      194.16396164894104,
      194.34300231933594,
      203.89070010185242,
      201.1275725364685,
      195.4710328578949,
      193.6358597278595,
      194.52178263664246,
      195.4336860179901,
      203.3477485179901,
      345.51082944869995,
      209.34541583061218,
      209.34804701805115,
      209.30620050430298,
      209.9409589767456,
      211.01436829566956,
      209.40551590919495,
      209.5086715221405,
      208.80241560935974,
      218.63759922981262,
      331.5006070137024,
      196.74768352508545,
      197.514808177948,
      195.9612340927124,
      196.1561782360077,
      196.64454174041748,
      197.56817650794983,
      196.45094275474548,
      196.19102501869202,
      203.28126311302185
    ],
    "learning_rate": [
      0.0005,
      0.0005,
      0.0005,
      0.0005,
      0.0005,
      0.0005,
      0.0005,
      0.0005,
      0.0005,
      0.0005,
      0.0005,
      0.0005,
      0.0005,
      0.0005,
      0.0005,
      0.0005,
      0.0005,
      0.0005,
      0.0005,
      0.0005,
      0.0005,
      0.0005,
      0.0005,
      0.0005,
      0.0005,
      0.0005,
      0.0005,
      0.0005,
      0.0005,
      0.0005,
      0.0005,
      0.0005,
      0.0005,
      0.0005,
      0.0005,
      0.0005,
      0.0005,
      0.0005,
      0.0005,
      0.0005,
      0.0005,
      0.0005,
      0.0005,
      0.0005,
      0.0005,
      0.0005,
      0.0005,
      0.0005,
      0.0005,
      0.0005
    ],
    "gpu_memory_mb": [
      0.0,
      0.0,
      0.0,
      0.0,
      0.0,
      0.0,
      0.0,
      0.0,
      0.0,
      0.0,
      0.0,
      0.0,
      0.0,
      0.0,
      0.0,
      0.0,
      0.0,
      0.0,
      0.0,
      0.0,
      0.0,
      0.0,
      0.0,
      0.0,
      0.0,
      0.0,
      0.0,
      0.0,
      0.0,
      0.0,
      0.0,
      0.0,
      0.0,
      0.0,
      0.0,
      0.0,
      0.0,
      0.0,
      0.0,
      0.0,
      0.0,
      0.0,
      0.0,
      0.0,
      0.0,
      0.0,
      0.0,
      0.0,
      0.0,
      0.0
    ],
    "train_block_idx": [
      0,
      0,
      0,
      0,
      0,
      0,
      0,
      0,
      0,
      0,
      1,
      1,
      1,
      1,
      1,
      1,
      1,
      1,
      1,
      1,
      2,
      2,
      2,
      2,
      2,
      2,
      2,
      2,
      2,
      2,
      3,
      3,
      3,
      3,
      3,
      3,
      3,
      3,
      3,
      3,
      4,
      4,
      4,
      4,
      4,
      4,
      4,
      4,
      4,
      4
    ],
    "train_samples": [
      800000,
      800000,
      800000,
      800000,
      800000,
      800000,
      800000,
      800000,
      800000,
      800000,
      800000,
      800000,
      800000,
      800000,
      800000,
      800000,
      800000,
      800000,
      800000,
      800000,
      800000,
      800000,
      800000,
      800000,
      800000,
      800000,
      800000,
      800000,
      800000,
      800000,
      800000,
      800000,
      800000,
      800000,
      800000,
      800000,
      800000,
      800000,
      800000,
      800000,
      800000,
      800000,
      800000,
      800000,
      800000,
      800000,
      800000,
      800000,
      800000,
      800000
    ]
  },
  "final_metrics": {
    "final_loss": 0.0965889453625679,
    "train_accuracy": 0.944,
    "val_accuracy": 0.94473,
    "test_accuracy": 0.94371,