{
  "split_name": "a2_d3_10",
  "split_config": {
    "d3": 0.1,
    "d5": 0.45,
    "d7": 0.45
  },
  "hyperparams": {
    "num_layers": 5,
    "hidden_dim": 128,
    "learning_rate": 0.0005,
    "dropout": 0.0,
    "aggr": "max"
  },
  "training_config": {
    "total_samples": 1000000,
    "epochs": 50,
    "batch_size": 256,
    "refresh_every": 10,
    "validate_every": 10,
    "train_samples_per_block": 800000,
    "eval_total": 200000,
    "p_values": [
      0.001,
      0.003,
      0.005,
      0.007
    ],
    "p_weights": [
      0.25,
      0.25,
      0.25,
      0.25
    ]
  },
  "epoch_metrics": {
    "epochs": [
      1,
      2,
      3,
      4,
      5,
      6,
      7,
      8,
      9,
      10,
      11,
      12,
      13,
      14,
      15,
      16,
      17,
      18,
      19,
      20,
      21,
      22,
      23,
      24,
      25,
      26,
      27,
      28,
      29,
      30,
      31,
      32,
      33,
      34,
      35,
      36,
      37,
      38,
      39,
      40,
      41,
      42,
      43,
      44,
      45,
      46,
      47,
      48,
      49,
      50
    ],
    "train_loss": [
      0.2549136767721176,
      0.19023685319423675,
      0.17422559048175812,
      0.16419147357463837,
      0.15650564450263976,
      0.1504787277007103,
      0.14577332141160965,
      0.14140531545639037,
      0.137600307970047,
      0.1341115891647339,
      0.14353639817714692,
      0.13730861610651016,
      0.13279993888616562,
      0.12899013085126876,
      0.12581637594461442,
      0.122869196498394,
      0.12005129550457001,
      0.117682228205204,
      0.11540214682936668,
      0.11302288784742355,
      0.1309947439479828,
      0.12504645197153091,
      0.12077394942522049,
      0.11754080495357513,
      0.11448353880286216,
      0.11163216742873192,
      0.10920266179323196,
      0.10706545674085617,
      0.10493241370081902,
      0.1027546840751171,
      0.12398830311536789,
      0.11784000593423843,
      0.11389428972363472,
      0.11081198335647582,
      0.10772158353805542,
      0.10528936090946198,
      0.103022399725914,
      0.10054108654618263,
      0.09855569167494774,
      0.09691068648934364,
      0.11957481813788413,
      0.1131165909421444,
      0.10936340075135231,
      0.10621420614242554,
      0.10339648759245873,
      0.10079892379283906,
      0.09843814495682716,
      0.11596957757353783,
      0.10988422395944596,
      0.10622877523660659
    ],
    "train_accuracy": [
      0.87706875,
      0.907075,
      0.9157275,
      0.9209525,
      0.92482875,
      0.92787875,
      0.9302625,
      0.93274625,
      0.9345425,
      0.9362775,
      0.93228375,
      0.9355325,
      0.93763625,
      0.93946125,
      0.94108375,
      0.94263875,
      0.94382375,
      0.94461125,
      0.94582625,
      0.94677,
      0.93952625,
      0.942085,
      0.944075,
      0.94522625,
      0.9468075,
      0.9479925,
      0.94942375,
      0.95024125,
      0.951145,
      0.95222375,
      0.94298875,
      0.9456125,
      0.94743125,
      0.9489375,
      0.95034125,
      0.9513375,
      0.95235375,
      0.95341875,
      0.9544625,
      0.95500375,
      0.94555125,
      0.9479525,
      0.949805,
      0.95116625,
      0.9523625,
      0.9536725,
      0.95447375,
      0.94727625,
      0.9497775,
      0.95152875
    ],
    "val_accuracy": [
      NaN,
      NaN,
      NaN,
      NaN,
      NaN,
      NaN,
      NaN,
      NaN,
      NaN,
      0.93067,
      NaN,
      NaN,
      NaN,
      NaN,
      NaN,
      NaN,
      NaN,
      NaN,
      NaN,
      0.93838,
      NaN,
      NaN,
      NaN,
      NaN,
      NaN,
      NaN,
      NaN,
      NaN,
      NaN,
      0.94266,
      NaN,
      NaN,
      NaN,
      NaN,
      NaN,
      NaN,
      NaN,
      NaN,
      NaN,
      0.94499,
      NaN,
      NaN,
      NaN,
      NaN,
      NaN,
      NaN,
      NaN,
      NaN,
      NaN,
      0.94793
    ],
    "epoch_time_seconds": [
      179.00633096694946,
      179.4237129688263,
      179.24966955184937,
      178.78425073623657,
      178.03255581855774,
      178.46227860450745,
      178.66861486434937,
      178.91453003883362,
      179.55894088745117,
      187.33555459976196,
      327.1646251678467,
      196.59179782867432,
      196.39704394340515,
      196.3494348526001,
      196.49962759017944,
      197.28867411613464,
      196.83140206336975,
      196.25808763504028,
      197.10847544670105,
      206.91488575935364,
      317.1968069076538,
      186.52249598503113,
      186.65438580513,
      187.3703577518463,
      186.88769936561584,
      188.05309224128723,
      187.50816106796265,
      188.08178782463074,
      187.76913857460022,
      194.74599504470825,
      328.7573595046997,
      199.29820442199707,
      200.24861431121826,
      199.16626501083374,
      198.24845671653748,
      199.59957027435303,
      198.8606994152069,
      199.25597500801086,
      199.97163605690002,
      208.83634281158447,
      318.0719168186188,
      186.6654748916626,
      187.20849585533142,
      186.80716705322266,
      188.6648714542389,
      187.7015471458435,
      188.12681913375854,
      181.11992740631104,
      179.78283309936523,
      191.83853197097778
    ],
    "learning_rate": [
      0.0005,
      0.0005,
      0.0005,
      0.0005,
      0.0005,
      0.0005,
      0.0005,
      0.0005,
      0.0005,
      0.0005,
      0.0005,
      0.0005,
      0.0005,
      0.0005,
      0.0005,
      0.0005,
      0.0005,
      0.0005,
      0.0005,
      0.0005,
      0.0005,
      0.0005,
      0.0005,
      0.0005,
      0.0005,
      0.0005,
      0.0005,
      0.0005,
      0.0005,
      0.0005,
      0.0005,
      0.0005,
      0.0005,
      0.0005,
      0.0005,
      0.0005,
      0.0005,
      0.0005,
      0.0005,
      0.0005,
      0.0005,
      0.0005,
      0.0005,
      0.0005,
      0.0005,
      0.0005,
      0.0005,
      0.0005,
      0.0005,
      0.0005
    ],
    "gpu_memory_mb": [
      0.0,
      0.0,
      0.0,
      0.0,
      0.0,
      0.0,
      0.0,
      0.0,
      0.0,
      0.0,
      0.0,
      0.0,
      0.0,
      0.0,
      0.0,
      0.0,
      0.0,
      0.0,
      0.0,
      0.0,
      0.0,
      0.0,
      0.0,
      0.0,
      0.0,
      0.0,
      0.0,
      0.0,
      0.0,
      0.0,
      0.0,
      0.0,
      0.0,
      0.0,
      0.0,
      0.0,
      0.0,
      0.0,
      0.0,
      0.0,
      0.0,
      0.0,
      0.0,
      0.0,
      0.0,
      0.0,
      0.0,
      0.0,
      0.0,
      0.0
    ],
    "train_block_idx": [
      0,
      0,
      0,
      0,
      0,
      0,
      0,
      0,
      0,
      0,
      1,
      1,
      1,
      1,
      1,
      1,
      1,
      1,
      1,
      1,
      2,
      2,
      2,
      2,
      2,
      2,
      2,
      2,
      2,
      2,
      3,
      3,
      3,
      3,
      3,
      3,
      3,
      3,
      3,
      3,
      4,
      4,
      4,
      4,
      4,
      4,
      4,
      4,
      4,
      4
    ],
    "train_samples": [
      800000,
      800000,
      800000,
      800000,
      800000,
      800000,
      800000,
      800000,
      800000,
      800000,
      800000,
      800000,
      800000,
      800000,
      800000,
      800000,
      800000,
      800000,
      800000,
      800000,
      800000,
      800000,
      800000,
      800000,
      800000,
      800000,
      800000,
      800000,
      800000,
      800000,
      800000,
      800000,
      800000,
      800000,
      800000,
      800000,
      800000,
      800000,
      800000,
      800000,
      800000,
      800000,
      800000,
      800000,
      800000,
      800000,
      800000,
      800000,
      800000,
      800000
    ]
  },
  "final_metrics": {
    "final_loss": 0.10622877523660659,
    "train_accuracy": 0.9506,
    "val_accuracy": 0.94793,
    "test_accuracy": 0.9475,