{
  "split_name": "a2_d3_10",
  "split_config": {
    "d3": 0.1,
    "d5": 0.45,
    "d7": 0.45
  },
  "hyperparams": {
    "num_layers": 5,
    "hidden_dim": 256,
    "learning_rate": 0.0003,
    "dropout": 0.1,
    "aggr": "max"
  },
  "training_config": {
    "total_samples": 1000000,
    "epochs": 50,
    "batch_size": 256,
    "num_chunks": 4,
    "chunk_size": 200000,
    "chunk_lifetime": 4,
    "validate_every": 1,
    "train_samples_total": 800000,
    "val_samples": 10000,
    "val_seed": 1000041,
    "test_total": 200000,
    "p_values": [
      0.001,
      0.003,
      0.005,
      0.007
    ],
    "p_weights": [
      0.25,
      0.25,
      0.25,
      0.25
    ]
  },
  "epoch_metrics": {
    "epochs": [
      1,
      2,
      3,
      4,
      5,
      6,
      7,
      8,
      9,
      10,
      11,
      12,
      13,
      14,
      15,
      16,
      17,
      18,
      19,
      20,
      21,
      22,
      23,
      24,
      25,
      26,
      27,
      28,
      29,
      30,
      31,
      32,
      33,
      34,
      35,
      36,
      37,
      38,
      39,
      40,
      41,
      42,
      43,
      44,
      45,
      46,
      47,
      48,
      49,
      50
    ],
    "train_loss": [
      0.24615078065872192,
      0.17728607057724152,
      0.15991322056520665,
      0.14805413861611705,
      0.13957357016717478,
      0.13379547427430366,
      0.12898752354609944,
      0.1243909710170495,
      0.12056438510286936,
      0.11764792907723541,
      0.11517424150227869,
      0.11323659034392411,
      0.11134862334277255,
      0.11019884319088755,
      0.10859403757129493,
      0.10708993417206619,
      0.10582276877076453,
      0.10481675332597741,
      0.1035451584823074,
      0.10214236384391523,
      0.10105740629622914,
      0.10047784090126578,
      0.0998900294076385,
      0.09904847154998325,
      0.09838218314542176,
      0.09778594181505586,
      0.09724027595625301,
      0.09650049996108476,
      0.0957321279897978,
      0.09491793587013689,
      0.09446955763837563,
      0.09385338721057467,
      0.0934978638223733,
      0.09307212872993664,
      0.09250108557784768,
      0.09219598102668213,
      0.09216194608177078,
      0.09150686949998288,
      0.09074105823698286,
      0.09043738313058783,
      0.08997402539618775,
      0.0900162858597309,
      0.08923232015634416,
      0.0887321455999841,
      0.08858998556866422,
      0.08828155399949138,
      0.08812381645733029,
      0.08789718559382712,
      0.08772472094851387,
      0.0868984248722781
    ],
    "train_accuracy": [
      0.883585,
      0.914115,
      0.9228691666666666,
      0.9293242857142857,
      0.93402,
      0.9370585714285714,
      0.9397271428571429,
      0.9421214285714286,
      0.944125,
      0.9456421428571429,
      0.9471471428571429,
      0.9480328571428571,
      0.9492528571428571,
      0.9495178571428572,
      0.950555,
      0.951455,
      0.9519642857142857,
      0.952385,
      0.9529664285714285,
      0.9539721428571428,
      0.9543371428571429,
      0.9546421428571429,
      0.9551078571428572,
      0.9553457142857142,
      0.9558121428571429,
      0.9559457142857143,
      0.9563435714285714,
      0.9567035714285714,
      0.9568914285714286,
      0.9574864285714285,
      0.9576664285714286,
      0.9580885714285714,
      0.9582921428571428,
      0.9584664285714286,
      0.9587671428571428,
      0.9588964285714285,
      0.9588357142857142,
      0.9591207142857143,
      0.9593428571428572,
      0.9597514285714286,
      0.959965,
      0.9600335714285714,
      0.9604678571428571,
      0.9605114285714286,
      0.9608085714285715,
      0.9607521428571428,
      0.9610492857142857,
      0.9611578571428572,
      0.9613971428571428,
      0.961285
    ],
    "val_accuracy": [
      0.9147,
      0.924,
      0.9248,
      0.9349,
      0.935,
      0.9361,
      0.9413,
      0.9411,
      0.9444,
      0.9452,
      0.9479,
      0.9468,
      0.9478,
      0.9489,
      0.952,
      0.9543,
      0.9524,
      0.9533,
      0.9528,
      0.9538,
      0.9545,
      0.9562,
      0.9559,
      0.9551,
      0.9575,
      0.9553,
      0.9568,
      0.9586,
      0.9587,
      0.9586,
      0.9585,
      0.961,
      0.9584,
      0.9611,
      0.9598,
      0.9596,
      0.9602,
      0.9601,
      0.9607,
      0.962,
      0.9615,
      0.96,
      0.9626,
      0.9622,
      0.9615,
      0.9618,
      0.964,
      0.9615,
      0.964,
      0.9626
    ],
    "epoch_time_seconds": [
      280.2100598812103,
      368.11503863334656,
      410.09828305244446,
      479.8209185600281,
      501.7960946559906,
      508.78658986091614,
      501.8780469894409,
      503.3815369606018,
      506.3103835582733,
      506.0092167854309,
      485.58056569099426,
      478.6425623893738,
      487.47889590263367,
      492.177449464798,
      488.4207820892334,
      505.28220319747925,
      506.84472727775574,
      507.118953704834,
      486.67965936660767,
      483.15774035453796,
      487.61332607269287,
      491.2170100212097,
      487.9298219680786,
      502.9455270767212,
      508.125262260437,
      505.5780417919159,
      487.3494231700897,
      480.49410796165466,
      493.6586799621582,
      506.84973978996277,
      485.9741656780243,
      508.38039326667786,
      509.13741850852966,
      505.6705675125122,
      496.57072734832764,
      490.8511667251587,
      488.6279950141907,
      503.18935775756836,
      503.7742817401886,
      527.46311211586,
      518.3061134815216,
      514.219188451767,
      497.978581905365,
      488.9062566757202,
      493.02459383010864,
      497.24032735824585,
      496.2075443267822,
      524.5474946498871,
      521.7536058425903,
      518.3220815658569
    ],
    "learning_rate": [
      0.0003,
      0.0003,
      0.0003,
      0.0003,
      0.0003,
      0.0003,
      0.0003,
      0.0003,
      0.0003,
      0.0003,
      0.0003,
      0.0003,
      0.0003,
      0.0003,
      0.0003,
      0.0003,
      0.0003,
      0.0003,
      0.0003,
      0.0003,
      0.0003,
      0.0003,
      0.0003,
      0.0003,
      0.0003,
      0.0003,
      0.0003,
      0.0003,
      0.0003,
      0.0003,
      0.0003,
      0.0003,
      0.0003,
      0.0003,
      0.0003,
      0.0003,
      0.0003,
      0.0003,
      0.0003,
      0.0003,
      0.0003,
      0.0003,
      0.0003,
      0.0003,
      0.0003,
      0.0003,
      0.0003,
      0.0003,
      0.0003,
      0.0003
    ],
    "gpu_memory_mb": [
      0.0,
      0.0,
      0.0,
      0.0,
      0.0,
      0.0,
      0.0,
      0.0,
      0.0,
      0.0,
      0.0,
      0.0,
      0.0,
      0.0,
      0.0,
      0.0,
      0.0,
      0.0,
      0.0,
      0.0,
      0.0,
      0.0,
      0.0,
      0.0,
      0.0,
      0.0,
      0.0,
      0.0,
      0.0,
      0.0,
      0.0,
      0.0,
      0.0,
      0.0,
      0.0,
      0.0,
      0.0,
      0.0,
      0.0,
      0.0,
      0.0,
      0.0,
      0.0,
      0.0,
      0.0,
      0.0,
      0.0,
      0.0,
      0.0,
      0.0
    ],