{
  "split_name": "a3_d3_20",
  "split_config": {
    "d3": 0.2,
    "d5": 0.4,
    "d7": 0.4
  },
  "hyperparams": {
    "num_layers": 5,
    "hidden_dim": 256,
    "learning_rate": 0.0003,
    "dropout": 0.1,
    "aggr": "max"
  },
  "training_config": {
    "total_samples": 1000000,
    "epochs": 50,
    "batch_size": 256,
    "num_chunks": 4,
    "chunk_size": 200000,
    "chunk_lifetime": 4,
    "validate_every": 1,
    "train_samples_total": 800000,
    "val_samples": 10000,
    "val_seed": 1000041,
    "test_total": 200000,
    "p_values": [
      0.001,
      0.003,
      0.005,
      0.007
    ],
    "p_weights": [
      0.25,
      0.25,
      0.25,
      0.25
    ]
  },
  "epoch_metrics": {
    "epochs": [
      1,
      2,
      3,
      4,
      5,
      6,
      7,
      8,
      9,
      10,
      11,
      12,
      13,
      14,
      15,
      16,
      17,
      18,
      19,
      20,
      21,
      22,
      23,
      24,
      25,
      26,
      27,
      28,
      29,
      30,
      31,
      32,
      33,
      34,
      35,
      36,
      37,
      38,
      39,
      40,
      41,
      42,
      43,
      44,
      45,
      46,
      47,
      48,
      49,
      50
    ],
    "train_loss": [
      0.2367050819540024,
      0.16547982317081095,
      0.1501841634232233,
      0.13970143354926473,
      0.132460015906475,
      0.12669062909793977,
      0.12225539943560601,
      0.11871375518168625,
      0.1158626639456358,
      0.11238531465952936,
      0.11004899176405387,
      0.10801698794272727,
      0.10632732047783346,
      0.10460288875373065,
      0.10347404787076808,
      0.1023521944989472,
      0.10137645930629431,
      0.10026514347561602,
      0.09909852243677901,
      0.09779825217614534,
      0.09683934676200887,
      0.09613551542266432,
      0.09518975760834726,
      0.09439656475187982,
      0.0938331495992966,
      0.09342785520401771,
      0.09326060172691492,
      0.09499183112629743,
      0.09298011739999683,
      0.09180632220950025,
      0.09071542375562155,
      0.08984715390278132,
      0.08918565355308053,
      0.08905353347780576,
      0.08855329200208187,
      0.0877482135105133,
      0.08775828250944614,
      0.08736445945858956,
      0.0869880646288395,
      0.08650419092774392,
      0.08567512138426304,
      0.085368469761312,
      0.08492102693140506,
      0.08483838722944259,
      0.08422786945998668,
      0.08388590288996696,
      0.08346858721256256,
      0.08364698962390422,
      0.08309383860558271,
      0.08325820882469416
    ],
    "train_accuracy": [
      0.8903925,
      0.920823,
      0.9286125,
      0.9341971428571428,
      0.93804,
      0.9411728571428571,
      0.9436014285714286,
      0.9453628571428572,
      0.9469521428571429,
      0.9488428571428571,
      0.9500807142857143,
      0.9511221428571428,
      0.9521864285714285,
      0.9528635714285715,
      0.9533371428571429,
      0.9541014285714285,
      0.9544835714285714,
      0.9552935714285714,
      0.9558457142857143,
      0.9562635714285714,
      0.956895,
      0.9572678571428571,
      0.95782,
      0.9580328571428571,
      0.9580292857142857,
      0.9584464285714286,
      0.9587942857142857,
      0.9579507142857143,
      0.9588364285714286,
      0.9595335714285714,
      0.959975,
      0.960425,
      0.9606907142857143,
      0.9608057142857143,
      0.9609625,
      0.96131125,
      0.9612175,
      0.961618125,
      0.96170625,
      0.961840625,
      0.96243875,
      0.96248125,
      0.962806875,
      0.9628475,
      0.96301,
      0.9634325,
      0.963473125,
      0.963494375,
      0.963805,
      0.963563125
    ],
    "val_accuracy": [
      0.9185,
      0.9268,
      0.9298,
      0.9375,
      0.9394,
      0.94,
      0.9426,
      0.9437,
      0.9478,
      0.9469,
      0.9474,
      0.951,
      0.952,
      0.9521,
      0.9537,
      0.9543,
      0.9557,
      0.9582,
      0.955,
      0.9564,
      0.9563,
      0.957,
      0.961,
      0.9555,
      0.9588,
      0.9585,
      0.9597,
      0.9603,
      0.9609,
      0.9606,
      0.9625,
      0.9617,
      0.9605,
      0.9627,
      0.96,
      0.963,
      0.9621,
      0.9635,
      0.9636,
      0.9635,
      0.9629,
      0.9639,
      0.9629,
      0.9647,
      0.9653,
      0.9633,
      0.9653,
      0.9656,
      0.9658,
      0.9657
    ],
    "epoch_time_seconds": [
      260.8681495189667,
      336.5680911540985,
      388.01303267478943,
      429.5721752643585,
      460.48977875709534,
      469.8948874473572,
      473.5791685581207,
      487.9959695339203,
      488.6964933872223,
      486.65487337112427,
      478.59242248535156,
      440.06319999694824,
      450.5848820209503,
      458.96986198425293,
      466.5183570384979,
      479.4070727825165,
      488.30596947669983,
      489.7415645122528,
      482.6527180671692,
      449.7836265563965,
      460.3211340904236,
      465.0551998615265,
      470.7474970817566,
      464.0609874725342,
      469.082088470459,
      468.4798266887665,
      467.0243923664093,
      405.425155878067,
      456.24963879585266,
      446.3938846588135,
      470.6202428340912,
      486.7199122905731,
      493.1532802581787,
      478.5548315048218,
      503.4715898036957,
      535.8148415088654,
      524.8774080276489,
      517.0473909378052,
      543.3357498645782,
      552.9298624992371,
      598.6724917888641,
      595.3131802082062,
      492.344762802124,
      536.8471672534943,
      542.5189874172211,
      582.351455450058,
      559.4484996795654,
      539.9101166725159,
      520.3519563674927,
      520.9454078674316
    ],
    "learning_rate": [
      0.0003,
      0.0003,
      0.0003,
      0.0003,
      0.0003,
      0.0003,
      0.0003,
      0.0003,
      0.0003,
      0.0003,
      0.0003,
      0.0003,
      0.0003,
      0.0003,
      0.0003,
      0.0003,
      0.0003,
      0.0003,
      0.0003,
      0.0003,
      0.0003,
      0.0003,
      0.0003,
      0.0003,
      0.0003,
      0.0003,
      0.0003,
      0.0003,
      0.0003,
      0.0003,
      0.0003,
      0.0003,
      0.0003,
      0.0003,
      0.0003,
      0.0003,
      0.0003,
      0.0003,
      0.0003,
      0.0003,
      0.0003,
      0.0003,
      0.0003,
      0.0003,
      0.0003,
      0.0003,
      0.0003,
      0.0003,
      0.0003,
      0.0003
    ],
    "gpu_memory_mb": [
      0.0,
      0.0,
      0.0,
      0.0,
      0.0,
      0.0,
      0.0,
      0.0,
      0.0,
      0.0,
      0.0,
      0.0,
      0.0,
      0.0,
      0.0,
      0.0,
      0.0,
      0.0,
      0.0,
      0.0,
      0.0,
      0.0,
      0.0,
      0.0,
      0.0,
      0.0,
      0.0,
      0.0,
      0.0,
      0.0,
      0.0,
      0.0,
      0.0,
      0.0,
      0.0,
      0.0,
      0.0,
      0.0,
      0.0,
      0.0,
      0.0,
      0.0,
      0.0,
      0.0,
      0.0,
      0.0,
      0.0,
      0.0,
      0.0,
      0.0
    ],