{
  "split_name": "a3_d3_20",
  "split_config": {
    "d3": 0.2,
    "d5": 0.4,
    "d7": 0.4
  },
  "hyperparams": {
    "num_layers": 5,
    "hidden_dim": 128,
    "learning_rate": 0.0005,
    "dropout": 0.0,
    "aggr": "max"
  },
  "training_config": {
    "total_samples": 1000000,
    "epochs": 50,
    "batch_size": 256,
    "refresh_every": 10,
    "validate_every": 10,
    "train_samples_per_block": 800000,
    "eval_total": 200000,
    "p_values": [
      0.001,
      0.003,
      0.005,
      0.007
    ],
    "p_weights": [
      0.25,
      0.25,
      0.25,
      0.25
    ]
  },
  "epoch_metrics": {
    "epochs": [
      1,
      2,
      3,
      4,
      5,
      6,
      7,
      8,
      9,
      10,
      11,
      12,
      13,
      14,
      15,
      16,
      17,
      18,
      19,
      20,
      21,
      22,
      23,
      24,
      25,
      26,
      27,
      28,
      29,
      30,
      31,
      32,
      33,
      34,
      35,
      36,
      37,
      38,
      39,
      40,
      41,
      42,
      43,
      44,
      45,
      46,
      47,
      48,
      49,
      50
    ],
    "train_loss": [
      0.24228090337991715,
      0.17689391691684722,
      0.1623520762324333,
      0.15284650520563126,
      0.14560065499067307,
      0.14001071191549302,
      0.1357352688360214,
      0.13154664746999742,
      0.1283749985766411,
      0.12493842158436776,
      0.13368856969833373,
      0.12796104918241502,
      0.12355778400301934,
      0.12028331314444542,
      0.1172846439898014,
      0.11448758331537247,
      0.11214059649586677,
      0.11008311147093773,
      0.10774790963172913,
      0.10564269845128059,
      0.12216566382646561,
      0.11669658965349197,
      0.11307212610125542,
      0.11001432149291039,
      0.10740711171388626,
      0.10494991392374038,
      0.10270104357719421,
      0.1006313341987133,
      0.09864314547657967,
      0.09658787177681923,
      0.11555309842824936,
      0.10984308532595634,
      0.10641702638626098,
      0.10338234954476357,
      0.10079349120855331,
      0.09859422753334045,
      0.09631974659681321,
      0.09409865185260773,
      0.09226629516005516,
      0.09058926312685013,
      0.11161796683311462,
      0.10575249588489533,
      0.10213651902198792,
      0.09928245822310448,
      0.09672759213447571,
      0.09425598142266274,
      0.09212246591210366,
      0.09010019025921821,
      0.08817856232881546,
      0.0863761939072609
    ],
    "train_accuracy": [
      0.88586875,
      0.91432375,
      0.92209125,
      0.92678625,
      0.93064125,
      0.93328,
      0.93563875,
      0.9378225,
      0.9393,
      0.941095,
      0.9373225,
      0.94016375,
      0.9420275,
      0.94377375,
      0.94545875,
      0.94663,
      0.9475525,
      0.94859,
      0.94942,
      0.95074125,
      0.94365875,
      0.9461225,
      0.94797375,
      0.949475,
      0.95036625,
      0.9516,
      0.952685,
      0.95354375,
      0.95453125,
      0.95525125,
      0.9470225,
      0.949625,
      0.95115125,
      0.95242125,
      0.95351375,
      0.95483125,
      0.955565,
      0.95673625,
      0.95762375,
      0.958515,
      0.9491625,
      0.95166125,
      0.9533875,
      0.95455,
      0.9558625,
      0.95703625,
      0.95789875,
      0.95880625,
      0.95962,
      0.96045875
    ],
    "val_accuracy": [
      NaN,
      NaN,
      NaN,
      NaN,
      NaN,
      NaN,
      NaN,
      NaN,
      NaN,
      0.9372,
      NaN,
      NaN,
      NaN,
      NaN,
      NaN,
      NaN,
      NaN,
      NaN,
      NaN,
      0.94378,
      NaN,
      NaN,
      NaN,
      NaN,
      NaN,
      NaN,
      NaN,
      NaN,
      NaN,
      0.94626,
      NaN,
      NaN,
      NaN,
      NaN,
      NaN,
      NaN,
      NaN,
      NaN,
      NaN,
      0.94928,
      NaN,
      NaN,
      NaN,
      NaN,
      NaN,
      NaN,
      NaN,
      NaN,
      NaN,
      0.94972
    ],
    "epoch_time_seconds": [
      169.759521484375,
      168.80562043190002,
      168.21408486366272,
      170.32805705070496,
      170.6155126094818,
      171.30212688446045,
      170.4229030609131,
      171.001220703125,
      170.30541038513184,
      178.76944398880005,
      316.261549949646,
      188.07698798179626,
      184.96861791610718,
      184.83152985572815,
      185.0326442718506,
      184.9409692287445,
      185.86067533493042,
      183.7165286540985,
      184.05332231521606,
      193.92337608337402,
      304.804563999176,
      180.05185842514038,
      180.15202450752258,
      180.7461452484131,
      181.38822078704834,
      180.23997116088867,
      181.3306713104248,
      181.84131145477295,
      181.70297527313232,
      188.3182451725006,
      309.4866154193878,
      184.51183485984802,
      183.6577718257904,
      183.55191373825073,
      183.56765222549438,
      182.90986728668213,
      183.88782119750977,
      183.51270866394043,
      183.61263465881348,
      191.80049538612366,
      307.55832624435425,
      182.6415183544159,
      184.53923177719116,
      185.8614718914032,
      185.97608542442322,
      185.4350666999817,
      184.92582964897156,
      186.28018474578857,
      186.03134751319885,
      194.1665108203888
    ],
    "learning_rate": [
      0.0005,
      0.0005,
      0.0005,
      0.0005,
      0.0005,
      0.0005,
      0.0005,
      0.0005,
      0.0005,
      0.0005,
      0.0005,
      0.0005,
      0.0005,
      0.0005,
      0.0005,
      0.0005,
      0.0005,
      0.0005,
      0.0005,
      0.0005,
      0.0005,
      0.0005,
      0.0005,
      0.0005,
      0.0005,
      0.0005,
      0.0005,
      0.0005,
      0.0005,
      0.0005,
      0.0005,
      0.0005,
      0.0005,
      0.0005,
      0.0005,
      0.0005,
      0.0005,
      0.0005,
      0.0005,
      0.0005,
      0.0005,
      0.0005,
      0.0005,
      0.0005,
      0.0005,
      0.0005,
      0.0005,
      0.0005,
      0.0005,
      0.0005
    ],
    "gpu_memory_mb": [
      0.0,
      0.0,
      0.0,
      0.0,
      0.0,
      0.0,
      0.0,
      0.0,
      0.0,
      0.0,
      0.0,
      0.0,
      0.0,
      0.0,
      0.0,
      0.0,
      0.0,
      0.0,
      0.0,
      0.0,
      0.0,
      0.0,
      0.0,
      0.0,
      0.0,
      0.0,
      0.0,
      0.0,
      0.0,
      0.0,
      0.0,
      0.0,
      0.0,
      0.0,
      0.0,
      0.0,
      0.0,
      0.0,
      0.0,
      0.0,
      0.0,
      0.0,
      0.0,
      0.0,
      0.0,
      0.0,
      0.0,
      0.0,
      0.0,
      0.0
    ],
    "train_block_idx": [
      0,
      0,
      0,
      0,
      0,
      0,
      0,
      0,
      0,
      0,
      1,
      1,
      1,
      1,
      1,
      1,
      1,
      1,
      1,
      1,
      2,
      2,
      2,
      2,
      2,
      2,
      2,
      2,
      2,
      2,
      3,
      3,
      3,
      3,
      3,
      3,
      3,
      3,
      3,
      3,
      4,
      4,
      4,
      4,
      4,
      4,
      4,
      4,
      4,
      4
    ],
    "train_samples": [
      800000,
      800000,
      800000,
      800000,
      800000,
      800000,
      800000,
      800000,
      800000,
      800000,
      800000,
      800000,
      800000,
      800000,
      800000,
      800000,
      800000,
      800000,
      800000,
      800000,
      800000,
      800000,
      800000,
      800000,
      800000,
      800000,
      800000,
      800000,
      800000,
      800000,
      800000,
      800000,
      800000,
      800000,
      800000,
      800000,
      800000,
      800000,
      800000,
      800000,
      800000,
      800000,
      800000,
      800000,
      800000,
      800000,
      800000,
      800000,
      800000,
      800000
    ]
  },
  "final_metrics": {
    "final_loss": 0.0863761939072609,
    "train_accuracy": 0.9475,
    "val_accuracy": 0.94972,
    "test_accuracy": 0.94971,