{
  "split_name": "a4_d3_40",
  "split_config": {
    "d3": 0.4,
    "d5": 0.3,
    "d7": 0.3
  },
  "hyperparams": {
    "num_layers": 5,
    "hidden_dim": 256,
    "learning_rate": 0.0003,
    "dropout": 0.1,
    "aggr": "max"
  },
  "training_config": {
    "total_samples": 1000000,
    "epochs": 50,
    "batch_size": 256,
    "num_chunks": 4,
    "chunk_size": 200000,
    "chunk_lifetime": 4,
    "validate_every": 1,
    "train_samples_total": 800000,
    "val_samples": 10000,
    "val_seed": 1000041,
    "test_total": 200000,
    "p_values": [
      0.001,
      0.003,
      0.005,
      0.007
    ],
    "p_weights": [
      0.25,
      0.25,
      0.25,
      0.25
    ]
  },
  "epoch_metrics": {
    "epochs": [
      1,
      2,
      3,
      4,
      5,
      6,
      7,
      8,
      9,
      10,
      11,
      12,
      13,
      14,
      15,
      16,
      17,
      18,
      19,
      20,
      21,
      22,
      23,
      24,
      25,
      26,
      27,
      28,
      29,
      30,
      31,
      32,
      33,
      34,
      35,
      36,
      37,
      38,
      39,
      40,
      41,
      42,
      43,
      44,
      45,
      46,
      47,
      48,
      49,
      50
    ],
    "train_loss": [
      0.21300770900011062,
      0.13960815737291404,
      0.12761497167066221,
      0.11929507787489416,
      0.11306181233011842,
      0.10892608111615612,
      0.10559617395586496,
      0.10266820816801679,
      0.10044755306436148,
      0.09854796460018578,
      0.09685103751856593,
      0.09496606102298069,
      0.09360371689857262,
      0.09219255318742911,
      0.09143059399141747,
      0.09051471643938641,
      0.08945792522312061,
      0.08833903976331073,
      0.08772245563619815,
      0.08659967898431546,
      0.08594859920818107,
      0.08524211307500197,
      0.08437903434743849,
      0.08395959547242161,
      0.08308459770341071,
      0.08278657643447673,
      0.08245918961998956,
      0.08187338863297668,
      0.08134387726770347,
      0.08114184759363796,
      0.08082582923440812,
      0.08033680052660483,
      0.08010719085790313,
      0.07971058960327622,
      0.0793800581645777,
      0.0790626086930859,
      0.07868557941617434,
      0.07803377951499607,
      0.07758409327277864,
      0.07734120950582346,
      0.0771546941206287,
      0.07676454490702207,
      0.07652015046128507,
      0.07609016918229008,
      0.07592380274183234,
      0.07592700040425977,
      0.07572818876217392,
      0.07552104719558077,
      0.07550818869129877,
      0.07507218321396045
    ],
    "train_accuracy": [
      0.90744375,
      0.934807,
      0.9404475,
      0.9448264285714286,
      0.9481942857142858,
      0.950595,
      0.9523442857142858,
      0.9537535714285714,
      0.9551107142857143,
      0.9560714285714286,
      0.9568757142857143,
      0.9580514285714286,
      0.9586464285714286,
      0.959375,
      0.9598892857142857,
      0.9602714285714286,
      0.9609728571428572,
      0.9612328571428571,
      0.9617528571428572,
      0.962255,
      0.9628835714285714,
      0.9630535714285714,
      0.9635107142857143,
      0.9636521428571428,
      0.9639228571428572,
      0.9642114285714286,
      0.9644221428571429,
      0.9645471428571428,
      0.9649407142857143,
      0.96496,
      0.965175,
      0.9654814285714286,
      0.9654457142857142,
      0.9658264285714285,
      0.9660078571428572,
      0.9662571428571428,
      0.9663221428571429,
      0.9667242857142857,
      0.9668714285714286,
      0.9669221428571428,
      0.9669142857142857,
      0.9671742857142858,
      0.9672864285714285,
      0.9675678571428571,
      0.967535,
      0.9675585714285714,
      0.9676957142857143,
      0.9677,
      0.9678328571428572,
      0.9679292857142857
    ],
    "val_accuracy": [
      0.93,
      0.9394,
      0.9431,
      0.9459,
      0.9485,
      0.9508,
      0.9521,
      0.9553,
      0.9549,
      0.9571,
      0.9585,
      0.9615,
      0.961,
      0.9607,
      0.9611,
      0.9639,
      0.9622,
      0.9626,
      0.9652,
      0.9652,
      0.9634,
      0.9653,
      0.9652,
      0.9656,
      0.9661,
      0.9663,
      0.9659,
      0.9662,
      0.9678,
      0.9671,
      0.9676,
      0.9682,
      0.9678,
      0.9671,
      0.9673,
      0.9673,
      0.9661,
      0.9676,
      0.967,
      0.9679,
      0.9694,
      0.9693,
      0.9693,
      0.9665,
      0.9688,
      0.9686,
      0.9687,
      0.9699,
      0.9706,
      0.9692
    ],
    "epoch_time_seconds": [
      233.40525436401367,
      305.0093557834625,
      352.39932203292847,
      386.50446605682373,
      392.31428503990173,
      394.2928252220154,
      397.8679666519165,
      401.08239006996155,
      405.19715094566345,
      392.8268406391144,
      389.5130660533905,
      384.2403919696808,
      377.13167214393616,
      380.7436800003052,
      397.4074823856354,
      399.92896270751953,
      398.52674198150635,
      403.00966215133667,
      394.1331446170807,
      398.0200660228729,
      390.46515917778015,
      395.24756956100464,
      395.81021451950073,
      396.7120273113251,
      398.3647072315216,
      399.36118721961975,
      400.14927887916565,
      395.4095597267151,
      391.82425904273987,
      396.45276927948,
      396.5515241622925,
      396.7226998806,
      393.807373046875,
      399.5897514820099,
      396.9264249801636,
      393.2557883262634,
      391.52809977531433,
      384.72904086112976,
      395.40747022628784,
      394.2174246311188,
      394.2004256248474,
      398.5249137878418,
      394.9557476043701,
      397.8045094013214,
      395.60899209976196,
      378.45296359062195,
      377.91229701042175,
      378.4191346168518,
      380.9895384311676,
      380.015766620636
    ],
    "learning_rate": [
      0.0003,
      0.0003,
      0.0003,
      0.0003,
      0.0003,
      0.0003,
      0.0003,
      0.0003,
      0.0003,
      0.0003,
      0.0003,
      0.0003,
      0.0003,
      0.0003,
      0.0003,
      0.0003,
      0.0003,
      0.0003,
      0.0003,
      0.0003,
      0.0003,
      0.0003,
      0.0003,
      0.0003,
      0.0003,
      0.0003,
      0.0003,
      0.0003,
      0.0003,
      0.0003,
      0.0003,
      0.0003,
      0.0003,
      0.0003,
      0.0003,
      0.0003,
      0.0003,
      0.0003,
      0.0003,
      0.0003,
      0.0003,
      0.0003,
      0.0003,
      0.0003,
      0.0003,
      0.0003,
      0.0003,
      0.0003,
      0.0003,
      0.0003
    ],
    "gpu_memory_mb": [
      0.0,
      0.0,
      0.0,
      0.0,
      0.0,
      0.0,
      0.0,
      0.0,
      0.0,
      0.0,
      0.0,
      0.0,
      0.0,
      0.0,
      0.0,
      0.0,
      0.0,
      0.0,
      0.0,
      0.0,
      0.0,
      0.0,
      0.0,
      0.0,
      0.0,
      0.0,
      0.0,
      0.0,
      0.0,
      0.0,
      0.0,
      0.0,
      0.0,
      0.0,
      0.0,
      0.0,
      0.0,
      0.0,
      0.0,
      0.0,
      0.0,
      0.0,
      0.0,
      0.0,
      0.0,
      0.0,
      0.0,
      0.0,
      0.0,
      0.0
    ],