{
  "split_name": "a4_d3_40",
  "split_config": {
    "d3": 0.4,
    "d5": 0.3,
    "d7": 0.3
  },
  "hyperparams": {
    "num_layers": 5,
    "hidden_dim": 128,
    "learning_rate": 0.0005,
    "dropout": 0.0,
    "aggr": "max"
  },
  "training_config": {
    "total_samples": 1000000,
    "epochs": 50,
    "batch_size": 256,
    "refresh_every": 10,
    "validate_every": 10,
    "train_samples_per_block": 800000,
    "eval_total": 200000,
    "p_values": [
      0.001,
      0.003,
      0.005,
      0.007
    ],
    "p_weights": [
      0.25,
      0.25,
      0.25,
      0.25
    ]
  },
  "epoch_metrics": {
    "epochs": [
      1,
      2,
      3,
      4,
      5,
      6,
      7,
      8,
      9,
      10,
      11,
      12,
      13,
      14,
      15,
      16,
      17,
      18,
      19,
      20,
      21,
      22,
      23,
      24,
      25,
      26,
      27,
      28,
      29,
      30,
      31,
      32,
      33,
      34,
      35,
      36,
      37,
      38,
      39,
      40,
      41,
      42,
      43,
      44,
      45,
      46,
      47,
      48,
      49,
      50
    ],
    "train_loss": [
      0.2101218351483345,
      0.14888909954071045,
      0.13728731434822083,
      0.1299208393406868,
      0.12441499564766884,
      0.12005832966685295,
      0.1163861212182045,
      0.11293109492778779,
      0.1103764720606804,
      0.10783077172636986,
      0.11595914686322212,
      0.11128128589272498,
      0.10793180484890938,
      0.10480206328630447,
      0.10239468077898026,
      0.09988152835488319,
      0.09805086558103561,
      0.09596842011809349,
      0.09376894416809083,
      0.0923166917860508,
      0.1067911666405201,
      0.1023434265589714,
      0.09914586309671403,
      0.09651754146099091,
      0.0941020220208168,
      0.09208234981775283,
      0.08995918980121613,
      0.08820834433197976,
      0.08625546170473099,
      0.08454942311525344,
      0.10170637659668923,
      0.09658339911818505,
      0.09367224546909332,
      0.0912076468372345,
      0.08871463098287583,
      0.08680294379591942,
      0.0848282509982586,
      0.08301638410687447,
      0.08131262320458889,
      0.07986669318914413,
      0.09849247217178345,
      0.09325028357982636,
      0.09051881836056709,
      0.08785212910413742,
      0.08559073755025863,
      0.08359388457417488,
      0.08170302567839623,
      0.07999301047027112,
      0.07831930440187454,
      0.07667041947960854
    ],
    "train_accuracy": [
      0.90516625,
      0.92944,
      0.93536,
      0.9393325,
      0.94214375,
      0.94417875,
      0.94614625,
      0.947735,
      0.94911875,
      0.950285,
      0.94684625,
      0.94878875,
      0.9504825,
      0.9521925,
      0.95323375,
      0.954235,
      0.95543375,
      0.95593375,
      0.95733,
      0.95790875,
      0.951925,
      0.95381375,
      0.95519375,
      0.956635,
      0.95767125,
      0.958555,
      0.9594825,
      0.96010125,
      0.96110625,
      0.9619675,
      0.95474,
      0.956825,
      0.958145,
      0.95924375,
      0.96035875,
      0.9612425,
      0.9622675,
      0.962955,
      0.963625,
      0.96437,
      0.95606625,
      0.9584075,
      0.9595125,
      0.96078625,
      0.961755,
      0.9626775,
      0.9635675,
      0.9641475,
      0.96513125,
      0.9658
    ],
    "val_accuracy": [
      NaN,
      NaN,
      NaN,
      NaN,
      NaN,
      NaN,
      NaN,
      NaN,
      NaN,
      0.94448,
      NaN,
      NaN,
      NaN,
      NaN,
      NaN,
      NaN,
      NaN,
      NaN,
      NaN,
      0.94948,
      NaN,
      NaN,
      NaN,
      NaN,
      NaN,
      NaN,
      NaN,
      NaN,
      NaN,
      0.95157,
      NaN,
      NaN,
      NaN,
      NaN,
      NaN,
      NaN,
      NaN,
      NaN,
      NaN,
      0.95503,
      NaN,
      NaN,
      NaN,
      NaN,
      NaN,
      NaN,
      NaN,
      NaN,
      NaN,
      0.9557
    ],
    "epoch_time_seconds": [
      147.97530341148376,
      149.13826942443848,
      147.8266327381134,
      148.82646131515503,
      148.39471292495728,
      148.62133646011353,
      149.01623153686523,
      148.65256094932556,
      148.4823739528656,
      156.05528116226196,
      283.496155500412,
      167.35558366775513,
      167.6039969921112,
      166.8875448703766,
      167.32134628295898,
      167.5125515460968,
      168.02754378318787,
      168.4831144809723,
      167.4724359512329,
      174.64873218536377,
      277.92390394210815,
      163.86853885650635,
      164.4561550617218,
      164.90133118629456,
      164.51917219161987,
      164.65869617462158,
      163.7416512966156,
      163.44899249076843,
      163.20995926856995,
      172.24674654006958,
      284.2711009979248,
      167.61322283744812,
      168.3203263282776,
      168.40356373786926,
      168.50076055526733,
      169.04274773597717,
      168.73548555374146,
      167.36023020744324,
      168.43162846565247,
      175.3342261314392,
      278.35949182510376,
      161.90969586372375,
      162.67432856559753,
      162.42478775978088,
      159.97671842575073,
      160.593980550766,
      159.8416407108307,
      159.5376856327057,
      160.31631302833557,
      167.39173531532288
    ],
    "learning_rate": [
      0.0005,
      0.0005,
      0.0005,
      0.0005,
      0.0005,
      0.0005,
      0.0005,
      0.0005,
      0.0005,
      0.0005,
      0.0005,
      0.0005,
      0.0005,
      0.0005,
      0.0005,
      0.0005,
      0.0005,
      0.0005,
      0.0005,
      0.0005,
      0.0005,
      0.0005,
      0.0005,
      0.0005,
      0.0005,
      0.0005,
      0.0005,
      0.0005,
      0.0005,
      0.0005,
      0.0005,
      0.0005,
      0.0005,
      0.0005,
      0.0005,
      0.0005,
      0.0005,
      0.0005,
      0.0005,
      0.0005,
      0.0005,
      0.0005,
      0.0005,
      0.0005,
      0.0005,
      0.0005,
      0.0005,
      0.0005,
      0.0005,
      0.0005
    ],
    "gpu_memory_mb": [
      0.0,
      0.0,
      0.0,
      0.0,
      0.0,
      0.0,
      0.0,
      0.0,
      0.0,
      0.0,
      0.0,
      0.0,
      0.0,
      0.0,
      0.0,
      0.0,
      0.0,
      0.0,
      0.0,
      0.0,
      0.0,
      0.0,
      0.0,
      0.0,
      0.0,
      0.0,
      0.0,
      0.0,
      0.0,
      0.0,
      0.0,
      0.0,
      0.0,
      0.0,
      0.0,
      0.0,
      0.0,
      0.0,
      0.0,
      0.0,
      0.0,
      0.0,
      0.0,
      0.0,
      0.0,
      0.0,
      0.0,
      0.0,
      0.0,
      0.0
    ],
    "train_block_idx": [
      0,
      0,
      0,
      0,
      0,
      0,
      0,
      0,
      0,
      0,
      1,
      1,
      1,
      1,
      1,
      1,
      1,
      1,
      1,
      1,
      2,
      2,
      2,
      2,
      2,
      2,
      2,
      2,
      2,
      2,
      3,
      3,
      3,
      3,
      3,
      3,
      3,
      3,
      3,
      3,
      4,
      4,
      4,
      4,
      4,
      4,
      4,
      4,
      4,
      4
    ],
    "train_samples": [
      800000,
      800000,
      800000,
      800000,
      800000,
      800000,
      800000,
      800000,
      800000,
      800000,
      800000,
      800000,
      800000,
      800000,
      800000,
      800000,
      800000,
      800000,
      800000,
      800000,
      800000,
      800000,
      800000,
      800000,
      800000,
      800000,
      800000,
      800000,
      800000,
      800000,
      800000,
      800000,
      800000,
      800000,
      800000,
      800000,
      800000,
      800000,
      800000,
      800000,
      800000,
      800000,
      800000,
      800000,
      800000,
      800000,
      800000,
      800000,
      800000,
      800000
    ]
  },
  "final_metrics": {
    "final_loss": 0.07667041947960854,
    "train_accuracy": 0.958,
    "val_accuracy": 0.9557,
    "test_accuracy": 0.95754,