{
  "split_name": "a5_d3_50",
  "split_config": {
    "d3": 0.5,
    "d5": 0.25,
    "d7": 0.25
  },
  "hyperparams": {
    "num_layers": 5,
    "hidden_dim": 128,
    "learning_rate": 0.0005,
    "dropout": 0.0,
    "aggr": "max"
  },
  "training_config": {
    "total_samples": 1000000,
    "epochs": 50,
    "batch_size": 256,
    "refresh_every": 10,
    "validate_every": 10,
    "train_samples_per_block": 800000,
    "eval_total": 200000,
    "p_values": [
      0.001,
      0.003,
      0.005,
      0.007
    ],
    "p_weights": [
      0.25,
      0.25,
      0.25,
      0.25
    ]
  },
  "epoch_metrics": {
    "epochs": [
      1,
      2,
      3,
      4,
      5,
      6,
      7,
      8,
      9,
      10,
      11,
      12,
      13,
      14,
      15,
      16,
      17,
      18,
      19,
      20,
      21,
      22,
      23,
      24,
      25,
      26,
      27,
      28,
      29,
      30,
      31,
      32,
      33,
      34,
      35,
      36,
      37,
      38,
      39,
      40,
      41,
      42,
      43,
      44,
      45,
      46,
      47,
      48,
      49,
      50
    ],
    "train_loss": [
      0.19501812433958055,
      0.1351529235768318,
      0.12470536281108856,
      0.11828131917595863,
      0.11339728161096573,
      0.10950799844741821,
      0.11126336285710335,
      0.10651185514807701,
      0.10329572508335114,
      0.10032034470081329,
      0.10378618125915527,
      0.09984851939439773,
      0.09696778137683869,
      0.09451100389003754,
      0.09235251159310341,
      0.09031493033528327,
      0.08846373904943466,
      0.0868164063322544,
      0.08518501266717911,
      0.0835765406382084,
      0.0972331974208355,
      0.09302280753970146,
      0.0902023547244072,
      0.08783306660175323,
      0.0857745409810543,
      0.08395357579112053,
      0.08196162185311318,
      0.0804311640405655,
      0.07871490297198296,
      0.07715550691187381,
      0.09294031456470489,
      0.08870640987992287,
      0.08587231215834618,
      0.08342079650700092,
      0.08140585128426552,
      0.0793894340211153,
      0.07770825675368309,
      0.07609007137358188,
      0.07449327393531799,
      0.07293320969939232,
      0.0903023339509964,
      0.08528135503292084,
      0.08250715893983841,
      0.08020352428078652,
      0.0782257715266943,
      0.07625686802625656,
      0.07451492100000381,
      0.07277345428407192,
      0.07129777486562729,
      0.06986638620436192
    ],
    "train_accuracy": [
      0.91423625,
      0.9366775,
      0.9420075,
      0.94533375,
      0.94777,
      0.94974,
      0.94958625,
      0.951905,
      0.9534175,
      0.95487125,
      0.95310625,
      0.9549525,
      0.95658875,
      0.95744375,
      0.95863375,
      0.959615,
      0.9604775,
      0.9612775,
      0.96185,
      0.96253625,
      0.95693875,
      0.95870125,
      0.96007875,
      0.96115125,
      0.9620875,
      0.9630325,
      0.963845,
      0.964375,
      0.96538375,
      0.9661025,
      0.95914,
      0.96089375,
      0.96222625,
      0.963375,
      0.96397125,
      0.96510875,
      0.96593875,
      0.96644875,
      0.96728,
      0.9680775,
      0.96041625,
      0.96265125,
      0.96378375,
      0.96471875,
      0.9657625,
      0.96641625,
      0.967305,
      0.96803625,
      0.968825,
      0.9694325
    ],
    "val_accuracy": [
      NaN,
      NaN,
      NaN,
      NaN,
      NaN,
      NaN,
      NaN,
      NaN,
      NaN,
      0.95259,
      NaN,
      NaN,
      NaN,
      NaN,
      NaN,
      NaN,
      NaN,
      NaN,
      NaN,
      0.95682,
      NaN,
      NaN,
      NaN,
      NaN,
      NaN,
      NaN,
      NaN,
      NaN,
      NaN,
      0.95925,
      NaN,
      NaN,
      NaN,
      NaN,
      NaN,
      NaN,
      NaN,
      NaN,
      NaN,
      0.96114,
      NaN,
      NaN,
      NaN,
      NaN,
      NaN,
      NaN,
      NaN,
      NaN,
      NaN,
      0.96141
    ],
    "epoch_time_seconds": [
      134.267653465271,
      134.45621824264526,
      134.7550344467163,
      135.17558312416077,
      135.14647841453552,
      135.3681128025055,
      134.8952169418335,
      134.29861664772034,
      135.08395195007324,
      141.27069473266602,
      263.99713158607483,
      155.06227946281433,
      155.1086084842682,
      154.46796774864197,
      155.71093320846558,
      154.75350069999695,
      154.09945678710938,
      154.52607131004333,
      155.11376094818115,
      160.83405828475952,
      269.7391791343689,
      160.8300063610077,
      161.3642749786377,
      161.4066083431244,
      162.2040991783142,
      161.06017351150513,
      160.39125657081604,
      161.10081386566162,
      161.01172757148743,
      168.6595423221588,
      264.5832326412201,
      154.16365838050842,
      154.15495014190674,
      154.3719720840454,
      154.95107769966125,
      155.05792999267578,
      155.53316068649292,
      155.77061462402344,
      154.7847912311554,
      162.88370060920715,
      270.73658204078674,
      158.93372654914856,
      158.5633888244629,
      157.44752049446106,
      158.62805843353271,
      158.0368025302887,
      158.4135661125183,
      157.34637093544006,
      158.6455147266388,
      166.70078253746033
    ],
    "learning_rate": [
      0.0005,
      0.0005,
      0.0005,
      0.0005,
      0.0005,
      0.0005,
      0.0005,
      0.0005,
      0.0005,
      0.0005,
      0.0005,
      0.0005,
      0.0005,
      0.0005,
      0.0005,
      0.0005,
      0.0005,
      0.0005,
      0.0005,
      0.0005,
      0.0005,
      0.0005,
      0.0005,
      0.0005,
      0.0005,
      0.0005,
      0.0005,
      0.0005,
      0.0005,
      0.0005,
      0.0005,
      0.0005,
      0.0005,
      0.0005,
      0.0005,
      0.0005,
      0.0005,
      0.0005,
      0.0005,
      0.0005,
      0.0005,
      0.0005,
      0.0005,
      0.0005,
      0.0005,
      0.0005,
      0.0005,
      0.0005,
      0.0005,
      0.0005
    ],
    "gpu_memory_mb": [
      0.0,
      0.0,
      0.0,
      0.0,
      0.0,
      0.0,
      0.0,
      0.0,
      0.0,
      0.0,
      0.0,
      0.0,
      0.0,
      0.0,
      0.0,
      0.0,
      0.0,
      0.0,
      0.0,
      0.0,
      0.0,
      0.0,
      0.0,
      0.0,
      0.0,
      0.0,
      0.0,
      0.0,
      0.0,
      0.0,
      0.0,
      0.0,
      0.0,
      0.0,
      0.0,
      0.0,
      0.0,
      0.0,
      0.0,
      0.0,
      0.0,
      0.0,
      0.0,
      0.0,
      0.0,
      0.0,
      0.0,
      0.0,
      0.0,
      0.0
    ],
    "train_block_idx": [
      0,
      0,
      0,
      0,
      0,
      0,
      0,
      0,
      0,
      0,
      1,
      1,
      1,
      1,
      1,
      1,
      1,
      1,
      1,
      1,
      2,
      2,
      2,
      2,
      2,
      2,
      2,
      2,
      2,
      2,
      3,
      3,
      3,
      3,
      3,
      3,
      3,
      3,
      3,
      3,
      4,
      4,
      4,
      4,
      4,
      4,
      4,
      4,
      4,
      4
    ],
    "train_samples": [
      800000,
      800000,
      800000,
      800000,
      800000,
      800000,
      800000,
      800000,
      800000,
      800000,
      800000,
      800000,
      800000,
      800000,
      800000,
      800000,
      800000,
      800000,
      800000,
      800000,
      800000,
      800000,
      800000,
      800000,
      800000,
      800000,
      800000,
      800000,
      800000,
      800000,
      800000,
      800000,
      800000,
      800000,
      800000,
      800000,
      800000,
      800000,
      800000,
      800000,
      800000,
      800000,
      800000,
      800000,
      800000,
      800000,
      800000,
      800000,
      800000,
      800000
    ]
  },
  "final_metrics": {
    "final_loss": 0.06986638620436192,
    "train_accuracy": 0.9637,
    "val_accuracy": 0.96141,
    "test_accuracy": 0.96081,