{
  "split_name": "a5_d3_50",
  "split_config": {
    "d3": 0.5,
    "d5": 0.25,
    "d7": 0.25
  },
  "hyperparams": {
    "num_layers": 5,
    "hidden_dim": 256,
    "learning_rate": 0.0003,
    "dropout": 0.1,
    "aggr": "max"
  },
  "training_config": {
    "total_samples": 1000000,
    "epochs": 50,
    "batch_size": 256,
    "num_chunks": 4,
    "chunk_size": 200000,
    "chunk_lifetime": 4,
    "validate_every": 1,
    "train_samples_total": 800000,
    "val_samples": 10000,
    "val_seed": 1000041,
    "test_total": 200000,
    "p_values": [
      0.001,
      0.003,
      0.005,
      0.007
    ],
    "p_weights": [
      0.25,
      0.25,
      0.25,
      0.25
    ]
  },
  "epoch_metrics": {
    "epochs": [
      1,
      2,
      3,
      4,
      5,
      6,
      7,
      8,
      9,
      10,
      11,
      12,
      13,
      14,
      15,
      16,
      17,
      18,
      19,
      20,
      21,
      22,
      23,
      24,
      25,
      26,
      27,
      28,
      29,
      30,
      31,
      32,
      33,
      34,
      35,
      36,
      37,
      38,
      39,
      40,
      41,
      42,
      43,
      44,
      45,
      46,
      47,
      48,
      49,
      50
    ],
    "train_loss": [
      0.19962819194316864,
      0.1262098739530566,
      0.11571354637202193,
      0.10880700075475427,
      0.10395103033572779,
      0.10036907824937136,
      0.09771987148586979,
      0.0952242799007897,
      0.0932756054415566,
      0.0911915390255857,
      0.08896794813773841,
      0.08763853675662152,
      0.08618534799044672,
      0.08457663630112028,
      0.08390568966625987,
      0.0827732287687218,
      0.08193009452849033,
      0.08119799628578607,
      0.08078913654519689,
      0.08047275797954903,
      0.08017024958176203,
      0.07974904445561103,
      0.07893253298989596,
      0.07846644717616211,
      0.07834661640104232,
      0.07754291438382316,
      0.07690629300631244,
      0.07647602388614502,
      0.07606393375792785,
      0.07578097832314078,
      0.07517411805652552,
      0.07468391529954173,
      0.07427841763685272,
      0.07399520401744634,
      0.07385454192065544,
      0.07328416040607585,
      0.07311685070631152,
      0.07282974921006143,
      0.07263980358552946,
      0.07260657671527707,
      0.07240826525182366,
      0.07237787132792912,
      0.07189684466186902,
      0.07180441076521421,
      0.07163171274296314,
      0.07143455516927735,
      0.07118910248429645,
      0.07088919377598478,
      0.0705955878000936,
      0.07035791753740356
    ],
    "train_accuracy": [
      0.91571375,
      0.942445,
      0.947175,
      0.9506514285714286,
      0.9531728571428572,
      0.9552064285714286,
      0.9563357142857143,
      0.9577864285714286,
      0.9588335714285714,
      0.9599085714285714,
      0.9611307142857143,
      0.9617635714285714,
      0.9625885714285715,
      0.963325,
      0.9638414285714286,
      0.9642628571428571,
      0.9645721428571429,
      0.9648921428571429,
      0.9652285714285714,
      0.9654264285714286,
      0.96571,
      0.96591,
      0.9662092857142857,
      0.9664507142857143,
      0.9667135714285714,
      0.9670321428571429,
      0.9673142857142857,
      0.9674121428571428,
      0.9675785714285714,
      0.9677864285714286,
      0.96807,
      0.9683028571428571,
      0.9686242857142857,
      0.9687157142857142,
      0.96891,
      0.9691678571428571,
      0.9691814285714285,
      0.9694664285714286,
      0.9695378571428571,
      0.9695228571428571,
      0.9696892857142857,
      0.9697242857142857,
      0.9697085714285715,
      0.9699185714285714,
      0.9698121428571429,
      0.96996,
      0.9701692857142857,
      0.9702635714285714,
      0.9702135714285715,
      0.9705457142857142
    ],
    "val_accuracy": [
      0.9389,
      0.945,
      0.948,
      0.9516,
      0.9551,
      0.9558,
      0.9599,
      0.9594,
      0.9615,
      0.9594,
      0.9609,
      0.9643,
      0.9642,
      0.9662,
      0.9653,
      0.9658,
      0.9653,
      0.9676,
      0.9666,
      0.9676,
      0.9679,
      0.9678,
      0.9669,
      0.9691,
      0.9684,
      0.9695,
      0.9694,
      0.9688,
      0.969,
      0.9697,
      0.9684,
      0.9699,
      0.9703,
      0.9712,
      0.9705,
      0.9696,
      0.9695,
      0.9721,
      0.9717,
      0.9707,
      0.971,
      0.9706,
      0.9706,
      0.9728,
      0.9718,
      0.971,
      0.9724,
      0.9743,
      0.9716,
      0.9722
    ],
    "epoch_time_seconds": [
      267.8775806427002,
      364.4320502281189,
      406.07084918022156,
      462.96850514411926,
      414.6584017276764,
      427.93724036216736,
      444.25789403915405,
      447.58253598213196,
      445.3164141178131,
      455.5287296772003,
      449.64273595809937,
      452.5772807598114,
      439.93746852874756,
      440.2226161956787,
      441.5558536052704,
      447.3337051868439,
      453.9320321083069,
      453.5244810581207,
      453.67565989494324,
      458.83283829689026,
      445.55858850479126,
      439.43173694610596,
      433.99651885032654,
      435.6862289905548,
      444.04201889038086,
      449.8960213661194,
      447.152530670166,
      445.7009632587433,
      437.1784098148346,
      429.93831276893616,
      429.0724792480469,
      431.08506441116333,
      430.56451869010925,
      405.4388780593872,
      400.9745810031891,
      403.0661654472351,
      405.93398690223694,
      398.45209193229675,
      398.887446641922,
      399.78149819374084,
      400.70249819755554,
      403.62072825431824,
      404.7652077674866,
      403.7916386127472,
      403.38710594177246,
      399.66186237335205,
      403.05489706993103,
      406.1713676452637,
      402.00519466400146,
      406.7604842185974
    ],
    "learning_rate": [
      0.0003,
      0.0003,
      0.0003,
      0.0003,
      0.0003,
      0.0003,
      0.0003,
      0.0003,
      0.0003,
      0.0003,
      0.0003,
      0.0003,
      0.0003,
      0.0003,
      0.0003,
      0.0003,
      0.0003,
      0.0003,
      0.0003,
      0.0003,
      0.0003,
      0.0003,
      0.0003,
      0.0003,
      0.0003,
      0.0003,
      0.0003,
      0.0003,
      0.0003,
      0.0003,
      0.0003,
      0.0003,
      0.0003,
      0.0003,
      0.0003,
      0.0003,
      0.0003,
      0.0003,
      0.0003,
      0.0003,
      0.0003,
      0.0003,
      0.0003,
      0.0003,
      0.0003,
      0.0003,
      0.0003,
      0.0003,
      0.0003,
      0.0003
    ],
    "gpu_memory_mb": [
      0.0,
      0.0,
      0.0,
      0.0,
      0.0,
      0.0,
      0.0,
      0.0,
      0.0,
      0.0,
      0.0,
      0.0,
      0.0,
      0.0,
      0.0,
      0.0,
      0.0,
      0.0,
      0.0,
      0.0,
      0.0,
      0.0,
      0.0,
      0.0,
      0.0,
      0.0,
      0.0,
      0.0,
      0.0,
      0.0,
      0.0,
      0.0,
      0.0,
      0.0,
      0.0,
      0.0,
      0.0,
      0.0,
      0.0,
      0.0,
      0.0,
      0.0,
      0.0,
      0.0,
      0.0,
      0.0,
      0.0,
      0.0,
      0.0,
      0.0
    ],