{
  "split_name": "b1_d5heavy",
  "split_config": {
    "d3": 0.0,
    "d5": 0.8,
    "d7": 0.2
  },
  "hyperparams": {
    "num_layers": 5,
    "hidden_dim": 128,
    "learning_rate": 0.0005,
    "dropout": 0.0,
    "aggr": "max"
  },
  "training_config": {
    "total_samples": 1000000,
    "epochs": 50,
    "batch_size": 256,
    "refresh_every": 10,
    "validate_every": 10,
    "train_samples_per_block": 800000,
    "eval_total": 200000,
    "p_values": [
      0.001,
      0.003,
      0.005,
      0.007
    ],
    "p_weights": [
      0.25,
      0.25,
      0.25,
      0.25
    ]
  },
  "epoch_metrics": {
    "epochs": [
      1,
      2,
      3,
      4,
      5,
      6,
      7,
      8,
      9,
      10,
      11,
      12,
      13,
      14,
      15,
      16,
      17,
      18,
      19,
      20,
      21,
      22,
      23,
      24,
      25,
      26,
      27,
      28,
      29,
      30,
      31,
      32,
      33,
      34,
      35,
      36,
      37,
      38,
      39,
      40,
      41,
      42,
      43,
      44,
      45,
      46,
      47,
      48,
      49,
      50
    ],
    "train_loss": [
      0.2240076857161522,
      0.1614326171708107,
      0.14656674859523774,
      0.13656469159603118,
      0.12935123009443283,
      0.12336091339349747,
      0.11886659500837327,
      0.11495829534411431,
      0.11146734813809395,
      0.1084300306737423,
      0.11767087884783745,
      0.1122431533920765,
      0.10782462392926216,
      0.10426422342896462,
      0.10130863721251487,
      0.09831386694669723,
      0.09578909003138542,
      0.09348017433285713,
      0.09093357972502708,
      0.08901956219553947,
      0.10568329174399375,
      0.10032851053118706,
      0.09633792186141014,
      0.09325788077116012,
      0.09032935010194779,
      0.08784178387284279,
      0.08566495381593704,
      0.08314827627182007,
      0.08125232077121734,
      0.07931612189531326,
      0.10071288791298866,
      0.09464088726878166,
      0.09095468722939491,
      0.08794233383178711,
      0.08516242452859879,
      0.08296055833220482,
      0.08061133956730365,
      0.07844927562355995,
      0.07628824108362198,
      0.07458191153049469,
      0.09628839986801148,
      0.08996315250277519,
      0.08647012098550796,
      0.08332361989021302,
      0.08050284143745899,
      0.07847317653417588,
      0.07603067246437073,
      0.07387868544757366,
      0.07191089938521385,
      0.07015453365623951
    ],
    "train_accuracy": [
      0.89541375,
      0.92274375,
      0.93052875,
      0.9361075,
      0.93973375,
      0.942625,
      0.94459125,
      0.94674,
      0.94820375,
      0.949715,
      0.94613875,
      0.94847125,
      0.95037375,
      0.9521825,
      0.95356,
      0.95487125,
      0.95591375,
      0.95688125,
      0.95825125,
      0.95896875,
      0.95223125,
      0.9547125,
      0.9563325,
      0.95763375,
      0.95877625,
      0.9599,
      0.960855,
      0.96203875,
      0.96292,
      0.963525,
      0.95459875,
      0.95703625,
      0.95876625,
      0.96012125,
      0.96130375,
      0.96223375,
      0.96314,
      0.96424625,
      0.96513625,
      0.96581625,
      0.95687875,
      0.9595375,
      0.9610325,
      0.96244625,
      0.963695,
      0.9645525,
      0.9656875,
      0.96658125,
      0.96721625,
      0.96841125
    ],
    "val_accuracy": [
      NaN,
      NaN,
      NaN,
      NaN,
      NaN,
      NaN,
      NaN,
      NaN,
      NaN,
      0.94349,
      NaN,
      NaN,
      NaN,
      NaN,
      NaN,
      NaN,
      NaN,
      NaN,
      NaN,
      0.95258,
      NaN,
      NaN,
      NaN,
      NaN,
      NaN,
      NaN,
      NaN,
      NaN,
      NaN,
      0.95426,
      NaN,
      NaN,
      NaN,
      NaN,
      NaN,
      NaN,
      NaN,
      NaN,
      NaN,
      0.95636,
      NaN,
      NaN,
      NaN,
      NaN,
      NaN,
      NaN,
      NaN,
      NaN,
      NaN,
      0.95722
    ],
    "epoch_time_seconds": [
      161.04375290870667,
      162.82151889801025,
      163.10482668876648,
      162.2755045890808,
      161.72082829475403,
      161.13321375846863,
      161.91028141975403,
      163.458429813385,
      162.50252676010132,
      169.39819622039795,
      316.07446455955505,
      191.2593069076538,
      196.92997574806213,
      203.58694911003113,
      203.39264059066772,
      202.936594247818,
      203.7108371257782,
      202.2204623222351,
      201.74953198432922,
      211.86075282096863,
      312.6089651584625,
      181.30988550186157,
      180.40148305892944,
      180.54869294166565,
      180.6612629890442,
      182.55991768836975,
      181.03189301490784,
      181.47447109222412,
      180.21469831466675,
      187.63311195373535,
      314.4896469116211,
      187.96474432945251,
      187.546400308609,
      187.16354727745056,
      187.7372124195099,
      187.2853925228119,
      187.122398853302,
      188.89228987693787,
      187.49348902702332,
      195.97606444358826,
      296.9483757019043,
      170.21825098991394,
      170.77701663970947,
      170.39013004302979,
      171.671128988266,
      172.16300249099731,
      171.63073348999023,
      172.00933837890625,
      171.82576489448547,
      178.1669270992279
    ],
    "learning_rate": [
      0.0005,
      0.0005,
      0.0005,
      0.0005,
      0.0005,
      0.0005,
      0.0005,
      0.0005,
      0.0005,
      0.0005,
      0.0005,
      0.0005,
      0.0005,
      0.0005,
      0.0005,
      0.0005,
      0.0005,
      0.0005,
      0.0005,
      0.0005,
      0.0005,
      0.0005,
      0.0005,
      0.0005,
      0.0005,
      0.0005,
      0.0005,
      0.0005,
      0.0005,
      0.0005,
      0.0005,
      0.0005,
      0.0005,
      0.0005,
      0.0005,
      0.0005,
      0.0005,
      0.0005,
      0.0005,
      0.0005,
      0.0005,
      0.0005,
      0.0005,
      0.0005,
      0.0005,
      0.0005,
      0.0005,
      0.0005,
      0.0005,
      0.0005
    ],
    "gpu_memory_mb": [
      0.0,
      0.0,
      0.0,
      0.0,
      0.0,
      0.0,
      0.0,
      0.0,
      0.0,
      0.0,
      0.0,
      0.0,
      0.0,
      0.0,
      0.0,
      0.0,
      0.0,
      0.0,
      0.0,
      0.0,
      0.0,
      0.0,
      0.0,
      0.0,
      0.0,
      0.0,
      0.0,
      0.0,
      0.0,
      0.0,
      0.0,
      0.0,
      0.0,
      0.0,
      0.0,
      0.0,
      0.0,
      0.0,
      0.0,
      0.0,
      0.0,
      0.0,
      0.0,
      0.0,
      0.0,
      0.0,
      0.0,
      0.0,
      0.0,
      0.0
    ],
    "train_block_idx": [
      0,
      0,
      0,
      0,
      0,
      0,
      0,
      0,
      0,
      0,
      1,
      1,
      1,
      1,
      1,
      1,
      1,
      1,
      1,
      1,
      2,
      2,
      2,
      2,
      2,
      2,
      2,
      2,
      2,
      2,
      3,
      3,
      3,
      3,
      3,
      3,
      3,
      3,
      3,
      3,
      4,
      4,
      4,
      4,
      4,
      4,
      4,
      4,
      4,
      4
    ],
    "train_samples": [
      800000,
      800000,
      800000,
      800000,
      800000,
      800000,
      800000,
      800000,
      800000,
      800000,
      800000,
      800000,
      800000,
      800000,
      800000,
      800000,
      800000,
      800000,
      800000,
      800000,
      800000,
      800000,
      800000,
      800000,
      800000,
      800000,
      800000,
      800000,
      800000,
      800000,
      800000,
      800000,
      800000,
      800000,
      800000,
      800000,
      800000,
      800000,
      800000,
      800000,
      800000,
      800000,
      800000,
      800000,
      800000,
      800000,
      800000,
      800000,
      800000,
      800000
    ]
  },
  "final_metrics": {
    "final_loss": 0.07015453365623951,
    "train_accuracy": 0.9584,
    "val_accuracy": 0.95722,
    "test_accuracy": 0.95707,