{
  "split_name": "b1_d5heavy",
  "split_config": {
    "d3": 0.0,
    "d5": 0.8,
    "d7": 0.2
  },
  "hyperparams": {
    "num_layers": 5,
    "hidden_dim": 256,
    "learning_rate": 0.0003,
    "dropout": 0.1,
    "aggr": "max"
  },
  "training_config": {
    "total_samples": 1000000,
    "epochs": 50,
    "batch_size": 256,
    "num_chunks": 4,
    "chunk_size": 200000,
    "chunk_lifetime": 4,
    "validate_every": 1,
    "train_samples_total": 800000,
    "val_samples": 10000,
    "val_seed": 1000041,
    "test_total": 200000,
    "p_values": [
      0.001,
      0.003,
      0.005,
      0.007
    ],
    "p_weights": [
      0.25,
      0.25,
      0.25,
      0.25
    ]
  },
  "epoch_metrics": {
    "epochs": [
      1,
      2,
      3,
      4,
      5,
      6,
      7,
      8,
      9,
      10,
      11,
      12,
      13,
      14,
      15,
      16,
      17,
      18,
      19,
      20,
      21,
      22,
      23,
      24,
      25,
      26,
      27,
      28,
      29,
      30,
      31,
      32,
      33,
      34,
      35,
      36,
      37,
      38,
      39,
      40,
      41,
      42,
      43,
      44,
      45,
      46,
      47,
      48,
      49,
      50
    ],
    "train_loss": [
      0.2118711734199524,
      0.14436539309635654,
      0.1295921848149201,
      0.11964958648965877,
      0.11298408941412609,
      0.10822702095002443,
      0.10433928084740758,
      0.1011651958572045,
      0.09821746433840021,
      0.0954638289689233,
      0.09317329411035069,
      0.09146724044758957,
      0.08962236950029226,
      0.0880424906311512,
      0.08684692858306402,
      0.08562477960198993,
      0.08444185870496768,
      0.0836621026511405,
      0.08276980722922145,
      0.08185543451294056,
      0.0809236928257968,
      0.08008654595400902,
      0.07935489751098851,
      0.07902839652986876,
      0.07826149864927749,
      0.07970874370796946,
      0.07827096051710368,
      0.07730009485956388,
      0.07667271444915602,
      0.07588580379003383,
      0.07517539650068289,
      0.07507944349380043,
      0.07414814209520817,
      0.07379767738223075,
      0.0734020209658146,
      0.07290183715909719,
      0.07270238696187735,
      0.07193199545979499,
      0.07138309811919928,
      0.07104369651943446,
      0.07066635459631682,
      0.07026109894365072,
      0.07020258840441704,
      0.06977864962309599,
      0.06935166422277689,
      0.0691716054341197,
      0.06872115189194679,
      0.06861454804331064,
      0.06830819632083178,
      0.06775493768513202
    ],
    "train_accuracy": [
      0.90285625,
      0.932292,
      0.9395108333333333,
      0.944595,
      0.9481214285714286,
      0.9504164285714286,
      0.9525164285714286,
      0.9542557142857143,
      0.9558257142857143,
      0.9569907142857143,
      0.9582828571428571,
      0.9590471428571429,
      0.9600907142857142,
      0.96096,
      0.9614828571428572,
      0.9621421428571428,
      0.9627571428571429,
      0.9631242857142858,
      0.9637314285714286,
      0.964095,
      0.9645714285714285,
      0.9649842857142857,
      0.9652614285714286,
      0.9654457142857142,
      0.9658507142857143,
      0.9653107142857142,
      0.9659635714285715,
      0.9661185714285714,
      0.9664964285714286,
      0.9667935714285715,
      0.9673535714285715,
      0.967335,
      0.967685625,
      0.967866875,
      0.96805875,
      0.968400625,
      0.968519375,
      0.968901875,
      0.9691775,
      0.969341875,
      0.969445625,
      0.969550625,
      0.969568125,
      0.969881875,
      0.970085625,
      0.970340625,
      0.9703925,
      0.9705325,
      0.97061625,
      0.970849375
    ],
    "val_accuracy": [
      0.9294,
      0.9399,
      0.9465,
      0.9481,
      0.9522,
      0.9535,
      0.9565,
      0.9589,
      0.9591,
      0.9584,
      0.9618,
      0.9619,
      0.9634,
      0.9628,
      0.9622,
      0.9636,
      0.9638,
      0.9654,
      0.9671,
      0.9676,
      0.968,
      0.969,
      0.9695,
      0.9688,
      0.968,
      0.9652,
      0.9674,
      0.9646,
      0.9664,
      0.9661,
      0.9665,
      0.9679,
      0.9672,
      0.9679,
      0.9662,
      0.967,
      0.9672,
      0.9691,
      0.9693,
      0.9671,
      0.9695,
      0.9692,
      0.9691,
      0.9688,
      0.9696,
      0.9696,
      0.9697,
      0.9696,
      0.9682,
      0.9697
    ],
    "epoch_time_seconds": [
      288.32808542251587,
      369.46200728416443,
      432.55939507484436,
      472.9976484775543,
      494.8857445716858,
      500.4025766849518,
      489.345059633255,
      486.34328532218933,
      514.2854900360107,
      501.04908180236816,
      501.39768505096436,
      489.1876132488251,
      488.1838994026184,
      491.9546728134155,
      492.6538963317871,
      500.33207273483276,
      512.1274952888489,
      510.051673412323,
      552.7775568962097,
      543.6706535816193,
      540.8182411193848,
      513.6484076976776,
      519.2242019176483,
      523.3736057281494,
      529.0570812225342,
      495.4646987915039,
      541.884663105011,
      543.5463693141937,
      537.7616884708405,
      554.2241771221161,
      564.3662030696869,
      548.926070690155,
      598.3394985198975,
      653.5956099033356,
      623.5621223449707,
      629.342116355896,
      632.6984913349152,
      637.1861703395844,
      643.0576272010803,
      641.8634333610535,
      611.09809923172,
      614.2278580665588,
      611.6974489688873,
      613.7415707111359,
      615.2342653274536,
      633.2523770332336,
      634.8286895751953,
      633.4020936489105,
      613.2170524597168,
      616.3646347522736
    ],
    "learning_rate": [
      0.0003,
      0.0003,
      0.0003,
      0.0003,
      0.0003,
      0.0003,
      0.0003,
      0.0003,
      0.0003,
      0.0003,
      0.0003,
      0.0003,
      0.0003,
      0.0003,
      0.0003,
      0.0003,
      0.0003,
      0.0003,
      0.0003,
      0.0003,
      0.0003,
      0.0003,
      0.0003,
      0.0003,
      0.0003,
      0.0003,
      0.0003,
      0.0003,
      0.0003,
      0.0003,
      0.0003,
      0.0003,
      0.0003,
      0.0003,
      0.0003,
      0.0003,
      0.0003,
      0.0003,
      0.0003,
      0.0003,
      0.0003,
      0.0003,
      0.0003,
      0.0003,
      0.0003,
      0.0003,
      0.0003,
      0.0003,
      0.0003,
      0.0003
    ],
    "gpu_memory_mb": [
      0.0,
      0.0,
      0.0,
      0.0,
      0.0,
      0.0,
      0.0,
      0.0,
      0.0,
      0.0,
      0.0,
      0.0,
      0.0,
      0.0,
      0.0,
      0.0,
      0.0,
      0.0,
      0.0,
      0.0,
      0.0,
      0.0,
      0.0,
      0.0,
      0.0,
      0.0,
      0.0,
      0.0,
      0.0,
      0.0,
      0.0,
      0.0,
      0.0,
      0.0,
      0.0,
      0.0,
      0.0,
      0.0,
      0.0,
      0.0,
      0.0,
      0.0,
      0.0,
      0.0,
      0.0,
      0.0,
      0.0,
      0.0,
      0.0,
      0.0
    ],