{
  "split_name": "b2_d5more",
  "split_config": {
    "d3": 0.0,
    "d5": 0.65,
    "d7": 0.35
  },
  "hyperparams": {
    "num_layers": 5,
    "hidden_dim": 128,
    "learning_rate": 0.0005,
    "dropout": 0.0,
    "aggr": "max"
  },
  "training_config": {
    "total_samples": 1000000,
    "epochs": 50,
    "batch_size": 256,
    "refresh_every": 10,
    "validate_every": 10,
    "train_samples_per_block": 800000,
    "eval_total": 200000,
    "p_values": [
      0.001,
      0.003,
      0.005,
      0.007
    ],
    "p_weights": [
      0.25,
      0.25,
      0.25,
      0.25
    ]
  },
  "epoch_metrics": {
    "epochs": [
      1,
      2,
      3,
      4,
      5,
      6,
      7,
      8,
      9,
      10,
      11,
      12,
      13,
      14,
      15,
      16,
      17,
      18,
      19,
      20,
      21,
      22,
      23,
      24,
      25,
      26,
      27,
      28,
      29,
      30,
      31,
      32,
      33,
      34,
      35,
      36,
      37,
      38,
      39,
      40,
      41,
      42,
      43,
      44,
      45,
      46,
      47,
      48,
      49,
      50
    ],
    "train_loss": [
      0.2458268231511116,
      0.18156123887777328,
      0.16579070058822631,
      0.1554879601883888,
      0.14777824488162994,
      0.14201693980932237,
      0.1367523857808113,
      0.1326900912809372,
      0.1285736807179451,
      0.1255845670580864,
      0.135301139690876,
      0.12927252086400987,
      0.12455736881971359,
      0.12100530539989471,
      0.11765940500855446,
      0.11458966972708702,
      0.1116665606868267,
      0.10920549947977067,
      0.10716218215703964,
      0.10440574074745178,
      0.12209465256929397,
      0.11599965052962304,
      0.11209626659631729,
      0.10873761676549912,
      0.10610995929837228,
      0.10331435388565063,
      0.10079457415580749,
      0.0984642361664772,
      0.09620953554987907,
      0.09427132297754287,
      0.11661403373122216,
      0.10998636147975922,
      0.10624208909511566,
      0.10304305960297584,
      0.0999874572646618,
      0.09758069048166275,
      0.09501816594719886,
      0.09294896856546402,
      0.09058636588573456,
      0.0885039276456833,
      0.11199448572993279,
      0.10516535718798638,
      0.10129849811792374,
      0.09803217896461487,
      0.09537591927528381,
      0.09243249181747437,
      0.0903193127155304,
      0.08785956444501877,
      0.08584656917452813,
      0.08419040263772011
    ],
    "train_accuracy": [
      0.8817075,
      0.91177625,
      0.9200425,
      0.92522375,
      0.92945,
      0.9323325,
      0.93488125,
      0.9369775,
      0.9389875,
      0.9407725,
      0.9367375,
      0.9395775,
      0.94173125,
      0.94337,
      0.94496125,
      0.94633125,
      0.94792,
      0.94893875,
      0.9499725,
      0.951235,
      0.94315625,
      0.94597875,
      0.94770875,
      0.949165,
      0.9505025,
      0.95163375,
      0.95280125,
      0.95401625,
      0.95492375,
      0.9558625,
      0.94652,
      0.9494675,
      0.9510175,
      0.952545,
      0.95399625,
      0.9549775,
      0.9561825,
      0.95716,
      0.95797,
      0.95910625,
      0.949455,
      0.9519675,
      0.95397625,
      0.95526375,
      0.9563175,
      0.95760375,
      0.9586275,
      0.95957625,
      0.96039,
      0.96126
    ],
    "val_accuracy": [
      NaN,
      NaN,
      NaN,
      NaN,
      NaN,
      NaN,
      NaN,
      NaN,
      NaN,
      0.93661,
      NaN,
      NaN,
      NaN,
      NaN,
      NaN,
      NaN,
      NaN,
      NaN,
      NaN,
      0.94049,
      NaN,
      NaN,
      NaN,
      NaN,
      NaN,
      NaN,
      NaN,
      NaN,
      NaN,
      0.94382,
      NaN,
      NaN,
      NaN,
      NaN,
      NaN,
      NaN,
      NaN,
      NaN,
      NaN,
      0.94687,
      NaN,
      NaN,
      NaN,
      NaN,
      NaN,
      NaN,
      NaN,
      NaN,
      NaN,
      0.94962
    ],
    "epoch_time_seconds": [
      174.95156025886536,
      175.28004384040833,
      174.47079586982727,
      174.60569500923157,
      175.5513265132904,
      176.50772547721863,
      174.69417667388916,
      175.48217272758484,
      174.9723038673401,
      183.59379267692566,
      330.45383310317993,
      200.00942635536194,
      200.33450531959534,
      199.86219143867493,
      200.26079535484314,
      201.9682421684265,
      200.29973697662354,
      199.94416666030884,
      200.16169953346252,
      208.18555974960327,
      313.354127407074,
      182.0890564918518,
      182.57568669319153,
      180.7865252494812,
      182.4715859889984,
      181.22802758216858,
      181.3968584537506,
      181.39302134513855,
      181.30647253990173,
      189.19120073318481,
      334.6172173023224,
      202.95921802520752,
      204.17295670509338,
      203.89437246322632,
      202.90563678741455,
      203.88764142990112,
      203.8067979812622,
      203.3985776901245,
      204.4398214817047,
      212.24178743362427,
      314.43417954444885,
      182.68420791625977,
      183.77204132080078,
      183.00795674324036,
      182.69689512252808,
      182.13566875457764,
      182.20067834854126,
      183.7060399055481,
      182.68685936927795,
      190.2810492515564
    ],
    "learning_rate": [
      0.0005,
      0.0005,
      0.0005,
      0.0005,
      0.0005,
      0.0005,
      0.0005,
      0.0005,
      0.0005,
      0.0005,
      0.0005,
      0.0005,
      0.0005,
      0.0005,
      0.0005,
      0.0005,
      0.0005,
      0.0005,
      0.0005,
      0.0005,
      0.0005,
      0.0005,
      0.0005,
      0.0005,
      0.0005,
      0.0005,
      0.0005,
      0.0005,
      0.0005,
      0.0005,
      0.0005,
      0.0005,
      0.0005,
      0.0005,
      0.0005,
      0.0005,
      0.0005,
      0.0005,
      0.0005,
      0.0005,
      0.0005,
      0.0005,
      0.0005,
      0.0005,
      0.0005,
      0.0005,
      0.0005,
      0.0005,
      0.0005,
      0.0005
    ],
    "gpu_memory_mb": [
      0.0,
      0.0,
      0.0,
      0.0,
      0.0,
      0.0,
      0.0,
      0.0,
      0.0,
      0.0,
      0.0,
      0.0,
      0.0,
      0.0,
      0.0,
      0.0,
      0.0,
      0.0,
      0.0,
      0.0,
      0.0,
      0.0,
      0.0,
      0.0,
      0.0,
      0.0,
      0.0,
      0.0,
      0.0,
      0.0,
      0.0,
      0.0,
      0.0,
      0.0,
      0.0,
      0.0,
      0.0,
      0.0,
      0.0,
      0.0,
      0.0,
      0.0,
      0.0,
      0.0,
      0.0,
      0.0,
      0.0,
      0.0,
      0.0,
      0.0
    ],
    "train_block_idx": [
      0,
      0,
      0,
      0,
      0,
      0,
      0,
      0,
      0,
      0,
      1,
      1,
      1,
      1,
      1,
      1,
      1,
      1,
      1,
      1,
      2,
      2,
      2,
      2,
      2,
      2,
      2,
      2,
      2,
      2,
      3,
      3,
      3,
      3,
      3,
      3,
      3,
      3,
      3,
      3,
      4,
      4,
      4,
      4,
      4,
      4,
      4,
      4,
      4,
      4
    ],
    "train_samples": [
      800000,
      800000,
      800000,
      800000,
      800000,
      800000,
      800000,
      800000,
      800000,
      800000,
      800000,
      800000,
      800000,
      800000,
      800000,
      800000,
      800000,
      800000,
      800000,
      800000,
      800000,
      800000,
      800000,
      800000,
      800000,
      800000,
      800000,
      800000,
      800000,
      800000,
      800000,
      800000,
      800000,
      800000,
      800000,
      800000,
      800000,
      800000,
      800000,
      800000,
      800000,
      800000,
      800000,
      800000,
      800000,
      800000,
      800000,
      800000,
      800000,
      800000
    ]
  },
  "final_metrics": {
    "final_loss": 0.08419040263772011,
    "train_accuracy": 0.9491,
    "val_accuracy": 0.94962,
    "test_accuracy": 0.95181,