{
  "split_name": "b2_d5more",
  "split_config": {
    "d3": 0.0,
    "d5": 0.65,
    "d7": 0.35
  },
  "hyperparams": {
    "num_layers": 5,
    "hidden_dim": 256,
    "learning_rate": 0.0003,
    "dropout": 0.1,
    "aggr": "max"
  },
  "training_config": {
    "total_samples": 1000000,
    "epochs": 50,
    "batch_size": 256,
    "num_chunks": 4,
    "chunk_size": 200000,
    "chunk_lifetime": 4,
    "validate_every": 1,
    "train_samples_total": 800000,
    "val_samples": 10000,
    "val_seed": 1000041,
    "test_total": 200000,
    "p_values": [
      0.001,
      0.003,
      0.005,
      0.007
    ],
    "p_weights": [
      0.25,
      0.25,
      0.25,
      0.25
    ]
  },
  "epoch_metrics": {
    "epochs": [
      1,
      2,
      3,
      4,
      5,
      6,
      7,
      8,
      9,
      10,
      11,
      12,
      13,
      14,
      15,
      16,
      17,
      18,
      19,
      20,
      21,
      22,
      23,
      24,
      25,
      26,
      27,
      28,
      29,
      30,
      31,
      32,
      33,
      34,
      35,
      36,
      37,
      38,
      39,
      40,
      41,
      42,
      43,
      44,
      45,
      46,
      47,
      48,
      49,
      50
    ],
    "train_loss": [
      0.23638888256072998,
      0.1677328884822803,
      0.1506953283511865,
      0.1395349552697206,
      0.13161424099091182,
      0.12570133231666084,
      0.12057500564802999,
      0.11568449660835961,
      0.11217662415380865,
      0.10986754393573216,
      0.10708430762887873,
      0.10507920128697777,
      0.10352716537852853,
      0.10165444387078372,
      0.10023190781697536,
      0.09890822796220862,
      0.09814566866307224,
      0.09682565161331325,
      0.09581876996462535,
      0.09473155574996721,
      0.09384934849455383,
      0.09292422594122138,
      0.0918953482100451,
      0.09094200146102364,
      0.09014722828041986,
      0.08964599746223734,
      0.089525211203968,
      0.0883382251954483,
      0.08804895201128152,
      0.08768726783212152,
      0.08751081780122325,
      0.08686485879421561,
      0.08653146242813123,
      0.08584773530688053,
      0.08529844987591871,
      0.08491791159794632,
      0.08472291432480464,
      0.08369220720975637,
      0.0834210268512142,
      0.0832120051243407,
      0.08323752778432589,
      0.08277658968966357,
      0.08269356629079146,
      0.08189506943901793,
      0.08177751687679403,
      0.081436938356726,
      0.08123926922827442,
      0.08030031237619781,
      0.07992345132621666,
      0.07942368963882832
    ],
    "train_accuracy": [
      0.887915,
      0.919251,
      0.9282016666666667,
      0.9340671428571429,
      0.9380164285714285,
      0.9413435714285714,
      0.9436071428571429,
      0.9463735714285715,
      0.9482607142857142,
      0.9496864285714286,
      0.9510228571428572,
      0.9520828571428571,
      0.9529578571428572,
      0.9538428571428571,
      0.954775,
      0.955405,
      0.9559385714285714,
      0.9564964285714286,
      0.9568135714285714,
      0.95748,
      0.9576921428571429,
      0.9582671428571429,
      0.9588714285714286,
      0.959185,
      0.9597421428571429,
      0.9600178571428571,
      0.9602907142857143,
      0.96073,
      0.9610078571428572,
      0.9611057142857143,
      0.9611628571428571,
      0.9615628571428572,
      0.9616842857142858,
      0.9620507142857143,
      0.9622264285714286,
      0.9624878571428571,
      0.9625835714285714,
      0.96301,
      0.9633778571428572,
      0.9631164285714285,
      0.96339,
      0.9634628571428572,
      0.9636385714285715,
      0.9639314285714286,
      0.9641128571428571,
      0.963915,
      0.9643264285714286,
      0.9646014285714286,
      0.9647292857142857,
      0.9650085714285714
    ],
    "val_accuracy": [
      0.9099,
      0.9256,
      0.9326,
      0.9377,
      0.94,
      0.9451,
      0.9471,
      0.9486,
      0.9521,
      0.9535,
      0.9541,
      0.9545,
      0.9528,
      0.9561,
      0.9564,
      0.9572,
      0.9594,
      0.9591,
      0.9607,
      0.9595,
      0.9603,
      0.9603,
      0.9617,
      0.9618,
      0.9616,
      0.9627,
      0.9638,
      0.9633,
      0.9619,
      0.9641,
      0.9637,
      0.9641,
      0.9636,
      0.965,
      0.9646,
      0.9655,
      0.965,
      0.9647,
      0.9652,
      0.9669,
      0.9657,
      0.9674,
      0.9678,
      0.9652,
      0.9659,
      0.9661,
      0.9676,
      0.9685,
      0.9685,
      0.9673
    ],
    "epoch_time_seconds": [
      370.6160931587219,
      483.14142417907715,
      543.5639672279358,
      623.2760524749756,
      651.8449172973633,
      645.5119936466217,
      644.8104953765869,
      648.8628153800964,
      666.3292081356049,
      671.6642796993256,
      651.5899052619934,
      630.7589790821075,
      642.0745596885681,
      653.4568204879761,
      656.5176060199738,
      660.0630030632019,
      680.3291783332825,
      679.4903571605682,
      671.9247195720673,
      638.7317845821381,
      638.9079818725586,
      656.1468770503998,
      644.4538490772247,
      655.4715087413788,
      663.9151728153229,
      672.8216078281403,
      665.2593901157379,
      644.1972198486328,
      643.9534103870392,
      654.8495304584503,
      658.2409060001373,
      682.583292722702,
      692.9836564064026,
      700.2143075466156,
      680.5093760490417,
      665.9503879547119,
      697.500471830368,
      707.747846364975,
      671.7331099510193,
      682.4490766525269,
      703.9892637729645,
      733.0431325435638,
      689.9271256923676,
      660.3998050689697,
      663.8958737850189,
      673.4653904438019,
      673.0246970653534,
      661.8071484565735,
      686.9579620361328,
      686.1098732948303
    ],
    "learning_rate": [
      0.0003,
      0.0003,
      0.0003,
      0.0003,
      0.0003,
      0.0003,
      0.0003,
      0.0003,
      0.0003,
      0.0003,
      0.0003,
      0.0003,
      0.0003,
      0.0003,
      0.0003,
      0.0003,
      0.0003,
      0.0003,
      0.0003,
      0.0003,
      0.0003,
      0.0003,
      0.0003,
      0.0003,
      0.0003,
      0.0003,
      0.0003,
      0.0003,
      0.0003,
      0.0003,
      0.0003,
      0.0003,
      0.0003,
      0.0003,
      0.0003,
      0.0003,
      0.0003,
      0.0003,
      0.0003,
      0.0003,
      0.0003,
      0.0003,
      0.0003,
      0.0003,
      0.0003,
      0.0003,
      0.0003,
      0.0003,
      0.0003,
      0.0003
    ],
    "gpu_memory_mb": [
      0.0,
      0.0,
      0.0,
      0.0,
      0.0,
      0.0,
      0.0,
      0.0,
      0.0,
      0.0,
      0.0,
      0.0,
      0.0,
      0.0,
      0.0,
      0.0,
      0.0,
      0.0,
      0.0,
      0.0,
      0.0,
      0.0,
      0.0,
      0.0,
      0.0,
      0.0,
      0.0,
      0.0,
      0.0,
      0.0,
      0.0,
      0.0,
      0.0,
      0.0,
      0.0,
      0.0,
      0.0,
      0.0,
      0.0,
      0.0,
      0.0,
      0.0,
      0.0,
      0.0,
      0.0,
      0.0,
      0.0,
      0.0,
      0.0,
      0.0
    ],