{
  "split_name": "b3_balanced",
  "split_config": {
    "d3": 0.0,
    "d5": 0.5,
    "d7": 0.5
  },
  "hyperparams": {
    "num_layers": 5,
    "hidden_dim": 128,
    "learning_rate": 0.0005,
    "dropout": 0.0,
    "aggr": "max"
  },
  "training_config": {
    "total_samples": 1000000,
    "epochs": 50,
    "batch_size": 256,
    "refresh_every": 10,
    "validate_every": 10,
    "train_samples_per_block": 800000,
    "eval_total": 200000,
    "p_values": [
      0.001,
      0.003,
      0.005,
      0.007
    ],
    "p_weights": [
      0.25,
      0.25,
      0.25,
      0.25
    ]
  },
  "epoch_metrics": {
    "epochs": [
      1,
      2,
      3,
      4,
      5,
      6,
      7,
      8,
      9,
      10,
      11,
      12,
      13,
      14,
      15,
      16,
      17,
      18,
      19,
      20,
      21,
      22,
      23,
      24,
      25,
      26,
      27,
      28,
      29,
      30,
      31,
      32,
      33,
      34,
      35,
      36,
      37,
      38,
      39,
      40,
      41,
      42,
      43,
      44,
      45,
      46,
      47,
      48,
      49,
      50
    ],
    "train_loss": [
      0.2669794906520844,
      0.2009097201871872,
      0.18408237218379975,
      0.17304743769645692,
      0.1648043391299248,
      0.1584891144132614,
      0.1531165116453171,
      0.14864694496631622,
      0.14488584466218948,
      0.14133941700696945,
      0.15167519471645355,
      0.14498227540254593,
      0.13986281882047652,
      0.13592324120998384,
      0.13247185975551606,
      0.1293010527920723,
      0.12629510216712952,
      0.12362515969872474,
      0.12123714618682861,
      0.11871329057455063,
      0.1371219395184517,
      0.13069277323246004,
      0.1264463948059082,
      0.12306214828252793,
      0.11997795606732369,
      0.11722861742854118,
      0.11464571011781692,
      0.112281690980196,
      0.10997031876921654,
      0.10813489743232726,
      0.12989709480285644,
      0.12368898942232132,
      0.11951627592802047,
      0.11637479973316192,
      0.11356817371964455,
      0.11081104868292808,
      0.10824373829126357,
      0.1059824055826664,
      0.10370705238938331,
      0.10184966631650924,
      0.1249555929362774,
      0.11790623890757561,
      0.11422989128828048,
      0.1105967442059517,
      0.10781864801168442,
      0.10545598317980766,
      0.102870595266819,
      0.1008409933578968,
      0.09865041884422303,
      0.09666914826989174
    ],
    "train_accuracy": [
      0.8695075,
      0.90127375,
      0.91019,
      0.9157775,
      0.92015125,
      0.92355625,
      0.926215,
      0.9285375,
      0.93022125,
      0.93188375,
      0.928125,
      0.9311575,
      0.9333775,
      0.93571875,
      0.9371525,
      0.93860375,
      0.93999625,
      0.94134875,
      0.9426475,
      0.94371,
      0.93566,
      0.938445,
      0.9406425,
      0.94215375,
      0.9434975,
      0.94490125,
      0.94593125,
      0.9470175,
      0.9484325,
      0.9489875,
      0.93949125,
      0.9423425,
      0.9442,
      0.9453,
      0.946735,
      0.94791875,
      0.94927125,
      0.95047375,
      0.95114625,
      0.95206875,
      0.9422475,
      0.9450725,
      0.94639875,
      0.94826875,
      0.94972125,
      0.9504775,
      0.9518775,
      0.95283125,
      0.9541475,
      0.95467125
    ],
    "val_accuracy": [
      NaN,
      NaN,
      NaN,
      NaN,
      NaN,
      NaN,
      NaN,
      NaN,
      NaN,
      0.92724,
      NaN,
      NaN,
      NaN,
      NaN,
      NaN,
      NaN,
      NaN,
      NaN,
      NaN,
      0.93335,
      NaN,
      NaN,
      NaN,
      NaN,
      NaN,
      NaN,
      NaN,
      NaN,
      NaN,
      0.93876,
      NaN,
      NaN,
      NaN,
      NaN,
      NaN,
      NaN,
      NaN,
      NaN,
      NaN,
      0.94076,
      NaN,
      NaN,
      NaN,
      NaN,
      NaN,
      NaN,
      NaN,
      NaN,
      NaN,
      0.94199
    ],
    "epoch_time_seconds": [
      186.75531101226807,
      188.21990156173706,
      187.7945830821991,
      188.6231324672699,
      186.25073528289795,
      188.30065035820007,
      188.56553268432617,
      189.21593475341797,
      188.18869137763977,
      196.23549699783325,
      336.2325234413147,
      201.35668873786926,
      201.69952011108398,
      200.91162538528442,
      202.6416471004486,
      202.16010737419128,
      203.33945846557617,
      202.92247462272644,
      201.1249499320984,
      211.0487515926361,
      327.57831859588623,
      193.23691058158875,
      193.5894317626953,
      194.4886302947998,
      193.84018278121948,
      192.9645631313324,
      194.95726227760315,
      194.2006938457489,
      194.77792978286743,
      202.03538155555725,
      343.9147493839264,
      207.1797399520874,
      209.56724333763123,
      208.5501992702484,
      209.28161644935608,
      208.6033148765564,
      208.37157940864563,
      208.36363625526428,
      208.9560089111328,
      218.11192631721497,
      331.3748707771301,
      196.81066608428955,
      196.4176845550537,
      195.9112992286682,
      196.18530440330505,
      195.81583738327026,
      197.01336693763733,
      195.7641053199768,
      196.88409948349,
      204.3776445388794
    ],
    "learning_rate": [
      0.0005,
      0.0005,
      0.0005,
      0.0005,
      0.0005,
      0.0005,
      0.0005,
      0.0005,
      0.0005,
      0.0005,
      0.0005,
      0.0005,
      0.0005,
      0.0005,
      0.0005,
      0.0005,
      0.0005,
      0.0005,
      0.0005,
      0.0005,
      0.0005,
      0.0005,
      0.0005,
      0.0005,
      0.0005,
      0.0005,
      0.0005,
      0.0005,
      0.0005,
      0.0005,
      0.0005,
      0.0005,
      0.0005,
      0.0005,
      0.0005,
      0.0005,
      0.0005,
      0.0005,
      0.0005,
      0.0005,
      0.0005,
      0.0005,
      0.0005,
      0.0005,
      0.0005,
      0.0005,
      0.0005,
      0.0005,
      0.0005,
      0.0005
    ],
    "gpu_memory_mb": [
      0.0,
      0.0,
      0.0,
      0.0,
      0.0,
      0.0,
      0.0,
      0.0,
      0.0,
      0.0,
      0.0,
      0.0,
      0.0,
      0.0,
      0.0,
      0.0,
      0.0,
      0.0,
      0.0,
      0.0,
      0.0,
      0.0,
      0.0,
      0.0,
      0.0,
      0.0,
      0.0,
      0.0,
      0.0,
      0.0,
      0.0,
      0.0,
      0.0,
      0.0,
      0.0,
      0.0,
      0.0,
      0.0,
      0.0,
      0.0,
      0.0,
      0.0,
      0.0,
      0.0,
      0.0,
      0.0,
      0.0,
      0.0,
      0.0,
      0.0
    ],
    "train_block_idx": [
      0,
      0,
      0,
      0,
      0,
      0,
      0,
      0,
      0,
      0,
      1,
      1,
      1,
      1,
      1,
      1,
      1,
      1,
      1,
      1,
      2,
      2,
      2,
      2,
      2,
      2,
      2,
      2,
      2,
      2,
      3,
      3,
      3,
      3,
      3,
      3,
      3,
      3,
      3,
      3,
      4,
      4,
      4,
      4,
      4,
      4,
      4,
      4,
      4,
      4
    ],
    "train_samples": [
      800000,
      800000,
      800000,
      800000,
      800000,
      800000,
      800000,
      800000,
      800000,
      800000,
      800000,
      800000,
      800000,
      800000,
      800000,
      800000,
      800000,
      800000,
      800000,
      800000,
      800000,
      800000,
      800000,
      800000,
      800000,
      800000,
      800000,
      800000,
      800000,
      800000,
      800000,
      800000,
      800000,
      800000,
      800000,
      800000,
      800000,
      800000,
      800000,
      800000,
      800000,
      800000,
      800000,
      800000,
      800000,
      800000,
      800000,
      800000,
      800000,
      800000
    ]
  },
  "final_metrics": {
    "final_loss": 0.09666914826989174,
    "train_accuracy": 0.9437,
    "val_accuracy": 0.94199,
    "test_accuracy": 0.94373,