{
  "split_name": "b3_balanced",
  "split_config": {
    "d3": 0.0,
    "d5": 0.5,
    "d7": 0.5
  },
  "hyperparams": {
    "num_layers": 5,
    "hidden_dim": 256,
    "learning_rate": 0.0003,
    "dropout": 0.1,
    "aggr": "max"
  },
  "training_config": {
    "total_samples": 1000000,
    "epochs": 50,
    "batch_size": 256,
    "num_chunks": 4,
    "chunk_size": 200000,
    "chunk_lifetime": 4,
    "validate_every": 1,
    "train_samples_total": 800000,
    "val_samples": 10000,
    "val_seed": 1000041,
    "test_total": 200000,
    "p_values": [
      0.001,
      0.003,
      0.005,
      0.007
    ],
    "p_weights": [
      0.25,
      0.25,
      0.25,
      0.25
    ]
  },
  "epoch_metrics": {
    "epochs": [
      1,
      2,
      3,
      4,
      5,
      6,
      7,
      8,
      9,
      10,
      11,
      12,
      13,
      14,
      15,
      16,
      17,
      18,
      19,
      20,
      21,
      22,
      23,
      24,
      25,
      26,
      27,
      28,
      29,
      30,
      31,
      32,
      33,
      34,
      35,
      36,
      37,
      38,
      39,
      40,
      41,
      42,
      43,
      44,
      45,
      46,
      47,
      48,
      49,
      50
    ],
    "train_loss": [
      0.2574538460159302,
      0.18780583371881454,
      0.16936561917574638,
      0.15659131800279383,
      0.14752358858623285,
      0.1409826324174709,
      0.13502978590588005,
      0.1300341583656249,
      0.12683864422299174,
      0.12414379345488452,
      0.12159855112101026,
      0.11924261804128569,
      0.11727467803858407,
      0.1154861709984756,
      0.11382062954211349,
      0.11181044256020713,
      0.11066793968083981,
      0.1091674169783325,
      0.10803481170144372,
      0.10729028353143008,
      0.10596327829617624,
      0.10527618250164718,
      0.10474310575087495,
      0.10312182783963345,
      0.102892154052889,
      0.10224364010433563,
      0.10098757322562266,
      0.10031057270351047,
      0.0999093318634276,
      0.09875355276602193,
      0.09874526895875577,
      0.09790418664540794,
      0.0975353170917171,
      0.09692895781295809,
      0.09647412257073872,
      0.09572208419368611,
      0.0954363547097963,
      0.09469743709603226,
      0.09423133768420547,
      0.0937174601164645,
      0.093678835099626,
      0.09281427713278269,
      0.09282567851895235,
      0.09216657568237249,
      0.09182450801480141,
      0.0918240303207379,
      0.09158568717450759,
      0.09134848431995199,
      0.09402289461023652,
      0.0919949675806808
    ],
    "train_accuracy": [
      0.87505,
      0.907968,
      0.91753,
      0.9245578571428571,
      0.9295978571428571,
      0.9332328571428572,
      0.9364778571428571,
      0.93909,
      0.9408014285714286,
      0.9423171428571429,
      0.943605,
      0.9448292857142857,
      0.9456678571428572,
      0.9466771428571429,
      0.9475142857142858,
      0.948765,
      0.9493871428571429,
      0.9499935714285714,
      0.9507664285714286,
      0.9509857142857143,
      0.9515064285714285,
      0.9521057142857143,
      0.9523707142857143,
      0.9529814285714285,
      0.9533064285714286,
      0.9535328571428572,
      0.9542071428571428,
      0.954665,
      0.9548785714285715,
      0.9553207142857143,
      0.9555014285714286,
      0.955835,
      0.955995,
      0.9560078571428572,
      0.9563771428571428,
      0.9568142857142857,
      0.9570057142857142,
      0.9573328571428571,
      0.9574285714285714,
      0.9576107142857143,
      0.9579342857142857,
      0.9581114285714286,
      0.9582857142857143,
      0.9583792857142858,
      0.9585042857142857,
      0.9585014285714286,
      0.9587214285714286,
      0.95884,
      0.9579342857142857,
      0.9588678571428572
    ],
    "val_accuracy": [
      0.9041,
      0.9083,
      0.9197,
      0.9265,
      0.9323,
      0.9355,
      0.938,
      0.9407,
      0.9399,
      0.9418,
      0.9433,
      0.9457,
      0.949,
      0.9469,
      0.9464,
      0.9488,
      0.9494,
      0.9505,
      0.9506,
      0.9502,
      0.9513,
      0.9536,
      0.9518,
      0.9542,
      0.9528,
      0.9544,
      0.954,
      0.9549,
      0.9555,
      0.9545,
      0.9552,
      0.9548,
      0.9564,
      0.9576,
      0.9573,
      0.9586,
      0.9584,
      0.9591,
      0.9589,
      0.96,
      0.9612,
      0.9602,
      0.9585,
      0.9592,
      0.9599,
      0.9603,
      0.9602,
      0.9601,
      0.9637,
      0.9653
    ],
    "epoch_time_seconds": [
      424.36054372787476,
      557.5474209785461,
      629.5038642883301,
      829.4961206912994,
      786.7667455673218,
      785.5999953746796,
      793.3952186107635,
      856.6304669380188,
      863.5220103263855,
      834.0311799049377,
      757.2790644168854,
      744.7237665653229,
      785.7132692337036,
      815.0487017631531,
      780.5308260917664,
      759.804714679718,
      778.9171588420868,
      776.8913519382477,
      742.1553015708923,
      743.9807298183441,
      730.8577451705933,
      770.6159453392029,
      766.1306731700897,
      787.5643658638,
      792.3300950527191,
      768.9381897449493,
      752.8159749507904,
      736.0318832397461,
      754.3675684928894,
      766.6803905963898,
      778.838977098465,
      776.9309566020966,
      794.4802825450897,
      785.4834387302399,
      758.3527030944824,
      745.8076338768005,
      752.2958889007568,
      768.2808177471161,
      764.7406651973724,
      773.6890847682953,
      778.9006559848785,
      784.986430644989,
      775.4262185096741,
      738.3593063354492,
      744.6837038993835,
      748.5330924987793,
      748.0825591087341,
      757.3967092037201,
      715.3854305744171,
      771.9975278377533
    ],
    "learning_rate": [
      0.0003,
      0.0003,
      0.0003,
      0.0003,
      0.0003,
      0.0003,
      0.0003,
      0.0003,
      0.0003,
      0.0003,
      0.0003,
      0.0003,
      0.0003,
      0.0003,
      0.0003,
      0.0003,
      0.0003,
      0.0003,
      0.0003,
      0.0003,
      0.0003,
      0.0003,
      0.0003,
      0.0003,
      0.0003,
      0.0003,
      0.0003,
      0.0003,
      0.0003,
      0.0003,
      0.0003,
      0.0003,
      0.0003,
      0.0003,
      0.0003,
      0.0003,
      0.0003,
      0.0003,
      0.0003,
      0.0003,
      0.0003,
      0.0003,
      0.0003,
      0.0003,
      0.0003,
      0.0003,
      0.0003,
      0.0003,
      0.0003,
      0.0003
    ],
    "gpu_memory_mb": [
      0.0,
      0.0,
      0.0,
      0.0,
      0.0,
      0.0,
      0.0,
      0.0,
      0.0,
      0.0,
      0.0,
      0.0,
      0.0,
      0.0,
      0.0,
      0.0,
      0.0,
      0.0,
      0.0,
      0.0,
      0.0,
      0.0,
      0.0,
      0.0,
      0.0,
      0.0,
      0.0,
      0.0,
      0.0,
      0.0,
      0.0,
      0.0,
      0.0,
      0.0,
      0.0,
      0.0,
      0.0,
      0.0,
      0.0,
      0.0,
      0.0,
      0.0,
      0.0,
      0.0,
      0.0,
      0.0,
      0.0,
      0.0,
      0.0,
      0.0
    ],