{
  "split_name": "b4_d7more",
  "split_config": {
    "d3": 0.0,
    "d5": 0.35,
    "d7": 0.65
  },
  "hyperparams": {
    "num_layers": 5,
    "hidden_dim": 128,
    "learning_rate": 0.0005,
    "dropout": 0.0,
    "aggr": "max"
  },
  "training_config": {
    "total_samples": 1000000,
    "epochs": 50,
    "batch_size": 256,
    "refresh_every": 10,
    "validate_every": 10,
    "train_samples_per_block": 800000,
    "eval_total": 200000,
    "p_values": [
      0.001,
      0.003,
      0.005,
      0.007
    ],
    "p_weights": [
      0.25,
      0.25,
      0.25,
      0.25
    ]
  },
  "epoch_metrics": {
    "epochs": [
      1,
      2,
      3,
      4,
      5,
      6,
      7,
      8,
      9,
      10,
      11,
      12,
      13,
      14,
      15,
      16,
      17,
      18,
      19,
      20,
      21,
      22,
      23,
      24,
      25,
      26,
      27,
      28,
      29,
      30,
      31,
      32,
      33,
      34,
      35,
      36,
      37,
      38,
      39,
      40,
      41,
      42,
      43,
      44,
      45,
      46,
      47,
      48,
      49,
      50
    ],
    "train_loss": [
      0.29102169678211215,
      0.22148707330703735,
      0.20285721422195435,
      0.1907820421266556,
      0.1820081770348549,
      0.1752656578183174,
      0.16959236768245697,
      0.16475571634292602,
      0.16017614503860472,
      0.15634087942361832,
      0.1654620267009735,
      0.15848818912506105,
      0.15391464993715287,
      0.14985421329259874,
      0.14569757839679717,
      0.1424772855257988,
      0.1394593805241585,
      0.13682406376361847,
      0.13398997627973558,
      0.13188972450733186,
      0.14996515238523483,
      0.14358232898950576,
      0.13915045298099518,
      0.13551964028835298,
      0.13206382753133775,
      0.1294075654399395,
      0.12652957292318345,
      0.12437208974123001,
      0.12191500062465668,
      0.1196635584306717,
      0.14175743582487108,
      0.13487226939439773,
      0.13094962217092515,
      0.1274538671875,
      0.12424849043369293,
      0.12162815996766091,
      0.11917131132483483,
      0.11667056059479713,
      0.11438650044679642,
      0.11273475270628928,
      0.13646300724506377,
      0.12984378614902498,
      0.12561957684278488,
      0.1221152300798893,
      0.11905777223110199,
      0.11667433432102203,
      0.11435825933098794,
      0.11213901935219765,
      0.1100169681274891,
      0.10793850469708442
    ],
    "train_accuracy": [
      0.8544675,
      0.88966,
      0.89958875,
      0.9062275,
      0.9105425,
      0.91409625,
      0.91740125,
      0.91996125,
      0.92219875,
      0.9240425,
      0.9205475,
      0.92386125,
      0.92599875,
      0.9282425,
      0.930145,
      0.93172125,
      0.93305875,
      0.93441125,
      0.935695,
      0.93702875,
      0.92913125,
      0.9322125,
      0.934295,
      0.93580125,
      0.9374675,
      0.9385575,
      0.93994125,
      0.941185,
      0.9425075,
      0.9432675,
      0.933575,
      0.93667125,
      0.9384475,
      0.94023125,
      0.94150375,
      0.9427475,
      0.94394375,
      0.94502875,
      0.9462825,
      0.94713625,
      0.9366075,
      0.9392,
      0.94123375,
      0.94285125,
      0.94408,
      0.94529,
      0.9465925,
      0.94723375,
      0.94857375,
      0.94949
    ],
    "val_accuracy": [
      NaN,
      NaN,
      NaN,
      NaN,
      NaN,
      NaN,
      NaN,
      NaN,
      NaN,
      0.91957,
      NaN,
      NaN,
      NaN,
      NaN,
      NaN,
      NaN,
      NaN,
      NaN,
      NaN,
      0.92877,
      NaN,
      NaN,
      NaN,
      NaN,
      NaN,
      NaN,
      NaN,
      NaN,
      NaN,
      0.93107,
      NaN,
      NaN,
      NaN,
      NaN,
      NaN,
      NaN,
      NaN,
      NaN,
      NaN,
      0.93627,
      NaN,
      NaN,
      NaN,
      NaN,
      NaN,
      NaN,
      NaN,
      NaN,
      NaN,
      0.9381
    ],
    "epoch_time_seconds": [
      199.1890003681183,
      199.52732610702515,
      199.70367884635925,
      199.7800121307373,
      200.03944635391235,
      199.7249937057495,
      199.40026378631592,
      199.9027578830719,
      198.80759406089783,
      208.4546389579773,
      355.5358045101166,
      217.5222523212433,
      218.0307047367096,
      217.2645881175995,
      218.22853207588196,
      218.6591396331787,
      218.33287644386292,
      218.69441294670105,
      219.09632468223572,
      227.40472078323364,
      347.47465896606445,
      206.71081376075745,
      207.2344148159027,
      207.11678814888,
      207.02698302268982,
      207.93472599983215,
      207.7871024608612,
      207.70631909370422,
      207.12430119514465,
      216.19232439994812,
      358.7397050857544,
      219.44403791427612,
      219.73633861541748,
      218.36696434020996,
      219.83843159675598,
      218.97061395645142,
      218.9137954711914,
      218.7265510559082,
      218.84568238258362,
      227.95670557022095,
      350.00929498672485,
      208.59436440467834,
      210.29291892051697,
      209.88577842712402,
      209.56290769577026,
      210.9284586906433,
      209.7317669391632,
      210.0151867866516,
      210.52196335792542,
      218.2243847846985
    ],
    "learning_rate": [
      0.0005,
      0.0005,
      0.0005,
      0.0005,
      0.0005,
      0.0005,
      0.0005,
      0.0005,
      0.0005,
      0.0005,
      0.0005,
      0.0005,
      0.0005,
      0.0005,
      0.0005,
      0.0005,
      0.0005,
      0.0005,
      0.0005,
      0.0005,
      0.0005,
      0.0005,
      0.0005,
      0.0005,
      0.0005,
      0.0005,
      0.0005,
      0.0005,
      0.0005,
      0.0005,
      0.0005,
      0.0005,
      0.0005,
      0.0005,
      0.0005,
      0.0005,
      0.0005,
      0.0005,
      0.0005,
      0.0005,
      0.0005,
      0.0005,
      0.0005,
      0.0005,
      0.0005,
      0.0005,
      0.0005,
      0.0005,
      0.0005,
      0.0005
    ],
    "gpu_memory_mb": [
      0.0,
      0.0,
      0.0,
      0.0,
      0.0,
      0.0,
      0.0,
      0.0,
      0.0,
      0.0,
      0.0,
      0.0,
      0.0,
      0.0,
      0.0,
      0.0,
      0.0,
      0.0,
      0.0,
      0.0,
      0.0,
      0.0,
      0.0,
      0.0,
      0.0,
      0.0,
      0.0,
      0.0,
      0.0,
      0.0,
      0.0,
      0.0,
      0.0,
      0.0,
      0.0,
      0.0,
      0.0,
      0.0,
      0.0,
      0.0,
      0.0,
      0.0,
      0.0,
      0.0,
      0.0,
      0.0,
      0.0,
      0.0,
      0.0,
      0.0
    ],
    "train_block_idx": [
      0,
      0,
      0,
      0,
      0,
      0,
      0,
      0,
      0,
      0,
      1,
      1,
      1,
      1,
      1,
      1,
      1,
      1,
      1,
      1,
      2,
      2,
      2,
      2,
      2,
      2,
      2,
      2,
      2,
      2,
      3,
      3,
      3,
      3,
      3,
      3,
      3,
      3,
      3,
      3,
      4,
      4,
      4,
      4,
      4,
      4,
      4,
      4,
      4,
      4
    ],
    "train_samples": [
      800000,
      800000,
      800000,
      800000,
      800000,
      800000,
      800000,
      800000,
      800000,
      800000,
      800000,
      800000,
      800000,
      800000,
      800000,
      800000,
      800000,
      800000,
      800000,
      800000,
      800000,
      800000,
      800000,
      800000,
      800000,
      800000,
      800000,
      800000,
      800000,
      800000,
      800000,
      800000,
      800000,
      800000,
      800000,
      800000,
      800000,
      800000,
      800000,
      800000,
      800000,
      800000,
      800000,
      800000,
      800000,
      800000,
      800000,
      800000,
      800000,
      800000
    ]
  },
  "final_metrics": {
    "final_loss": 0.10793850469708442,
    "train_accuracy": 0.9377,
    "val_accuracy": 0.9381,
    "test_accuracy": 0.93782,