{
  "split_name": "b4_d7more",
  "split_config": {
    "d3": 0.0,
    "d5": 0.35,
    "d7": 0.65
  },
  "hyperparams": {
    "num_layers": 5,
    "hidden_dim": 256,
    "learning_rate": 0.0003,
    "dropout": 0.1,
    "aggr": "max"
  },
  "training_config": {
    "total_samples": 1000000,
    "epochs": 50,
    "batch_size": 256,
    "num_chunks": 4,
    "chunk_size": 200000,
    "chunk_lifetime": 4,
    "validate_every": 1,
    "train_samples_total": 800000,
    "val_samples": 10000,
    "val_seed": 1000041,
    "test_total": 200000,
    "p_values": [
      0.001,
      0.003,
      0.005,
      0.007
    ],
    "p_weights": [
      0.25,
      0.25,
      0.25,
      0.25
    ]
  },
  "epoch_metrics": {
    "epochs": [
      1,
      2,
      3,
      4,
      5,
      6,
      7,
      8,
      9,
      10,
      11,
      12,
      13,
      14,
      15,
      16,
      17,
      18,
      19,
      20,
      21,
      22,
      23,
      24,
      25,
      26,
      27,
      28,
      29,
      30,
      31,
      32,
      33,
      34,
      35,
      36,
      37,
      38,
      39,
      40,
      41,
      42,
      43,
      44,
      45,
      46,
      47,
      48,
      49,
      50
    ],
    "train_loss": [
      0.27615852242946626,
      0.2058624026299072,
      0.18619317340953817,
      0.17333740669492176,
      0.16395836011662435,
      0.15699633308031546,
      0.15169487602860254,
      0.14590421036188247,
      0.14105276653907878,
      0.13785649442895062,
      0.13519985382720176,
      0.13279443046203762,
      0.13046549808817734,
      0.12868802660718917,
      0.12662529054001276,
      0.12512603059784327,
      0.12389051697740915,
      0.12247882035357749,
      0.12122032749280129,
      0.11990593293125569,
      0.11873883543739394,
      0.11784308084127867,
      0.11678477991041981,
      0.11585379949442036,
      0.11456309707144274,
      0.11404682792727266,
      0.11289465775814478,
      0.11206460278906973,
      0.11134364453758612,
      0.11058264870648193,
      0.1099848493683009,
      0.10910299814683054,
      0.10891965161521967,
      0.10807486613853079,
      0.10784757737200425,
      0.10731040327463208,
      0.10701310449131862,
      0.10612723344116504,
      0.10557702183995915,
      0.10528004054755959,
      0.10480543706974113,
      0.1038344273720707,
      0.10382836034412815,
      0.10356493537346761,
      0.10300796813302425,
      0.10262082512923842,
      0.10257557909516797,
      0.1017264933726386,
      0.1014829336252274,
      0.10131765098199808
    ],
    "train_accuracy": [
      0.863075,
      0.897551,
      0.907805,
      0.9154357142857142,
      0.9210364285714285,
      0.9249842857142857,
      0.927995,
      0.9306957142857143,
      0.9335085714285715,
      0.9353764285714286,
      0.936405,
      0.9378842857142857,
      0.9393571428571429,
      0.9402664285714286,
      0.9412107142857142,
      0.9419964285714286,
      0.942755,
      0.9435571428571429,
      0.9442992857142857,
      0.9447614285714285,
      0.9451785714285714,
      0.9457964285714285,
      0.9462164285714286,
      0.9468042857142858,
      0.9474042857142857,
      0.9477428571428571,
      0.9481478571428571,
      0.9484528571428571,
      0.9489485714285715,
      0.9494107142857143,
      0.9497435714285715,
      0.9502642857142857,
      0.9502542857142857,
      0.9505564285714285,
      0.95106,
      0.9509221428571428,
      0.9511535714285714,
      0.9516264285714285,
      0.9518128571428571,
      0.9521928571428572,
      0.9524821428571428,
      0.9526442857142857,
      0.9527307142857143,
      0.95297,
      0.95306,
      0.9533635714285714,
      0.953605,
      0.95387,
      0.9539085714285714,
      0.9542728571428571
    ],
    "val_accuracy": [
      0.8893,
      0.9018,
      0.9123,
      0.9213,
      0.9242,
      0.9237,
      0.9286,
      0.9336,
      0.9317,
      0.9364,
      0.94,
      0.9412,
      0.9429,
      0.9408,
      0.9413,
      0.9426,
      0.9419,
      0.9442,
      0.946,
      0.9453,
      0.9468,
      0.9466,
      0.9477,
      0.946,
      0.9494,
      0.9519,
      0.9519,
      0.9511,
      0.9537,
      0.9515,
      0.9529,
      0.9538,
      0.9505,
      0.9533,
      0.9522,
      0.9534,
      0.9533,
      0.9537,
      0.9533,
      0.9539,
      0.9533,
      0.956,
      0.9563,
      0.9559,
      0.9563,
      0.9567,
      0.9567,
      0.9564,
      0.956,
      0.9559
    ],
    "epoch_time_seconds": [
      466.4616162776947,
      611.4078879356384,
      712.0419282913208,
      871.5428512096405,
      865.9542849063873,
      890.1340544223785,
      885.095273733139,
      895.9935154914856,
      878.9655649662018,
      849.50905418396,
      825.2603266239166,
      845.7899088859558,
      854.3179340362549,
      865.0899333953857,
      870.9327363967896,
      893.81294465065,
      983.6894693374634,
      846.2856438159943,
      847.7568910121918,
      842.2992808818817,
      897.7739057540894,
      879.5912878513336,
      895.3697807788849,
      970.1900627613068,
      938.7152464389801,
      922.877188205719,
      908.5242893695831,
      922.5358593463898,
      850.4724621772766,
      894.9642188549042,
      886.1754941940308,
      889.4228501319885,
      906.1114597320557,
      882.5464718341827,
      855.9343020915985,
      880.0621538162231,
      901.589864730835,
      895.1772000789642,
      891.7345094680786,
      905.4552845954895,
      895.2307085990906,
      889.0448718070984,
      875.1534571647644,
      857.713232755661,
      856.835547208786,
      857.4015393257141,
      871.4101483821869,
      871.6645908355713,
      917.2554831504822,
      888.6668949127197
    ],
    "learning_rate": [
      0.0003,
      0.0003,
      0.0003,
      0.0003,
      0.0003,
      0.0003,
      0.0003,
      0.0003,
      0.0003,
      0.0003,
      0.0003,
      0.0003,
      0.0003,
      0.0003,
      0.0003,
      0.0003,
      0.0003,
      0.0003,
      0.0003,
      0.0003,
      0.0003,
      0.0003,
      0.0003,
      0.0003,
      0.0003,
      0.0003,
      0.0003,
      0.0003,
      0.0003,
      0.0003,
      0.0003,
      0.0003,
      0.0003,
      0.0003,
      0.0003,
      0.0003,
      0.0003,
      0.0003,
      0.0003,
      0.0003,
      0.0003,
      0.0003,
      0.0003,
      0.0003,
      0.0003,
      0.0003,
      0.0003,
      0.0003,
      0.0003,
      0.0003
    ],
    "gpu_memory_mb": [
      0.0,
      0.0,
      0.0,
      0.0,
      0.0,
      0.0,
      0.0,
      0.0,
      0.0,
      0.0,
      0.0,
      0.0,
      0.0,
      0.0,
      0.0,
      0.0,
      0.0,
      0.0,
      0.0,
      0.0,
      0.0,
      0.0,
      0.0,
      0.0,
      0.0,
      0.0,
      0.0,
      0.0,
      0.0,
      0.0,
      0.0,
      0.0,
      0.0,
      0.0,
      0.0,
      0.0,
      0.0,
      0.0,
      0.0,
      0.0,
      0.0,
      0.0,
      0.0,
      0.0,
      0.0,
      0.0,
      0.0,
      0.0,
      0.0,
      0.0
    ],