{
  "split_name": "b5_d7heavy",
  "split_config": {
    "d3": 0.0,
    "d5": 0.2,
    "d7": 0.8
  },
  "hyperparams": {
    "num_layers": 5,
    "hidden_dim": 128,
    "learning_rate": 0.0005,
    "dropout": 0.0,
    "aggr": "max"
  },
  "training_config": {
    "total_samples": 1000000,
    "epochs": 50,
    "batch_size": 256,
    "refresh_every": 10,
    "validate_every": 10,
    "train_samples_per_block": 800000,
    "eval_total": 200000,
    "p_values": [
      0.001,
      0.003,
      0.005,
      0.007
    ],
    "p_weights": [
      0.25,
      0.25,
      0.25,
      0.25
    ]
  },
  "epoch_metrics": {
    "epochs": [
      1,
      2,
      3,
      4,
      5,
      6,
      7,
      8,
      9,
      10,
      11,
      12,
      13,
      14,
      15,
      16,
      17,
      18,
      19,
      20,
      21,
      22,
      23,
      24,
      25,
      26,
      27,
      28,
      29,
      30,
      31,
      32,
      33,
      34,
      35,
      36,
      37,
      38,
      39,
      40,
      41,
      42,
      43,
      44,
      45,
      46,
      47,
      48,
      49,
      50
    ],
    "train_loss": [
      0.31010162089347837,
      0.2397025792980194,
      0.2199105630159378,
      0.2074236684846878,
      0.1988367638373375,
      0.19177039258480072,
      0.18577192241191864,
      0.18059998691797258,
      0.1758719079375267,
      0.17172395245075225,
      0.1808009451699257,
      0.1736012857222557,
      0.16811660771131515,
      0.16398848968744278,
      0.16037228009700774,
      0.1566178125309944,
      0.15374654788970948,
      0.1504828999519348,
      0.14795439220905304,
      0.14520105746984482,
      0.16296260157108308,
      0.15595063073635101,
      0.15189120661020278,
      0.1480640119600296,
      0.14477310408115387,
      0.1417474724459648,
      0.13914289274692535,
      0.1367529729127884,
      0.1342749052476883,
      0.1322766637277603,
      0.1553807186985016,
      0.14884904747486113,
      0.14432587839126587,
      0.14073472125053405,
      0.13765388033866882,
      0.1349430393743515,
      0.13228785144329072,
      0.129950295586586,
      0.12772100092172622,
      0.12541330667972564,
      0.14849959203481675,
      0.1416567621421814,
      0.1372848790025711,
      0.13374501505851746,
      0.13064061537504196,
      0.12774800167560577,
      0.12569309952497482,
      0.12282214720129966,
      0.12097273252010346,
      0.1190859246635437
    ],
    "train_accuracy": [
      0.8420575,
      0.87919625,
      0.890275,
      0.8972075,
      0.901995,
      0.9059175,
      0.90898875,
      0.9117575,
      0.9139675,
      0.9164025,
      0.9121525,
      0.9159075,
      0.91863875,
      0.92051,
      0.92253,
      0.9245,
      0.92595,
      0.92756875,
      0.9290225,
      0.93027875,
      0.92268,
      0.9258675,
      0.9278325,
      0.92961625,
      0.9313675,
      0.93254,
      0.933935,
      0.93500875,
      0.93637375,
      0.9372825,
      0.9266175,
      0.92952,
      0.93168375,
      0.93343,
      0.934755,
      0.9363075,
      0.9374975,
      0.93866375,
      0.93945625,
      0.94062125,
      0.9306775,
      0.93382375,
      0.93534875,
      0.93710625,
      0.9387875,
      0.940075,
      0.94091875,
      0.94246,
      0.94326375,
      0.943775
    ],
    "val_accuracy": [
      NaN,
      NaN,
      NaN,
      NaN,
      NaN,
      NaN,
      NaN,
      NaN,
      NaN,
      0.90866,
      NaN,
      NaN,
      NaN,
      NaN,
      NaN,
      NaN,
      NaN,
      NaN,
      NaN,
      0.92,
      NaN,
      NaN,
      NaN,
      NaN,
      NaN,
      NaN,
      NaN,
      NaN,
      NaN,
      0.92629,
      NaN,
      NaN,
      NaN,
      NaN,
      NaN,
      NaN,
      NaN,
      NaN,
      NaN,
      0.93031,
      NaN,
      NaN,
      NaN,
      NaN,
      NaN,
      NaN,
      NaN,
      NaN,
      NaN,
      0.93303
    ],
    "epoch_time_seconds": [
      307.87126183509827,
      307.117799282074,
      309.77224469184875,
      297.24895119667053,
      297.1660144329071,
      295.94065618515015,
      296.6034960746765,
      293.98264026641846,
      295.7129476070404,
      304.7113833427429,
      487.93904662132263,
      308.24109292030334,
      308.7536430358887,
      308.2058527469635,
      305.8055250644684,
      308.4345543384552,
      310.18262100219727,
      308.04540061950684,
      306.3362727165222,
      318.4200351238251,
      482.30569314956665,
      303.39149737358093,
      300.8163630962372,
      303.9707317352295,
      302.64197754859924,
      301.3591206073761,
      303.50728821754456,
      305.9682924747467,
      304.20693278312683,
      317.527508020401,
      488.00347089767456,
      311.7962865829468,
      312.14528489112854,
      311.31782484054565,
      311.10108757019043,
      310.65701389312744,
      311.39049792289734,
      312.7143201828003,
      313.0316343307495,
      324.0707137584686,
      487.21270537376404,
      306.73644757270813,
      306.63241934776306,
      309.16835927963257,
      308.2637767791748,
      308.56159138679504,
      309.61483502388,
      309.05011439323425,
      306.90719413757324,
      317.9062695503235
    ],
    "learning_rate": [
      0.0005,
      0.0005,
      0.0005,
      0.0005,
      0.0005,
      0.0005,
      0.0005,
      0.0005,
      0.0005,
      0.0005,
      0.0005,
      0.0005,
      0.0005,
      0.0005,
      0.0005,
      0.0005,
      0.0005,
      0.0005,
      0.0005,
      0.0005,
      0.0005,
      0.0005,
      0.0005,
      0.0005,
      0.0005,
      0.0005,
      0.0005,
      0.0005,
      0.0005,
      0.0005,
      0.0005,
      0.0005,
      0.0005,
      0.0005,
      0.0005,
      0.0005,
      0.0005,
      0.0005,
      0.0005,
      0.0005,
      0.0005,
      0.0005,
      0.0005,
      0.0005,
      0.0005,
      0.0005,
      0.0005,
      0.0005,
      0.0005,
      0.0005
    ],
    "gpu_memory_mb": [
      0.0,
      0.0,
      0.0,
      0.0,
      0.0,
      0.0,
      0.0,
      0.0,
      0.0,
      0.0,
      0.0,
      0.0,
      0.0,
      0.0,
      0.0,
      0.0,
      0.0,
      0.0,
      0.0,
      0.0,
      0.0,
      0.0,
      0.0,
      0.0,
      0.0,
      0.0,
      0.0,
      0.0,
      0.0,
      0.0,
      0.0,
      0.0,
      0.0,
      0.0,
      0.0,
      0.0,
      0.0,
      0.0,
      0.0,
      0.0,
      0.0,
      0.0,
      0.0,
      0.0,
      0.0,
      0.0,
      0.0,
      0.0,
      0.0,
      0.0
    ],
    "train_block_idx": [
      0,
      0,
      0,
      0,
      0,
      0,
      0,
      0,
      0,
      0,
      1,
      1,
      1,
      1,
      1,
      1,
      1,
      1,
      1,
      1,
      2,
      2,
      2,
      2,
      2,
      2,
      2,
      2,
      2,
      2,
      3,
      3,
      3,
      3,
      3,
      3,
      3,
      3,
      3,
      3,
      4,
      4,
      4,
      4,
      4,
      4,
      4,
      4,
      4,
      4
    ],
    "train_samples": [
      800000,
      800000,
      800000,
      800000,
      800000,
      800000,
      800000,
      800000,
      800000,
      800000,
      800000,
      800000,
      800000,
      800000,
      800000,
      800000,
      800000,
      800000,
      800000,
      800000,
      800000,
      800000,
      800000,
      800000,
      800000,
      800000,
      800000,
      800000,
      800000,
      800000,
      800000,
      800000,
      800000,
      800000,
      800000,
      800000,
      800000,
      800000,
      800000,
      800000,
      800000,
      800000,
      800000,
      800000,
      800000,
      800000,
      800000,
      800000,
      800000,
      800000
    ]
  },
  "final_metrics": {
    "final_loss": 0.1190859246635437,
    "train_accuracy": 0.9338,
    "val_accuracy": 0.93303,
    "test_accuracy": 0.9333,
    "total_training_time_seconds": 16597.28445506096
  },