{
  "split_name": "b5_d7heavy",
  "split_config": {
    "d3": 0.0,
    "d5": 0.2,
    "d7": 0.8
  },
  "hyperparams": {
    "num_layers": 5,
    "hidden_dim": 256,
    "learning_rate": 0.0003,
    "dropout": 0.1,
    "aggr": "max"
  },
  "training_config": {
    "total_samples": 1000000,
    "epochs": 50,
    "batch_size": 256,
    "num_chunks": 4,
    "chunk_size": 200000,
    "chunk_lifetime": 4,
    "validate_every": 1,
    "train_samples_total": 800000,
    "val_samples": 10000,
    "val_seed": 1000041,
    "test_total": 200000,
    "p_values": [
      0.001,
      0.003,
      0.005,
      0.007
    ],
    "p_weights": [
      0.25,
      0.25,
      0.25,
      0.25
    ]
  },
  "epoch_metrics": {
    "epochs": [
      1,
      2,
      3,
      4,
      5,
      6,
      7,
      8,
      9,
      10,
      11,
      12,
      13,
      14,
      15,
      16,
      17,
      18,
      19,
      20,
      21,
      22,
      23,
      24,
      25,
      26,
      27,
      28,
      29,
      30,
      31,
      32,
      33,
      34,
      35,
      36,
      37,
      38,
      39,
      40,
      41,
      42,
      43,
      44,
      45,
      46,
      47,
      48,
      49,
      50
    ],
    "train_loss": [
      0.2925562130212784,
      0.2238996163227993,
      0.20416848967328616,
      0.18942610141585353,
      0.17879766150341758,
      0.17123202186552605,
      0.16524086662643592,
      0.16076883492750538,
      0.15661080170836258,
      0.15332334821856117,
      0.1497987635197991,
      0.1461535171001283,
      0.14352837607365332,
      0.14107506019522228,
      0.1384438621423475,
      0.13706693798439837,
      0.13594900947053945,
      0.13403762406030115,
      0.13241731579124133,
      0.1311678226010676,
      0.13009233992089736,
      0.12889284570663104,
      0.1281440345923629,
      0.1267880360718662,
      0.12637015860912612,
      0.12519284617513401,
      0.1243793555891455,
      0.12348152360863389,
      0.12260466224424886,
      0.12167617279684048,
      0.12089148387217526,
      0.11987715939658938,
      0.11877476597403364,
      0.11846110930478666,
      0.11746723022094634,
      0.11698978975984684,
      0.11659325904221918,
      0.11595924287042664,
      0.11562372895574456,
      0.11483891774428721,
      0.1143890652893437,
      0.11400877797768721,
      0.11366691202957924,
      0.1131151573625893,
      0.11195205822709622,
      0.1123435501745565,
      0.11183222873767501,
      0.1111160400252899,
      0.11107480734270656,
      0.1107485733400437
    ],
    "train_accuracy": [
      0.85237875,
      0.886765,
      0.8976083333333333,
      0.9060321428571428,
      0.9125414285714286,
      0.9170371428571429,
      0.9201407142857143,
      0.92304,
      0.9251328571428571,
      0.9269657142857143,
      0.9290621428571428,
      0.9309321428571429,
      0.9325085714285715,
      0.9334635714285714,
      0.9349142857142857,
      0.9358821428571429,
      0.9361371428571429,
      0.9372964285714286,
      0.9380571428571428,
      0.938535,
      0.9392835714285714,
      0.9400128571428571,
      0.9403107142857143,
      0.9409764285714286,
      0.9412028571428571,
      0.9420664285714285,
      0.9425714285714286,
      0.9429085714285714,
      0.9429728571428572,
      0.9437407142857143,
      0.9441414285714286,
      0.9448421428571429,
      0.9452371428571429,
      0.9454007142857143,
      0.9460814285714285,
      0.9459621428571429,
      0.9465292857142857,
      0.9466542857142857,
      0.9467771428571429,
      0.9472528571428571,
      0.9472842857142857,
      0.9478828571428571,
      0.9478828571428571,
      0.9482135714285714,
      0.9486607142857143,
      0.94872,
      0.9489557142857142,
      0.9491921428571428,
      0.949155,
      0.9491821428571429
    ],
    "val_accuracy": [
      0.8782,
      0.8928,
      0.8993,
      0.9075,
      0.9093,
      0.917,
      0.9241,
      0.923,
      0.9275,
      0.9285,
      0.9333,
      0.9351,
      0.9322,
      0.9345,
      0.9385,
      0.9372,
      0.9399,
      0.9395,
      0.9437,
      0.9416,
      0.9406,
      0.9421,
      0.9438,
      0.944,
      0.9446,
      0.946,
      0.9459,
      0.9451,
      0.9458,
      0.9463,
      0.9453,
      0.9475,
      0.9477,
      0.948,
      0.9487,
      0.9465,
      0.9485,
      0.9483,
      0.949,
      0.9502,
      0.9497,
      0.9481,
      0.9506,
      0.9496,
      0.9492,
      0.9505,
      0.953,
      0.9519,
      0.9484,
      0.9526
    ],
    "epoch_time_seconds": [
      526.4365382194519,
      678.4495770931244,
      802.6625845432281,
      941.5740940570831,
      950.853976726532,
      953.6817855834961,
      962.5252578258514,
      961.8649697303772,
      993.4351241588593,
      927.9564256668091,
      941.8913269042969,
      954.7741768360138,
      961.4410893917084,
      964.1885695457458,
      961.9140679836273,
      967.3324935436249,
      989.9333724975586,
      959.6966574192047,
      945.6881368160248,
      947.5985913276672,
      950.7892651557922,
      951.5760791301727,
      960.3941071033478,
      983.2044951915741,
      1005.4201257228851,
      978.2756497859955,
      946.5730895996094,
      975.1682105064392,
      978.6325011253357,
      964.3969178199768,
      963.9015655517578,
      980.1177825927734,
      1001.6334547996521,
      994.6095623970032,
      979.2350952625275,
      957.950033903122,
      969.3258028030396,
      950.8618092536926,
      975.32692694664,
      974.5311722755432,
      992.2559714317322,
      975.7128112316132,
      973.1967318058014,
      980.5772817134857,
      964.8132193088531,
      962.4104783535004,
      1036.8669347763062,
      966.8711230754852,
      1001.1753921508789,
      978.3094136714935
    ],
    "learning_rate": [
      0.0003,
      0.0003,
      0.0003,
      0.0003,
      0.0003,
      0.0003,
      0.0003,
      0.0003,
      0.0003,
      0.0003,
      0.0003,
      0.0003,
      0.0003,
      0.0003,
      0.0003,
      0.0003,
      0.0003,
      0.0003,
      0.0003,
      0.0003,
      0.0003,
      0.0003,
      0.0003,
      0.0003,
      0.0003,
      0.0003,
      0.0003,
      0.0003,
      0.0003,
      0.0003,
      0.0003,
      0.0003,
      0.0003,
      0.0003,
      0.0003,
      0.0003,
      0.0003,
      0.0003,
      0.0003,
      0.0003,
      0.0003,
      0.0003,
      0.0003,
      0.0003,
      0.0003,
      0.0003,
      0.0003,
      0.0003,
      0.0003,
      0.0003
    ],
    "gpu_memory_mb": [
      0.0,
      0.0,
      0.0,
      0.0,
      0.0,
      0.0,
      0.0,
      0.0,
      0.0,
      0.0,
      0.0,
      0.0,
      0.0,
      0.0,
      0.0,
      0.0,
      0.0,
      0.0,
      0.0,
      0.0,
      0.0,
      0.0,
      0.0,
      0.0,
      0.0,
      0.0,
      0.0,
      0.0,
      0.0,
      0.0,
      0.0,
      0.0,
      0.0,
      0.0,
      0.0,
      0.0,
      0.0,
      0.0,
      0.0,
      0.0,
      0.0,
      0.0,
      0.0,
      0.0,
      0.0,
      0.0,
      0.0,
      0.0,
      0.0,
      0.0
    ],