{
  "split_name": "c1_only_d3",
  "split_config": {
    "d3": 1.0,
    "d5": 0.0,
    "d7": 0.0
  },
  "hyperparams": {
    "num_layers": 5,
    "hidden_dim": 128,
    "learning_rate": 0.0005,
    "dropout": 0.0,
    "aggr": "max"
  },
  "training_config": {
    "total_samples": 1000000,
    "epochs": 50,
    "batch_size": 256,
    "refresh_every": 10,
    "validate_every": 10,
    "train_samples_per_block": 800000,
    "eval_total": 200000,
    "p_values": [
      0.001,
      0.003,
      0.005,
      0.007
    ],
    "p_weights": [
      0.25,
      0.25,
      0.25,
      0.25
    ]
  },
  "epoch_metrics": {
    "epochs": [
      1,
      2,
      3,
      4,
      5,
      6,
      7,
      8,
      9,
      10,
      11,
      12,
      13,
      14,
      15,
      16,
      17,
      18,
      19,
      20,
      21,
      22,
      23,
      24,
      25,
      26,
      27,
      28,
      29,
      30,
      31,
      32,
      33,
      34,
      35,
      36,
      37,
      38,
      39,
      40,
      41,
      42,
      43,
      44,
      45,
      46,
      47,
      48,
      49,
      50
    ],
    "train_loss": [
      0.095079257850945,
      0.04598476260215044,
      0.044223349685519935,
      0.04302532561004162,
      0.042183882268965245,
      0.04146374693855643,
      0.04087170037463307,
      0.04040204878926277,
      0.03994819268226624,
      0.03976422118648887,
      0.04049215221464634,
      0.039829609294980764,
      0.03940190197721124,
      0.03919175133794546,
      0.038832956193089484,
      0.0386919680288434,
      0.038354884379953144,
      0.03813842031702399,
      0.037867057729065415,
      0.037760713381469246,
      0.03986216053530574,
      0.03928258128851652,
      0.03893405697032809,
      0.038677364273965356,
      0.03842215801268816,
      0.038087574907392265,
      0.037956399778425694,
      0.03779228240042925,
      0.03755174670174718,
      0.03733337907254696,
      0.03902394536882639,
      0.038458470443040134,
      0.037979861617982384,
      0.03762397303000092,
      0.03739798485279083,
      0.03712062195584178,
      0.03686520274624228,
      0.03671802009314298,
      0.0363977082426846,
      0.036140725259035826,
      0.03924224522128701,
      0.03854282735362649,
      0.03815227632701397,
      0.03784390939831734,
      0.03753353358194232,
      0.03724194668397307,
      0.03699218870550394,
      0.03673938017576933,
      0.03651824152380228,
      0.03624031801149249
    ],
    "train_accuracy": [
      0.97361,
      0.98480125,
      0.9852825,
      0.9855075,
      0.9859325,
      0.98609375,
      0.98638125,
      0.98657875,
      0.98670375,
      0.98686375,
      0.98647,
      0.98670875,
      0.98686625,
      0.98693,
      0.9871275,
      0.98719375,
      0.98727875,
      0.98742375,
      0.987435,
      0.98748625,
      0.986805,
      0.98691125,
      0.98707,
      0.98707375,
      0.9873275,
      0.98734,
      0.9873925,
      0.98744875,
      0.98753375,
      0.9876775,
      0.98695375,
      0.9871425,
      0.98742625,
      0.98754875,
      0.98762625,
      0.98768,
      0.98772125,
      0.98785625,
      0.98791,
      0.98806375,
      0.9870675,
      0.98728875,
      0.987365,
      0.98745,
      0.987585,
      0.98767875,
      0.98787375,
      0.987995,
      0.98791375,
      0.988065
    ],
    "val_accuracy": [
      NaN,
      NaN,
      NaN,
      NaN,
      NaN,
      NaN,
      NaN,
      NaN,
      NaN,
      0.98583,
      NaN,
      NaN,
      NaN,
      NaN,
      NaN,
      NaN,
      NaN,
      NaN,
      NaN,
      0.98646,
      NaN,
      NaN,
      NaN,
      NaN,
      NaN,
      NaN,
      NaN,
      NaN,
      NaN,
      0.9865,
      NaN,
      NaN,
      NaN,
      NaN,
      NaN,
      NaN,
      NaN,
      NaN,
      NaN,
      0.98643,
      NaN,
      NaN,
      NaN,
      NaN,
      NaN,
      NaN,
      NaN,
      NaN,
      NaN,
      0.98658
    ],
    "epoch_time_seconds": [
      97.42039847373962,
      98.36782670021057,
      98.24713206291199,
      97.23616814613342,
      97.35408163070679,
      97.61359858512878,
      98.3912103176117,
      98.43133521080017,
      97.0475525856018,
      102.64091801643372,
      202.5599238872528,
      100.25985074043274,
      101.05974984169006,
      100.12598705291748,
      100.10568237304688,
      100.36533117294312,
      98.97856068611145,
      99.47519254684448,
      100.30896329879761,
      105.7038323879242,
      204.63025784492493,
      100.70786476135254,
      100.37867403030396,
      100.22137498855591,
      100.29859638214111,
      100.35441255569458,
      101.21288847923279,
      100.5480637550354,
      100.94074988365173,
      106.1461853981018,
      203.06525707244873,
      99.69596791267395,
      100.5510323047638,
      99.91091966629028,
      101.10256600379944,
      100.51168918609619,
      100.9306173324585,
      100.03013753890991,
      100.61139988899231,
      106.14658164978027,
      205.55557322502136,
      101.3376829624176,
      101.6573646068573,
      101.8684458732605,
      101.80273962020874,
      101.82533049583435,
      101.64103507995605,
      101.55614376068115,
      101.53721070289612,
      107.56274509429932
    ],
    "learning_rate": [
      0.0005,
      0.0005,
      0.0005,
      0.0005,
      0.0005,
      0.0005,
      0.0005,
      0.0005,
      0.0005,
      0.0005,
      0.0005,
      0.0005,
      0.0005,
      0.0005,
      0.0005,
      0.0005,
      0.0005,
      0.0005,
      0.0005,
      0.0005,
      0.0005,
      0.0005,
      0.0005,
      0.0005,
      0.0005,
      0.0005,
      0.0005,
      0.0005,
      0.0005,
      0.0005,
      0.0005,
      0.0005,
      0.0005,
      0.0005,
      0.0005,
      0.0005,
      0.0005,
      0.0005,
      0.0005,
      0.0005,
      0.0005,
      0.0005,
      0.0005,
      0.0005,
      0.0005,
      0.0005,
      0.0005,
      0.0005,
      0.0005,
      0.0005
    ],
    "gpu_memory_mb": [
      0.0,
      0.0,
      0.0,
      0.0,
      0.0,
      0.0,
      0.0,
      0.0,
      0.0,
      0.0,
      0.0,
      0.0,
      0.0,
      0.0,
      0.0,
      0.0,
      0.0,
      0.0,
      0.0,
      0.0,
      0.0,
      0.0,
      0.0,
      0.0,
      0.0,
      0.0,
      0.0,
      0.0,
      0.0,
      0.0,
      0.0,
      0.0,
      0.0,
      0.0,
      0.0,
      0.0,
      0.0,
      0.0,
      0.0,
      0.0,
      0.0,
      0.0,
      0.0,
      0.0,
      0.0,
      0.0,
      0.0,
      0.0,
      0.0,
      0.0
    ],
    "train_block_idx": [
      0,
      0,
      0,
      0,
      0,
      0,
      0,
      0,
      0,
      0,
      1,
      1,
      1,
      1,
      1,
      1,
      1,
      1,
      1,
      1,
      2,
      2,
      2,
      2,
      2,
      2,
      2,
      2,
      2,
      2,
      3,
      3,
      3,
      3,
      3,
      3,
      3,
      3,
      3,
      3,
      4,
      4,
      4,
      4,
      4,
      4,
      4,
      4,
      4,
      4
    ],
    "train_samples": [
      800000,
      800000,
      800000,
      800000,
      800000,
      800000,
      800000,
      800000,
      800000,
      800000,
      800000,
      800000,
      800000,
      800000,
      800000,
      800000,
      800000,
      800000,
      800000,
      800000,
      800000,
      800000,
      800000,
      800000,
      800000,
      800000,
      800000,
      800000,
      800000,
      800000,
      800000,
      800000,
      800000,
      800000,
      800000,
      800000,
      800000,
      800000,
      800000,
      800000,
      800000,
      800000,
      800000,
      800000,
      800000,
      800000,
      800000,
      800000,
      800000,
      800000
    ]
  },
  "final_metrics": {
    "final_loss": 0.03624031801149249,
    "train_accuracy": 0.9877,
    "val_accuracy": 0.98658,
    "test_accuracy": 0.98599,