{
  "split_name": "c2_only_d5",
  "split_config": {
    "d3": 0.0,
    "d5": 1.0,
    "d7": 0.0
  },
  "hyperparams": {
    "num_layers": 5,
    "hidden_dim": 128,
    "learning_rate": 0.0005,
    "dropout": 0.0,
    "aggr": "max"
  },
  "training_config": {
    "total_samples": 1000000,
    "epochs": 50,
    "batch_size": 256,
    "refresh_every": 10,
    "validate_every": 10,
    "train_samples_per_block": 800000,
    "eval_total": 200000,
    "p_values": [
      0.001,
      0.003,
      0.005,
      0.007
    ],
    "p_weights": [
      0.25,
      0.25,
      0.25,
      0.25
    ]
  },
  "epoch_metrics": {
    "epochs": [
      1,
      2,
      3,
      4,
      5,
      6,
      7,
      8,
      9,
      10,
      11,
      12,
      13,
      14,
      15,
      16,
      17,
      18,
      19,
      20,
      21,
      22,
      23,
      24,
      25,
      26,
      27,
      28,
      29,
      30,
      31,
      32,
      33,
      34,
      35,
      36,
      37,
      38,
      39,
      40,
      41,
      42,
      43,
      44,
      45,
      46,
      47,
      48,
      49,
      50
    ],
    "train_loss": [
      0.1869022272014618,
      0.12493695279359818,
      0.11155253841400146,
      0.10301104364991188,
      0.0968632588660717,
      0.09202265084266663,
      0.08847673898100852,
      0.08489494996786118,
      0.08168792931377887,
      0.07882517334103584,
      0.08821676382660866,
      0.08297621090769768,
      0.07918947933673859,
      0.07606994600892067,
      0.07354211301565171,
      0.07100271979629993,
      0.06893792135894299,
      0.06666356866538524,
      0.0647031284570694,
      0.06301018215417863,
      0.07810459405422211,
      0.07311246398150921,
      0.06986033133685589,
      0.06732234859228134,
      0.06490082215368748,
      0.06271003267586231,
      0.06082292748570442,
      0.05879042933106422,
      0.05688886945426464,
      0.05528834243565798,
      0.07414568363666535,
      0.06893479526817799,
      0.06544141709387302,
      0.06290178062438964,
      0.06035461916148663,
      0.05834391416549683,
      0.056313911020755766,
      0.05449857351243496,
      0.0525608951947093,
      0.05074876442909241,
      0.07172070623278617,
      0.06593064516365528,
      0.06261269028276205,
      0.059961633909344676,
      0.05753877500474453,
      0.05525395426988602,
      0.053312578458189964,
      0.051196283704340456,
      0.049528921014666556,
      0.04781165824085474
    ],
    "train_accuracy": [
      0.916545,
      0.94265375,
      0.94963875,
      0.95363625,
      0.95699,
      0.95933375,
      0.96093875,
      0.9625275,
      0.9639175,
      0.96520375,
      0.96159375,
      0.9637075,
      0.965535,
      0.96679125,
      0.9679025,
      0.969165,
      0.96986375,
      0.9709525,
      0.971815,
      0.97247,
      0.9664825,
      0.96859625,
      0.97004,
      0.9711325,
      0.97199625,
      0.97298125,
      0.97375875,
      0.97464375,
      0.97549625,
      0.97614125,
      0.96864875,
      0.9707175,
      0.972075,
      0.9732225,
      0.97431,
      0.97510625,
      0.97599375,
      0.97677125,
      0.97764125,
      0.9781025,
      0.970035,
      0.97184125,
      0.97317625,
      0.97450625,
      0.97542,
      0.97623375,
      0.97720375,
      0.97814125,
      0.97873875,
      0.97939125
    ],
    "val_accuracy": [
      NaN,
      NaN,
      NaN,
      NaN,
      NaN,
      NaN,
      NaN,
      NaN,
      NaN,
      0.96093,
      NaN,
      NaN,
      NaN,
      NaN,
      NaN,
      NaN,
      NaN,
      NaN,
      NaN,
      0.96625,
      NaN,
      NaN,
      NaN,
      NaN,
      NaN,
      NaN,
      NaN,
      NaN,
      NaN,
      0.96626,
      NaN,
      NaN,
      NaN,
      NaN,
      NaN,
      NaN,
      NaN,
      NaN,
      NaN,
      0.96852,
      NaN,
      NaN,
      NaN,
      NaN,
      NaN,
      NaN,
      NaN,
      NaN,
      NaN,
      0.97017
    ],
    "epoch_time_seconds": [
      189.3375747203827,
      188.1317582130432,
      189.23532557487488,
      188.8248610496521,
      189.76874089241028,
      188.24276971817017,
      189.01888632774353,
      189.3737678527832,
      189.87239956855774,
      197.79395198822021,
      359.6071312427521,
      202.38043975830078,
      201.2094132900238,
      201.16541957855225,
      203.1718475818634,
      202.07535195350647,
      201.4824776649475,
      202.19818806648254,
      201.35917782783508,
      212.98623776435852,
      353.8125042915344,
      196.86627554893494,
      196.77410101890564,
      197.53638339042664,
      198.06456446647644,
      197.28340029716492,
      196.1308777332306,
      197.79741787910461,
      196.97187399864197,
      205.54414463043213,
      363.18281269073486,
      205.81067204475403,
      203.86254262924194,
      204.88122630119324,
      204.28618121147156,
      205.09745264053345,
      205.18539929389954,
      205.8057153224945,
      205.3696484565735,
      213.7467062473297,
      352.91275787353516,
      196.48512864112854,
      196.61432218551636,
      196.6658751964569,
      196.57046556472778,
      195.88516545295715,
      196.2295548915863,
      196.14793372154236,
      197.08351969718933,
      205.49687480926514
    ],
    "learning_rate": [
      0.0005,
      0.0005,
      0.0005,
      0.0005,
      0.0005,
      0.0005,
      0.0005,
      0.0005,
      0.0005,
      0.0005,
      0.0005,
      0.0005,
      0.0005,
      0.0005,
      0.0005,
      0.0005,
      0.0005,
      0.0005,
      0.0005,
      0.0005,
      0.0005,
      0.0005,
      0.0005,
      0.0005,
      0.0005,
      0.0005,
      0.0005,
      0.0005,
      0.0005,
      0.0005,
      0.0005,
      0.0005,
      0.0005,
      0.0005,
      0.0005,
      0.0005,
      0.0005,
      0.0005,
      0.0005,
      0.0005,
      0.0005,
      0.0005,
      0.0005,
      0.0005,
      0.0005,
      0.0005,
      0.0005,
      0.0005,
      0.0005,
      0.0005
    ],
    "gpu_memory_mb": [
      0.0,
      0.0,
      0.0,
      0.0,
      0.0,
      0.0,
      0.0,
      0.0,
      0.0,
      0.0,
      0.0,
      0.0,
      0.0,
      0.0,
      0.0,
      0.0,
      0.0,
      0.0,
      0.0,
      0.0,
      0.0,
      0.0,
      0.0,
      0.0,
      0.0,
      0.0,
      0.0,
      0.0,
      0.0,
      0.0,
      0.0,
      0.0,
      0.0,
      0.0,
      0.0,
      0.0,
      0.0,
      0.0,
      0.0,
      0.0,
      0.0,
      0.0,
      0.0,
      0.0,
      0.0,
      0.0,
      0.0,
      0.0,
      0.0,
      0.0
    ],
    "train_block_idx": [
      0,
      0,
      0,
      0,
      0,
      0,
      0,
      0,
      0,
      0,
      1,
      1,
      1,
      1,
      1,
      1,
      1,
      1,
      1,
      1,
      2,
      2,
      2,
      2,
      2,
      2,
      2,
      2,
      2,
      2,
      3,
      3,
      3,
      3,
      3,
      3,
      3,
      3,
      3,
      3,
      4,
      4,
      4,
      4,
      4,
      4,
      4,
      4,
      4,
      4
    ],
    "train_samples": [
      800000,
      800000,
      800000,
      800000,
      800000,
      800000,
      800000,
      800000,
      800000,
      800000,
      800000,
      800000,
      800000,
      800000,
      800000,
      800000,
      800000,
      800000,
      800000,
      800000,
      800000,
      800000,
      800000,
      800000,
      800000,
      800000,
      800000,
      800000,
      800000,
      800000,
      800000,
      800000,
      800000,
      800000,
      800000,
      800000,
      800000,
      800000,
      800000,
      800000,
      800000,
      800000,
      800000,
      800000,
      800000,
      800000,
      800000,
      800000,
      800000,
      800000
    ]
  },
  "final_metrics": {
    "final_loss": 0.04781165824085474,
    "train_accuracy": 0.9705,
    "val_accuracy": 0.97017,
    "test_accuracy": 0.97013,