{
  "split_name": "c3_only_d7",
  "split_config": {
    "d3": 0.0,
    "d5": 0.0,
    "d7": 1.0
  },
  "hyperparams": {
    "num_layers": 5,
    "hidden_dim": 128,
    "learning_rate": 0.0005,
    "dropout": 0.0,
    "aggr": "max"
  },
  "training_config": {
    "total_samples": 1000000,
    "epochs": 50,
    "batch_size": 256,
    "refresh_every": 10,
    "validate_every": 10,
    "train_samples_per_block": 800000,
    "eval_total": 200000,
    "p_values": [
      0.001,
      0.003,
      0.005,
      0.007
    ],
    "p_weights": [
      0.25,
      0.25,
      0.25,
      0.25
    ]
  },
  "epoch_metrics": {
    "epochs": [
      1,
      2,
      3,
      4,
      5,
      6,
      7,
      8,
      9,
      10,
      11,
      12,
      13,
      14,
      15,
      16,
      17,
      18,
      19,
      20,
      21,
      22,
      23,
      24,
      25,
      26,
      27,
      28,
      29,
      30,
      31,
      32,
      33,
      34,
      35,
      36,
      37,
      38,
      39,
      40,
      41,
      42,
      43,
      44,
      45,
      46,
      47,
      48,
      49,
      50
    ],
    "train_loss": [
      0.3327841418886185,
      0.2595042843866348,
      0.23802717169761659,
      0.2250888818025589,
      0.21548139311790465,
      0.20792123180389405,
      0.20198729301929474,
      0.1964263844704628,
      0.1915011236667633,
      0.1876812583565712,
      0.19661547586917877,
      0.1895359818458557,
      0.18403554725408555,
      0.1796767468047142,
      0.17565969416379928,
      0.17224875464916228,
      0.16910161623477935,
      0.1662107427072525,
      0.16331930107355117,
      0.16094748524188995,
      0.17803426211357118,
      0.17155429752588272,
      0.1669228289437294,
      0.1631726153421402,
      0.15988810388565064,
      0.15692079098939896,
      0.1545443127131462,
      0.15148591756105423,
      0.14960093759536744,
      0.14714668197631836,
      0.16795626144886017,
      0.16131729414463042,
      0.1565706028342247,
      0.15333557101488113,
      0.15027124298095704,
      0.14749208245038986,
      0.14487419795036316,
      0.14281045937538148,
      0.14006050327777864,
      0.13801414283752442,
      0.16228257071495056,
      0.15518093280792236,
      0.15122787765264512,
      0.14795326073646545,
      0.1449256176018715,
      0.1422160772228241,
      0.13965347392082214,
      0.1373517028570175,
      0.13514057102441787,
      0.1335194837999344
    ],
    "train_accuracy": [
      0.82672,
      0.868195,
      0.88025375,
      0.8875625,
      0.89308875,
      0.896955,
      0.8999575,
      0.90289,
      0.90581625,
      0.90779875,
      0.903855,
      0.90761625,
      0.91051625,
      0.912895,
      0.9147325,
      0.91669375,
      0.91844125,
      0.91965,
      0.92126875,
      0.9225825,
      0.91464,
      0.91750125,
      0.9200175,
      0.9216625,
      0.923635,
      0.92494,
      0.9261225,
      0.92763125,
      0.92853875,
      0.9298675,
      0.92037375,
      0.92349625,
      0.9255875,
      0.92714,
      0.92886875,
      0.92964125,
      0.931475,
      0.9318575,
      0.9334275,
      0.9345825,
      0.92323875,
      0.92647875,
      0.92827625,
      0.93020375,
      0.93152125,
      0.93291125,
      0.93399,
      0.9353075,
      0.936025,
      0.93694
    ],
    "val_accuracy": [
      NaN,
      NaN,
      NaN,
      NaN,
      NaN,
      NaN,
      NaN,
      NaN,
      NaN,
      0.90373,
      NaN,
      NaN,
      NaN,
      NaN,
      NaN,
      NaN,
      NaN,
      NaN,
      NaN,
      0.91191,
      NaN,
      NaN,
      NaN,
      NaN,
      NaN,
      NaN,
      NaN,
      NaN,
      NaN,
      0.9193,
      NaN,
      NaN,
      NaN,
      NaN,
      NaN,
      NaN,
      NaN,
      NaN,
      NaN,
      0.92147,
      NaN,
      NaN,
      NaN,
      NaN,
      NaN,
      NaN,
      NaN,
      NaN,
      NaN,
      0.92317
    ],
    "epoch_time_seconds": [
      317.5827519893646,
      319.64539790153503,
      327.9721837043762,
      320.6216335296631,
      318.9642300605774,
      318.7739658355713,
      319.21611285209656,
      319.366854429245,
      319.09651136398315,
      329.7944233417511,
      521.3250300884247,
      338.234659910202,
      339.78599548339844,
      338.55270171165466,
      336.6178858280182,
      334.71660685539246,
      337.0150828361511,
      336.11841011047363,
      336.32307839393616,
      347.3420989513397,
      517.515468120575,
      339.9313085079193,
      339.24029183387756,
      339.8710947036743,
      340.27472829818726,
      339.89330673217773,
      341.3860385417938,
      341.1307282447815,
      342.2403817176819,
      354.2538995742798,
      523.3854961395264,
      338.43825674057007,
      339.04087138175964,
      338.96544456481934,
      339.8361442089081,
      340.9758129119873,
      338.9129045009613,
      338.18951082229614,
      337.99537992477417,
      349.6077754497528,
      519.4450922012329,
      340.4659116268158,
      339.75016140937805,
      337.62880992889404,
      339.51178908348083,
      340.2202968597412,
      338.6740379333496,
      336.947368144989,
      337.93791031837463,
      351.1930923461914
    ],
    "learning_rate": [
      0.0005,
      0.0005,
      0.0005,
      0.0005,
      0.0005,
      0.0005,
      0.0005,
      0.0005,
      0.0005,
      0.0005,
      0.0005,
      0.0005,
      0.0005,
      0.0005,
      0.0005,
      0.0005,
      0.0005,
      0.0005,
      0.0005,
      0.0005,
      0.0005,
      0.0005,
      0.0005,
      0.0005,
      0.0005,
      0.0005,
      0.0005,
      0.0005,
      0.0005,
      0.0005,
      0.0005,
      0.0005,
      0.0005,
      0.0005,
      0.0005,
      0.0005,
      0.0005,
      0.0005,
      0.0005,
      0.0005,
      0.0005,
      0.0005,
      0.0005,
      0.0005,
      0.0005,
      0.0005,
      0.0005,
      0.0005,
      0.0005,
      0.0005
    ],
    "gpu_memory_mb": [
      0.0,
      0.0,
      0.0,
      0.0,
      0.0,
      0.0,
      0.0,
      0.0,
      0.0,
      0.0,
      0.0,
      0.0,
      0.0,
      0.0,
      0.0,
      0.0,
      0.0,
      0.0,
      0.0,
      0.0,
      0.0,
      0.0,
      0.0,
      0.0,
      0.0,
      0.0,
      0.0,
      0.0,
      0.0,
      0.0,
      0.0,
      0.0,
      0.0,
      0.0,
      0.0,
      0.0,
      0.0,
      0.0,
      0.0,
      0.0,
      0.0,
      0.0,
      0.0,
      0.0,
      0.0,
      0.0,
      0.0,
      0.0,
      0.0,
      0.0
    ],
    "train_block_idx": [
      0,
      0,
      0,
      0,
      0,
      0,
      0,
      0,
      0,
      0,
      1,
      1,
      1,
      1,
      1,
      1,
      1,
      1,
      1,
      1,
      2,
      2,
      2,
      2,
      2,
      2,
      2,
      2,
      2,
      2,
      3,
      3,
      3,
      3,
      3,
      3,
      3,
      3,
      3,
      3,
      4,
      4,
      4,
      4,
      4,
      4,
      4,
      4,
      4,
      4
    ],
    "train_samples": [
      800000,
      800000,
      800000,
      800000,
      800000,
      800000,
      800000,
      800000,
      800000,
      800000,
      800000,
      800000,
      800000,
      800000,
      800000,
      800000,
      800000,
      800000,
      800000,
      800000,
      800000,
      800000,
      800000,
      800000,
      800000,
      800000,
      800000,
      800000,
      800000,
      800000,
      800000,
      800000,
      800000,
      800000,
      800000,
      800000,
      800000,
      800000,
      800000,
      800000,
      800000,
      800000,
      800000,
      800000,
      800000,
      800000,
      800000,
      800000,
      800000,
      800000
    ]
  },
  "final_metrics": {
    "final_loss": 0.1335194837999344,
    "train_accuracy": 0.9273,
    "val_accuracy": 0.92317,
    "test_accuracy": 0.92416,
    "total_training_time_seconds": 17864.30924797058
  },