{
  "split_name": "c4_no_d7",
  "split_config": {
    "d3": 0.5,
    "d5": 0.5,
    "d7": 0.0
  },
  "hyperparams": {
    "num_layers": 5,
    "hidden_dim": 128,
    "learning_rate": 0.0005,
    "dropout": 0.0,
    "aggr": "max"
  },
  "training_config": {
    "total_samples": 1000000,
    "epochs": 50,
    "batch_size": 256,
    "refresh_every": 10,
    "validate_every": 10,
    "train_samples_per_block": 800000,
    "eval_total": 200000,
    "p_values": [
      0.001,
      0.003,
      0.005,
      0.007
    ],
    "p_weights": [
      0.25,
      0.25,
      0.25,
      0.25
    ]
  },
  "epoch_metrics": {
    "epochs": [
      1,
      2,
      3,
      4,
      5,
      6,
      7,
      8,
      9,
      10,
      11,
      12,
      13,
      14,
      15,
      16,
      17,
      18,
      19,
      20,
      21,
      22,
      23,
      24,
      25,
      26,
      27,
      28,
      29,
      30,
      31,
      32,
      33,
      34,
      35,
      36,
      37,
      38,
      39,
      40,
      41,
      42,
      43,
      44,
      45,
      46,
      47,
      48,
      49,
      50
    ],
    "train_loss": [
      0.15273980166077614,
      0.09572955034255981,
      0.0873621585214138,
      0.0817827580690384,
      0.07780248199701309,
      0.0746321035772562,
      0.07200305776536464,
      0.06958759786486626,
      0.0677216907709837,
      0.0658990951538086,
      0.07169921292722226,
      0.06836355669379235,
      0.06611549205124378,
      0.06387984516024589,
      0.06240139059662819,
      0.06036498755037784,
      0.059011324677169325,
      0.057674676614999774,
      0.0564789798656106,
      0.0549344118437171,
      0.0665093665832281,
      0.06309097026407719,
      0.06072823494493961,
      0.05867211832284927,
      0.05700309305071831,
      0.055422002705037596,
      0.054074759101569655,
      0.05246583173811436,
      0.05120647081643343,
      0.049851270806789395,
      0.06339223500490189,
      0.05956466911107302,
      0.05747460169911384,
      0.05538461819708347,
      0.05355485788702965,
      0.05204361280471086,
      0.050542946537137035,
      0.049034224278330804,
      0.04793453213870525,
      0.04643989819347859,
      0.06158249192237854,
      0.057541724137365816,
      0.05536049025505781,
      0.053254062646329405,
      0.05173959954202175,
      0.05003222155153751,
      0.04836414768964052,
      0.04726739793539047,
      0.04571190637528896,
      0.04443526896566152
    ],
    "train_accuracy": [
      0.93953,
      0.9588325,
      0.9625625,
      0.96547125,
      0.96719,
      0.96874625,
      0.96993125,
      0.97123625,
      0.97199125,
      0.97279625,
      0.970655,
      0.97213125,
      0.9729875,
      0.97398875,
      0.97466625,
      0.97551,
      0.97621875,
      0.97674125,
      0.97718875,
      0.97786875,
      0.9731125,
      0.97436875,
      0.97543,
      0.97625125,
      0.97707625,
      0.97764375,
      0.97831375,
      0.9789225,
      0.9794175,
      0.9800125,
      0.9746625,
      0.97629375,
      0.97696125,
      0.9779825,
      0.9787125,
      0.9791925,
      0.98000625,
      0.98059,
      0.98108125,
      0.98182375,
      0.97588625,
      0.97728125,
      0.97806625,
      0.979045,
      0.9796125,
      0.98020125,
      0.98098125,
      0.98153,
      0.98224625,
      0.9825975
    ],
    "val_accuracy": [
      NaN,
      NaN,
      NaN,
      NaN,
      NaN,
      NaN,
      NaN,
      NaN,
      NaN,
      0.96961,
      NaN,
      NaN,
      NaN,
      NaN,
      NaN,
      NaN,
      NaN,
      NaN,
      NaN,
      0.97393,
      NaN,
      NaN,
      NaN,
      NaN,
      NaN,
      NaN,
      NaN,
      NaN,
      NaN,
      0.97524,
      NaN,
      NaN,
      NaN,
      NaN,
      NaN,
      NaN,
      NaN,
      NaN,
      NaN,
      0.97557,
      NaN,
      NaN,
      NaN,
      NaN,
      NaN,
      NaN,
      NaN,
      NaN,
      NaN,
      0.97685
    ],
    "epoch_time_seconds": [
      142.21554255485535,
      142.08354949951172,
      142.61830854415894,
      142.29137921333313,
      144.2678461074829,
      143.24092936515808,
      143.54983830451965,
      143.3235101699829,
      142.4068305492401,
      148.08182096481323,
      282.1596188545227,
      151.9455213546753,
      150.85239458084106,
      150.76982235908508,
      151.51036024093628,
      152.17225408554077,
      151.10432386398315,
      151.40099930763245,
      150.73907566070557,
      159.10867309570312,
      285.6743459701538,
      155.12197613716125,
      155.6563696861267,
      156.27436804771423,
      155.61916160583496,
      156.6904103755951,
      154.2828459739685,
      157.52375531196594,
      156.9917757511139,
      163.2295436859131,
      285.3494942188263,
      152.46421217918396,
      154.67008757591248,
      154.36051607131958,
      153.34928727149963,
      153.99667763710022,
      153.32443070411682,
      152.7197926044464,
      154.6979169845581,
      160.65851378440857,
      287.7450759410858,
      154.9337935447693,
      155.47140288352966,
      154.0554165840149,
      155.1476550102234,
      156.47425055503845,
      154.39020419120789,
      154.64885330200195,
      153.85250854492188,
      161.46890115737915
    ],
    "learning_rate": [
      0.0005,
      0.0005,
      0.0005,
      0.0005,
      0.0005,
      0.0005,
      0.0005,
      0.0005,
      0.0005,
      0.0005,
      0.0005,
      0.0005,
      0.0005,
      0.0005,
      0.0005,
      0.0005,
      0.0005,
      0.0005,
      0.0005,
      0.0005,
      0.0005,
      0.0005,
      0.0005,
      0.0005,
      0.0005,
      0.0005,
      0.0005,
      0.0005,
      0.0005,
      0.0005,
      0.0005,
      0.0005,
      0.0005,
      0.0005,
      0.0005,
      0.0005,
      0.0005,
      0.0005,
      0.0005,
      0.0005,
      0.0005,
      0.0005,
      0.0005,
      0.0005,
      0.0005,
      0.0005,
      0.0005,
      0.0005,
      0.0005,
      0.0005
    ],
    "gpu_memory_mb": [
      0.0,
      0.0,
      0.0,
      0.0,
      0.0,
      0.0,
      0.0,
      0.0,
      0.0,
      0.0,
      0.0,
      0.0,
      0.0,
      0.0,
      0.0,
      0.0,
      0.0,
      0.0,
      0.0,
      0.0,
      0.0,
      0.0,
      0.0,
      0.0,
      0.0,
      0.0,
      0.0,
      0.0,
      0.0,
      0.0,
      0.0,
      0.0,
      0.0,
      0.0,
      0.0,
      0.0,
      0.0,
      0.0,
      0.0,
      0.0,
      0.0,
      0.0,
      0.0,
      0.0,
      0.0,
      0.0,
      0.0,
      0.0,
      0.0,
      0.0
    ],
    "train_block_idx": [
      0,
      0,
      0,
      0,
      0,
      0,
      0,
      0,
      0,
      0,
      1,
      1,
      1,
      1,
      1,
      1,
      1,
      1,
      1,
      1,
      2,
      2,
      2,
      2,
      2,
      2,
      2,
      2,
      2,
      2,
      3,
      3,
      3,
      3,
      3,
      3,
      3,
      3,
      3,
      3,
      4,
      4,
      4,
      4,
      4,
      4,
      4,
      4,
      4,
      4
    ],
    "train_samples": [
      800000,
      800000,
      800000,
      800000,
      800000,
      800000,
      800000,
      800000,
      800000,
      800000,
      800000,
      800000,
      800000,
      800000,
      800000,
      800000,
      800000,
      800000,
      800000,
      800000,
      800000,
      800000,
      800000,
      800000,
      800000,
      800000,
      800000,
      800000,
      800000,
      800000,
      800000,
      800000,
      800000,
      800000,
      800000,
      800000,
      800000,
      800000,
      800000,
      800000,
      800000,
      800000,
      800000,
      800000,
      800000,
      800000,
      800000,
      800000,
      800000,
      800000
    ]
  },
  "final_metrics": {
    "final_loss": 0.04443526896566152,
    "train_accuracy": 0.9742,
    "val_accuracy": 0.97685,
    "test_accuracy": 0.976,