{
  "split_name": "c4_no_d7",
  "split_config": {
    "d3": 0.5,
    "d5": 0.5,
    "d7": 0.0
  },
  "hyperparams": {
    "num_layers": 5,
    "hidden_dim": 256,
    "learning_rate": 0.0003,
    "dropout": 0.1,
    "aggr": "max"
  },
  "training_config": {
    "total_samples": 1000000,
    "epochs": 50,
    "batch_size": 256,
    "num_chunks": 4,
    "chunk_size": 200000,
    "chunk_lifetime": 4,
    "validate_every": 1,
    "train_samples_total": 800000,
    "val_samples": 10000,
    "val_seed": 1000041,
    "test_total": 200000,
    "p_values": [
      0.001,
      0.003,
      0.005,
      0.007
    ],
    "p_weights": [
      0.25,
      0.25,
      0.25,
      0.25
    ]
  },
  "epoch_metrics": {
    "epochs": [
      1,
      2,
      3,
      4,
      5,
      6,
      7,
      8,
      9,
      10,
      11,
      12,
      13,
      14,
      15,
      16,
      17,
      18,
      19,
      20,
      21,
      22,
      23,
      24,
      25,
      26,
      27,
      28,
      29,
      30,
      31,
      32,
      33,
      34,
      35,
      36,
      37,
      38,
      39,
      40,
      41,
      42,
      43,
      44,
      45,
      46,
      47,
      48,
      49,
      50
    ],
    "train_loss": [
      0.16111253363013267,
      0.0882527401319452,
      0.07976844267953034,
      0.07435482653417476,
      0.07079601480236795,
      0.06803946540374047,
      0.06635568350227235,
      0.0643986313411219,
      0.06293112156556095,
      0.06162348835584145,
      0.06048404301938523,
      0.059595060514170024,
      0.05845964121078661,
      0.057339524538786685,
      0.05674867462356602,
      0.056088452772004915,
      0.05548818356226901,
      0.054953815105401316,
      0.054645620202000256,
      0.05407799077389701,
      0.05366094803826195,
      0.053070917152873744,
      0.052740345119648015,
      0.05224120177289079,
      0.05231196847777493,
      0.05217099719159585,
      0.051947899142164085,
      0.05150540585345766,
      0.05145780259171495,
      0.05090200842161826,
      0.051056886552295754,
      0.050467262879486746,
      0.04990059886642671,
      0.04963093097778921,
      0.049511079086219996,
      0.04942968952208812,
      0.049490968002155244,
      0.04936134065781521,
      0.049151310491997016,
      0.0490649839036247,
      0.04879659583092534,
      0.048981798186075384,
      0.04872871655851608,
      0.04827259199223455,
      0.04863700673425518,
      0.04848713157393691,
      0.048290013449910595,
      0.04847964394325382,
      0.04812784339537141,
      0.04797023073098307
    ],
    "train_accuracy": [
      0.9391625,
      0.963817,
      0.96756,
      0.9698585714285715,
      0.9715221428571429,
      0.972905,
      0.9737628571428572,
      0.9746742857142857,
      0.9753007142857143,
      0.9757492857142858,
      0.9764585714285714,
      0.9768535714285714,
      0.9773571428571428,
      0.9777892857142857,
      0.9781835714285714,
      0.97835,
      0.9784992857142857,
      0.9787871428571429,
      0.978955,
      0.9792071428571428,
      0.9794571428571428,
      0.9796971428571428,
      0.9797535714285714,
      0.9801028571428572,
      0.9800857142857143,
      0.9802935714285714,
      0.9802457142857143,
      0.9805421428571428,
      0.9804528571428571,
      0.9806764285714286,
      0.980655,
      0.9809435714285715,
      0.9810792857142857,
      0.9811921428571428,
      0.98121,
      0.9813814285714286,
      0.9813328571428571,
      0.9814928571428572,
      0.9815257142857143,
      0.981455,
      0.9816792857142858,
      0.98181,
      0.9817928571428571,
      0.9819457142857143,
      0.9818764285714285,
      0.9818892857142857,
      0.9818642857142857,
      0.9819228571428571,
      0.9820142857142857,
      0.9821171428571429
    ],
    "val_accuracy": [
      0.9633,
      0.9659,
      0.9681,
      0.9696,
      0.9719,
      0.9742,
      0.9719,
      0.973,
      0.9741,
      0.9748,
      0.9751,
      0.976,
      0.9774,
      0.9774,
      0.9774,
      0.9776,
      0.9792,
      0.9794,
      0.9794,
      0.9791,
      0.9798,
      0.979,
      0.9797,
      0.98,
      0.9811,
      0.9804,
      0.9803,
      0.981,
      0.9816,
      0.9803,
      0.9801,
      0.9812,
      0.9814,
      0.981,
      0.9808,
      0.9817,
      0.9821,
      0.9818,
      0.9814,
      0.9816,
      0.9817,
      0.9819,
      0.9818,
      0.9825,
      0.9823,
      0.9816,
      0.9822,
      0.9827,
      0.983,
      0.9816
    ],
    "epoch_time_seconds": [
      152.203946352005,
      209.64295315742493,
      240.1546275615692,
      266.12722063064575,
      284.38841581344604,
      283.608261346817,
      287.80227398872375,
      288.6173505783081,
      288.08114528656006,
      289.94633769989014,
      287.8597004413605,
      294.1875789165497,
      284.3402633666992,
      286.13197565078735,
      286.04667258262634,
      288.22410321235657,
      288.35212874412537,
      286.5520181655884,
      285.14973497390747,
      290.8074367046356,
      286.37076020240784,
      287.47186732292175,
      289.59934091567993,
      287.7883415222168,
      288.72983980178833,
      286.79860973358154,
      287.42177057266235,
      290.4552733898163,
      286.3831260204315,
      287.62934041023254,
      289.38508915901184,
      288.92067646980286,
      289.2809226512909,
      292.69597458839417,
      292.73518419265747,
      295.3058204650879,
      288.2210464477539,
      292.4320237636566,
      290.6226508617401,
      294.1042995452881,
      294.1085844039917,
      293.69496273994446,
      291.3397943973541,
      294.4746778011322,
      293.02333998680115,
      290.7958290576935,
      294.04293274879456,
      294.8906571865082,
      291.93235540390015,
      287.4785363674164
    ],
    "learning_rate": [
      0.0003,
      0.0003,
      0.0003,
      0.0003,
      0.0003,
      0.0003,
      0.0003,
      0.0003,
      0.0003,
      0.0003,
      0.0003,
      0.0003,
      0.0003,
      0.0003,
      0.0003,
      0.0003,
      0.0003,
      0.0003,
      0.0003,
      0.0003,
      0.0003,
      0.0003,
      0.0003,
      0.0003,
      0.0003,
      0.0003,
      0.0003,
      0.0003,
      0.0003,
      0.0003,
      0.0003,
      0.0003,
      0.0003,
      0.0003,
      0.0003,
      0.0003,
      0.0003,
      0.0003,
      0.0003,
      0.0003,
      0.0003,
      0.0003,
      0.0003,
      0.0003,
      0.0003,
      0.0003,
      0.0003,
      0.0003,
      0.0003,
      0.0003
    ],
    "gpu_memory_mb": [
      0.0,
      0.0,
      0.0,
      0.0,
      0.0,
      0.0,
      0.0,
      0.0,
      0.0,
      0.0,
      0.0,
      0.0,
      0.0,
      0.0,
      0.0,
      0.0,
      0.0,
      0.0,
      0.0,
      0.0,
      0.0,
      0.0,
      0.0,
      0.0,
      0.0,
      0.0,
      0.0,
      0.0,
      0.0,
      0.0,
      0.0,
      0.0,
      0.0,
      0.0,
      0.0,
      0.0,
      0.0,
      0.0,
      0.0,
      0.0,
      0.0,
      0.0,
      0.0,
      0.0,
      0.0,
      0.0,
      0.0,
      0.0,
      0.0,
      0.0
    ],