{
  "split_name": "equal_333333",
  "split_config": {
    "d3": 0.33,
    "d5": 0.33,
    "d7": 0.34
  },
  "hyperparams": {
    "num_layers": 5,
    "hidden_dim": 128,
    "learning_rate": 0.0005,
    "dropout": 0.0,
    "aggr": "max"
  },
  "training_config": {
    "total_samples": 1000000,
    "epochs": 50,
    "batch_size": 256,
    "refresh_every": 10,
    "validate_every": 10,
    "train_samples_per_block": 800000,
    "eval_total": 200000,
    "p_values": [
      0.001,
      0.003,
      0.005,
      0.007
    ],
    "p_weights": [
      0.25,
      0.25,
      0.25,
      0.25
    ]
  },
  "epoch_metrics": {
    "epochs": [
      1,
      2,
      3,
      4,
      5,
      6,
      7,
      8,
      9,
      10,
      11,
      12,
      13,
      14,
      15,
      16,
      17,
      18,
      19,
      20,
      21,
      22,
      23,
      24,
      25,
      26,
      27,
      28,
      29,
      30,
      31,
      32,
      33,
      34,
      35,
      36,
      37,
      38,
      39,
      40,
      41,
      42,
      43,
      44,
      45,
      46,
      47,
      48,
      49,
      50
    ],
    "train_loss": [
      0.22244208567380905,
      0.15899712349414827,
      0.1461658002114296,
      0.1380197978949547,
      0.13184730334043504,
      0.12707437665581703,
      0.12289057254552842,
      0.11986381443023682,
      0.11648541395545006,
      0.11360358801364899,
      0.12337452973723412,
      0.11813652025103569,
      0.11463672576308251,
      0.11121264781594277,
      0.10855304085850716,
      0.10640048411726952,
      0.10378183790802956,
      0.10189544098377228,
      0.09994220572471618,
      0.09804365720510483,
      0.11280826038718224,
      0.10797647377967834,
      0.10425214327692986,
      0.10195538230180741,
      0.09924805975317955,
      0.09728126752018929,
      0.09491233053445816,
      0.09322396296858787,
      0.09126538956403732,
      0.08963514349460602,
      0.10753570676326751,
      0.10217760268092155,
      0.09877831741929054,
      0.09619385050415993,
      0.09388896201372146,
      0.09158915177822113,
      0.08951973827958107,
      0.08763143461942673,
      0.08584053482532501,
      0.08413959438800812,
      0.10350341958522796,
      0.09806464880466462,
      0.09470774891138077,
      0.09200582258343697,
      0.08982750322818756,
      0.08760226604700089,
      0.08535313125967979,
      0.0836170860362053,
      0.08174984810829163,
      0.08004431165337562
    ],
    "train_accuracy": [
      0.8974325,
      0.92400125,
      0.93043375,
      0.93487875,
      0.93811,
      0.94063625,
      0.94275125,
      0.944145,
      0.9458425,
      0.947365,
      0.94331125,
      0.9456425,
      0.94736625,
      0.94896375,
      0.94990125,
      0.95117625,
      0.95227,
      0.95312125,
      0.9540475,
      0.9551975,
      0.94861,
      0.950945,
      0.95250125,
      0.95366375,
      0.95488,
      0.955925,
      0.9569575,
      0.95789625,
      0.9586625,
      0.9593375,
      0.9514675,
      0.9539075,
      0.9552725,
      0.956655,
      0.95747375,
      0.95864125,
      0.9597275,
      0.9604475,
      0.96124375,
      0.96211625,
      0.95369625,
      0.95592375,
      0.95734125,
      0.95853875,
      0.9599225,
      0.96076625,
      0.96160125,
      0.9624375,
      0.963315,
      0.96395875
    ],
    "val_accuracy": [
      NaN,
      NaN,
      NaN,
      NaN,
      NaN,
      NaN,
      NaN,
      NaN,
      NaN,
      0.94199,
      NaN,
      NaN,
      NaN,
      NaN,
      NaN,
      NaN,
      NaN,
      NaN,
      NaN,
      0.94794,
      NaN,
      NaN,
      NaN,
      NaN,
      NaN,
      NaN,
      NaN,
      NaN,
      NaN,
      0.95153,
      NaN,
      NaN,
      NaN,
      NaN,
      NaN,
      NaN,
      NaN,
      NaN,
      NaN,
      0.95354,
      NaN,
      NaN,
      NaN,
      NaN,
      NaN,
      NaN,
      NaN,
      NaN,
      NaN,
      0.95449
    ],
    "epoch_time_seconds": [
      152.6249852180481,
      153.1908769607544,
      153.9612865447998,
      153.85566568374634,
      153.2617073059082,
      153.59986448287964,
      153.91751527786255,
      154.62230396270752,
      155.19566941261292,
      160.9917962551117,
      298.46393871307373,
      177.20457863807678,
      176.5574426651001,
      177.39983558654785,
      176.6584997177124,
      177.1151807308197,
      178.0506992340088,
      176.59092903137207,
      176.4146876335144,
      184.74175667762756,
      302.31679034233093,
      181.33589816093445,
      182.9074308872223,
      180.87568473815918,
      181.87420749664307,
      181.4326982498169,
      181.45838689804077,
      181.83644890785217,
      181.62900018692017,
      190.83495831489563,
      296.261616230011,
      176.0824375152588,
      177.1042196750641,
      176.50371050834656,
      176.41851234436035,
      176.351628780365,
      176.4219901561737,
      176.3951497077942,
      176.30097031593323,
      184.26869654655457,
      297.25618600845337,
      177.98113417625427,
      177.99286937713623,
      176.85495018959045,
      177.20811653137207,
      175.96366262435913,
      177.72423839569092,
      177.9405815601349,
      177.87030339241028,
      186.83171033859253
    ],
    "learning_rate": [
      0.0005,
      0.0005,
      0.0005,
      0.0005,
      0.0005,
      0.0005,
      0.0005,
      0.0005,
      0.0005,
      0.0005,
      0.0005,
      0.0005,
      0.0005,
      0.0005,
      0.0005,
      0.0005,
      0.0005,
      0.0005,
      0.0005,
      0.0005,
      0.0005,
      0.0005,
      0.0005,
      0.0005,
      0.0005,
      0.0005,
      0.0005,
      0.0005,
      0.0005,
      0.0005,
      0.0005,
      0.0005,
      0.0005,
      0.0005,
      0.0005,
      0.0005,
      0.0005,
      0.0005,
      0.0005,
      0.0005,
      0.0005,
      0.0005,
      0.0005,
      0.0005,
      0.0005,
      0.0005,
      0.0005,
      0.0005,
      0.0005,
      0.0005
    ],
    "gpu_memory_mb": [
      0.0,
      0.0,
      0.0,
      0.0,
      0.0,
      0.0,
      0.0,
      0.0,
      0.0,
      0.0,
      0.0,
      0.0,
      0.0,
      0.0,
      0.0,
      0.0,
      0.0,
      0.0,
      0.0,
      0.0,
      0.0,
      0.0,
      0.0,
      0.0,
      0.0,
      0.0,
      0.0,
      0.0,
      0.0,
      0.0,
      0.0,
      0.0,
      0.0,
      0.0,
      0.0,
      0.0,
      0.0,
      0.0,
      0.0,
      0.0,
      0.0,
      0.0,
      0.0,
      0.0,
      0.0,
      0.0,
      0.0,
      0.0,
      0.0,
      0.0
    ],
    "train_block_idx": [
      0,
      0,
      0,
      0,
      0,
      0,
      0,
      0,
      0,
      0,
      1,
      1,
      1,
      1,
      1,
      1,
      1,
      1,
      1,
      1,
      2,
      2,
      2,
      2,
      2,
      2,
      2,
      2,
      2,
      2,
      3,
      3,
      3,
      3,
      3,
      3,
      3,
      3,
      3,
      3,
      4,
      4,
      4,
      4,
      4,
      4,
      4,
      4,
      4,
      4
    ],
    "train_samples": [
      800000,
      800000,
      800000,
      800000,
      800000,
      800000,
      800000,
      800000,
      800000,
      800000,
      800000,
      800000,
      800000,
      800000,
      800000,
      800000,
      800000,
      800000,
      800000,
      800000,
      800000,
      800000,
      800000,
      800000,
      800000,
      800000,
      800000,
      800000,
      800000,
      800000,
      800000,
      800000,
      800000,
      800000,
      800000,
      800000,
      800000,
      800000,
      800000,
      800000,
      800000,
      800000,
      800000,
      800000,
      800000,
      800000,
      800000,
      800000,
      800000,
      800000
    ]
  },
  "final_metrics": {
    "final_loss": 0.08004431165337562,
    "train_accuracy": 0.9574,
    "val_accuracy": 0.95449,
    "test_accuracy": 0.95324,