{
  "split_name": "equal_333333",
  "split_config": {
    "d3": 0.33,
    "d5": 0.33,
    "d7": 0.34
  },
  "hyperparams": {
    "num_layers": 5,
    "hidden_dim": 256,
    "learning_rate": 0.0003,
    "dropout": 0.1,
    "aggr": "max"
  },
  "training_config": {
    "total_samples": 1000000,
    "epochs": 50,
    "batch_size": 256,
    "num_chunks": 4,
    "chunk_size": 200000,
    "chunk_lifetime": 4,
    "validate_every": 1,
    "train_samples_total": 800000,
    "val_samples": 10000,
    "val_seed": 1000041,
    "test_total": 200000,
    "p_values": [
      0.001,
      0.003,
      0.005,
      0.007
    ],
    "p_weights": [
      0.25,
      0.25,
      0.25,
      0.25
    ]
  },
  "epoch_metrics": {
    "epochs": [
      1,
      2,
      3,
      4,
      5,
      6,
      7,
      8,
      9,
      10,
      11,
      12,
      13,
      14,
      15,
      16,
      17,
      18,
      19,
      20,
      21,
      22,
      23,
      24,
      25,
      26,
      27,
      28,
      29,
      30,
      31,
      32,
      33,
      34,
      35,
      36,
      37,
      38,
      39,
      40,
      41,
      42,
      43,
      44,
      45,
      46,
      47,
      48,
      49,
      50
    ],
    "train_loss": [
      0.2217359395813942,
      0.1490993041469827,
      0.13609264437236374,
      0.1271555581092453,
      0.12054912231673182,
      0.11591134795128569,
      0.11184778002094668,
      0.1088828619983007,
      0.1068113700671145,
      0.10439163961318865,
      0.10227643026144244,
      0.10000885309183874,
      0.09797584348300145,
      0.09655436477815457,
      0.09538772734640547,
      0.0945106073491947,
      0.09328470223808576,
      0.09231488221040764,
      0.09108368600865979,
      0.09029385031003918,
      0.0895965621679133,
      0.0891017219030262,
      0.08832070161890757,
      0.08777286017422245,
      0.08750413338832379,
      0.08696810890130138,
      0.0863712888955525,
      0.08584082452827255,
      0.08526382402939735,
      0.08483948771160489,
      0.08449578119558006,
      0.08394622899732243,
      0.08333402855907908,
      0.08307783413132795,
      0.0828650325065362,
      0.08239510660137232,
      0.08201610063767875,
      0.08175442540160882,
      0.08138776128652883,
      0.08119724546473157,
      0.08063918206017226,
      0.08007584719614358,
      0.07984562422811146,
      0.0793417426639162,
      0.0797470931316598,
      0.07938167066523635,
      0.07900635238507316,
      0.07895422477120509,
      0.07829802462578768,
      0.07832505240556875
    ],
    "train_accuracy": [
      0.9006825,
      0.929511,
      0.935985,
      0.9408378571428572,
      0.9443492857142857,
      0.9467978571428571,
      0.9489528571428572,
      0.950585,
      0.9517057142857143,
      0.9528171428571428,
      0.9541135714285714,
      0.9551578571428572,
      0.9563214285714285,
      0.9572728571428571,
      0.9577478571428572,
      0.9581485714285715,
      0.9589664285714286,
      0.9593964285714286,
      0.9597742857142857,
      0.960345,
      0.9606078571428571,
      0.9608071428571429,
      0.9612664285714285,
      0.9614964285714286,
      0.9616742857142857,
      0.9618707142857142,
      0.9623964285714286,
      0.9625442857142857,
      0.9627321428571428,
      0.96317,
      0.96333,
      0.9637385714285714,
      0.9637214285714286,
      0.9638735714285714,
      0.9639778571428571,
      0.9642557142857143,
      0.9644671428571429,
      0.9647057142857143,
      0.9646528571428571,
      0.9648942857142857,
      0.9651707142857143,
      0.9653871428571429,
      0.9655514285714286,
      0.96582,
      0.9657614285714285,
      0.9658164285714286,
      0.9661957142857143,
      0.9661264285714286,
      0.96636,
      0.966255
    ],
    "val_accuracy": [
      0.9231,
      0.933,
      0.9371,
      0.9421,
      0.9441,
      0.9466,
      0.9498,
      0.951,
      0.9542,
      0.9512,
      0.9554,
      0.9563,
      0.9567,
      0.9585,
      0.9575,
      0.9589,
      0.9606,
      0.9607,
      0.9608,
      0.9616,
      0.9643,
      0.9631,
      0.9636,
      0.9642,
      0.9638,
      0.9638,
      0.9645,
      0.964,
      0.9637,
      0.9635,
      0.9648,
      0.9653,
      0.966,
      0.9661,
      0.9671,
      0.9674,
      0.9659,
      0.9657,
      0.9656,
      0.9665,
      0.9685,
      0.9677,
      0.9674,
      0.9673,
      0.966,
      0.9671,
      0.967,
      0.9677,
      0.9667,
      0.9662
    ],
    "epoch_time_seconds": [
      246.14967322349548,
      323.4331669807434,
      368.66299533843994,
      397.78998494148254,
      412.1807644367218,
      413.6602625846863,
      418.5724627971649,
      446.05493545532227,
      445.14664816856384,
      451.84213161468506,
      447.2940835952759,
      404.1082088947296,
      403.4492435455322,
      404.141268491745,
      405.0053114891052,
      411.25309324264526,
      419.6071283817291,
      424.98288321495056,
      424.37452268600464,
      410.4095389842987,
      412.0592005252838,
      407.1677289009094,
      411.04799246788025,
      408.32421875,
      412.8417856693268,
      419.0990481376648,
      418.0242164134979,
      408.5002543926239,
      403.0329794883728,
      401.7576422691345,
      403.8359432220459,
      407.6429212093353,
      414.2729709148407,
      425.3603711128235,
      422.86249685287476,
      413.1907305717468,
      404.56467390060425,
      402.53964829444885,
      404.1831531524658,
      407.4933066368103,
      410.99122762680054,
      418.57283902168274,
      416.24248480796814,
      410.4094669818878,
      401.28854751586914,
      401.84199047088623,
      402.33261823654175,
      406.133935213089,
      410.12515473365784,
      419.2021732330322
    ],
    "learning_rate": [
      0.0003,
      0.0003,
      0.0003,
      0.0003,
      0.0003,
      0.0003,
      0.0003,
      0.0003,
      0.0003,
      0.0003,
      0.0003,
      0.0003,
      0.0003,
      0.0003,
      0.0003,
      0.0003,
      0.0003,
      0.0003,
      0.0003,
      0.0003,
      0.0003,
      0.0003,
      0.0003,
      0.0003,
      0.0003,
      0.0003,
      0.0003,
      0.0003,
      0.0003,
      0.0003,
      0.0003,
      0.0003,
      0.0003,
      0.0003,
      0.0003,
      0.0003,
      0.0003,
      0.0003,
      0.0003,
      0.0003,
      0.0003,
      0.0003,
      0.0003,
      0.0003,
      0.0003,
      0.0003,
      0.0003,
      0.0003,
      0.0003,
      0.0003
    ],
    "gpu_memory_mb": [
      0.0,
      0.0,
      0.0,
      0.0,
      0.0,
      0.0,
      0.0,
      0.0,
      0.0,
      0.0,
      0.0,
      0.0,
      0.0,
      0.0,
      0.0,
      0.0,
      0.0,
      0.0,
      0.0,
      0.0,
      0.0,
      0.0,
      0.0,
      0.0,
      0.0,
      0.0,
      0.0,
      0.0,
      0.0,
      0.0,
      0.0,
      0.0,
      0.0,
      0.0,
      0.0,
      0.0,
      0.0,
      0.0,
      0.0,
      0.0,
      0.0,
      0.0,
      0.0,
      0.0,
      0.0,
      0.0,
      0.0,
      0.0,
      0.0,
      0.0
    ],