statistic,pvalue,significant,mean_diff,n_samples,split1,split2,description
0.0,1.8197386214786344e-05,True,-0.016062499999999993,24,equal_333333,a1_d3_00,Control vs No d=3 (Exp A)
0.0,1.1920928955078125e-07,True,0.012333333333333328,24,a1_d3_00,a5_d3_50,No d=3 vs 50% d=3 (Exp A extremes)
110.5,0.2590057541029295,False,0.0011333333333333473,24,equal_333333,a2_d3_10,Control vs 10% d=3
49.0,0.002814650535583496,True,-0.00997500000000002,24,b1_d5heavy,b5_d7heavy,d5-heavy vs d7-heavy (Exp B extremes)
14.0,0.00010169677286039912,True,-0.008025000000000006,24,b3_balanced,b5_d7heavy,Balanced vs d7-heavy (Exp B)
0.0,1.1920928955078125e-07,True,-0.1273416666666667,24,c1_only_d3,c3_only_d7,Only d=3 vs Only d=7 (Exp C)
5.0,1.1920928955078125e-06,True,-0.01749166666666667,24,equal_333333,c3_only_d7,Control vs Only d=7
2.0,3.5762786865234375e-07,True,0.10985,24,equal_333333,c1_only_d3,Control vs Only d=3
137.0,0.7257407903671265,False,-0.0006833333333333552,24,a1_d3_00,b5_d7heavy,Exp A best vs Exp B best
