statistic,pvalue,significant,mean_diff,n_samples,split1,split2,description
149.0,0.977200584138399,False,0.00012499999999999548,24,equal_333333,a1_d3_00,Control vs No d=3 (Exp A)
9.0,3.933906555175781e-06,True,-0.018508333333333335,24,a1_d3_00,a5_d3_50,No d=3 vs 50% d=3 (Exp A extremes)
138.5,0.742454297499558,False,0.0006416666666666492,24,equal_333333,a2_d3_10,Control vs 10% d=3
26.0,0.0001270771026611328,True,0.027999999999999997,24,b1_d5heavy,b5_d7heavy,d5-heavy vs d7-heavy (Exp B extremes)
1.0,2.384185791015625e-07,True,0.03312083333333333,24,b3_balanced,b5_d7heavy,Balanced vs d7-heavy (Exp B)
10.0,9.896561114846674e-05,True,-0.06179583333333335,24,c1_only_d3,c3_only_d7,Only d=3 vs Only d=7 (Exp C)
4.5,3.219535309566853e-05,True,0.027187499999999986,24,equal_333333,c3_only_d7,Control vs Only d=7
3.0,5.960464477539062e-07,True,0.08898333333333334,24,equal_333333,c1_only_d3,Control vs Only d=3
31.0,0.00027811527252197266,True,0.013612500000000001,24,a1_d3_00,b5_d7heavy,Exp A best vs Exp B best
