Split,d3 %,d5 %,d7 %,Train Acc,Val Acc,Test Acc,Final Loss,Time (min)
b5_d7heavy,0.0,20.0,80.0,93.38,93.303,93.33,0.1190859246635437,276.6214075843493
c1_only_d3,100.0,0.0,0.0,98.77,98.658,98.599,0.03624031801149249,94.74384724696478
c2_only_d5,0.0,100.0,0.0,97.05,97.017,97.013,0.04781165824085474,181.02773801088333
c3_only_d7,0.0,0.0,100.0,92.73,92.31700000000001,92.416,0.1335194837999344,297.73848746617637
c4_no_d7,50.0,50.0,0.0,97.42,97.685,97.6,0.04443526896566152,142.80522852341335
