Split,d3 %,d5 %,d7 %,Train Acc,Val Acc,Test Acc,Final Loss,Time (min)
a5_d3_50,50.0,25.0,25.0,97.22,97.50999999999999,97.27850000000001,0.07035791753740356,9.362533458073933
b1_d5heavy,0.0,80.0,20.0,97.43,97.04,97.18,0.06775493768513202,5.634579833348592
b2_d5more,0.0,65.0,35.0,96.49,96.72,96.678,0.07942368963882832,5.604426085948944
b3_balanced,0.0,50.0,50.0,95.99,96.53,96.1355,0.0919949675806808,35.01663050254186
b4_d7more,0.0,35.0,65.0,95.92,95.59,95.83,0.10131765098199808,731.0465971827507
