{
  "model_type": "gcn",
  "model_nickname": "d9_baseline",
  "distance": 9,
  "num_samples": 10000,
  "batch_size": 64,
  "p": 0.005,
  "num_runs": 5,
  "timestamp": "2026-01-13T17:13:02.311304",
  "benchmarks": {
    "mwpm": {
      "total_time_sec": 0.4199223200324923,
      "total_time_std": 0.056242634820408574,
      "throughput_graphs_per_sec": 23813.928250411245,
      "latency_ms_per_graph": 0.041992232003249225,
      "device": "cpu"
    },
    "gcn_cpu": {
      "total_time_sec": 11.885450919996947,
      "total_time_std": 0.48462446306693124,
      "throughput_graphs_per_sec": 841.3647969531617,
      "latency_ms_per_graph": 1.1885450919996945,
      "device": "cpu"
    },
    "gcn_cuda": {
      "total_time_sec": 10.531206760043279,
      "total_time_std": 2.1121604078260128,
      "throughput_graphs_per_sec": 949.5587949086002,
      "latency_ms_per_graph": 1.053120676004328,
      "device": "cuda"
    }
  }
}