{
  "experiment_name": "d11",
  "distances": [
    11
  ],
  "hyperparams": {
    "num_layers": 5,
    "hidden_dim": 128,
    "learning_rate": 0.0005,
    "dropout": 0.0,
    "aggr": "max"
  },
  "training_config": {
    "epochs": 50,
    "batch_size": 256,
    "total_samples": 1000000,
    "samples_per_distance": 1000000,
    "p_values": [
      0.001,
      0.003,
      0.005,
      0.007
    ],
    "p_weights": [
      0.25,
      0.25,
      0.25,
      0.25
    ],
    "k_neighbors": 6,
    "seed": 42,
    "train_ratio": 0.8,
    "val_ratio": 0.1,
    "test_ratio": 0.1
  },
  "dataset_info": {
    "d11": {
      "samples": 1000000,
      "load_time_seconds": 171.2737147808075
    }
  },
  "epoch_metrics": {
    "epochs": [
      1,
      2,
      3,
      4,
      5,
      6,
      7,
      8,
      9,
      10,
      11,
      12,
      13,
      14,
      15,
      16,
      17,
      18,
      19,
      20,
      21,
      22,
      23,
      24,
      25,
      26,
      27,
      28,
      29,
      30,
      31,
      32,
      33,
      34,
      35,
      36,
      37,
      38,
      39,
      40,
      41,
      42,
      43,
      44,
      45,
      46,
      47,
      48,
      49,
      50
    ],
    "train_loss": [
      0.5233340070152283,
      0.46726367534637453,
      0.44473949145317077,
      0.43031967799186704,
      0.41943718852996825,
      0.4109999406433105,
      0.4034241282939911,
      0.39744853516578676,
      0.3916130982017517,
      0.3864343379497528,
      0.3821816718769073,
      0.3779725848770142,
      0.37459319031715393,
      0.37066319471359255,
      0.3676525315189362,
      0.36500317341804506,
      0.3619809499168396,
      0.3589200642585754,
      0.3568352717781067,
      0.3540604142284393,
      0.3517019439125061,
      0.34926649757385253,
      0.347301981344223,
      0.3448919515800476,
      0.3429875535106659,
      0.34133337745666503,
      0.33960228251457214,
      0.3374080363368988,
      0.3361148919868469,
      0.334157037191391,
      0.33249904880523684,
      0.3309743543148041,
      0.3292153346395493,
      0.3281159440231323,
      0.3263562333726883,
      0.32424090265274047,
      0.3235265250635147,
      0.3219484136199951,
      0.32044658692359923,
      0.3189530755996704,
      0.3177553816366196,
      0.31679258560657503,
      0.31492487961292265,
      0.3139234925556183,
      0.31224397458076475,
      0.3110896932554245,
      0.3098458130884171,
      0.3088734401798248,
      0.307616665725708,
      0.30650385859489443
    ],
    "train_accuracy": [
      0.6769975,
      0.7161075,
      0.73351875,
      0.7443275,
      0.7521975,
      0.758155,
      0.763065,
      0.76782875,
      0.77158,
      0.7753725,
      0.77851125,
      0.78149,
      0.783735,
      0.78592625,
      0.788515,
      0.78975,
      0.7926375,
      0.79426875,
      0.79583625,
      0.79734875,
      0.79947,
      0.80082375,
      0.8026225,
      0.8037325,
      0.80494625,
      0.8061925,
      0.807465,
      0.8085425,
      0.80967125,
      0.81098,
      0.8121825,
      0.8131675,
      0.81408125,
      0.81501,
      0.81530625,
      0.81729,
      0.81738125,
      0.81920375,
      0.81971125,
      0.82079,
      0.82157875,
      0.82189625,
      0.8231925,
      0.8236125,
      0.8248175,
      0.825845,
      0.82670375,
      0.826765,
      0.8281275,
      0.8287325
    ],
    "val_accuracy": [
      0.6842,
      0.69837,
      0.735,
      0.74663,
      0.75141,
      0.7573,
      0.75908,
      0.76534,
      0.76693,
      0.77251,
      0.77559,
      0.77821,
      0.77706,
      0.78233,
      0.77748,
      0.784,
      0.78428,
      0.78428,
      0.78664,
      0.79128,
      0.78928,
      0.78961,
      0.78854,
      0.7893,
      0.79331,
      0.78688,
      0.79201,
      0.79475,
      0.79164,
      0.79382,
      0.79215,
      0.79484,
      0.79284,
      0.78991,
      0.79304,
      0.78726,
      0.79296,
      0.79291,
      0.79843,
      0.78291,
      0.79424,
      0.79349,
      0.79664,
      0.79517,
      0.79303,
      0.79601,
      0.7955,
      0.79698,
      0.79837,
      0.79779
    ],
    "epoch_time_seconds": [
      920.5331828594208,
      995.8323309421539,
      1000.7437422275543,
      1021.2301957607269,
      1012.4552352428436,
      967.843329668045,
      981.1618263721466,
      942.6353230476379,
      978.5233073234558,
      986.5201592445374,
      969.4921565055847,
      971.8356492519379,
      995.3892984390259,
      1005.5076360702515,
      982.1495468616486,
      1042.3803663253784,
      1056.7234482765198,
      1032.0532519817352,
      1011.1949832439423,
      1038.8060855865479,
      1022.6748909950256,
      1010.6551361083984,
      1020.208703994751,
      1021.7536940574646,
      1018.1733498573303,
      1023.0515086650848,
      1026.0817124843597,
      1035.5678036212921,
      1054.2061564922333,
      1057.5876624584198,
      1040.371681690216,
      1075.9488728046417,
      1056.4576182365417,
      1065.008662223816,
      1090.5394518375397,
      1055.7187838554382,
      1055.5214412212372,
      1061.3807792663574,
      1070.9877490997314,
      1059.8064930438995,
      1069.0572755336761,
      1075.5953826904297,
      1039.4975004196167,
      1015.855149269104,
      1033.7015495300293,
      1058.5354278087616,
      1067.854911327362,
      1067.7452764511108,
      1067.8625710010529,
      1105.3872773647308
    ],
    "learning_rate": [
      0.0005,
      0.0005,
      0.0005,
      0.0005,
      0.0005,
      0.0005,
      0.0005,
      0.0005,
      0.0005,
      0.0005,
      0.0005,
      0.0005,
      0.0005,
      0.0005,
      0.0005,
      0.0005,
      0.0005,
      0.0005,
      0.0005,
      0.0005,
      0.0005,
      0.0005,
      0.0005,
      0.0005,
      0.0005,
      0.0005,
      0.0005,
      0.0005,
      0.0005,
      0.0005,
      0.0005,
      0.0005,
      0.0005,
      0.0005,
      0.0005,
      0.0005,
      0.0005,
      0.0005,
      0.0005,
      0.0005,
      0.0005,
      0.0005,
      0.0005,
      0.0005,
      0.0005,
      0.0005,
      0.0005,
      0.0005,
      0.0005,
      0.0005
    ],
    "gpu_memory_mb": [
      0.0,
      0.0,
      0.0,
      0.0,
      0.0,
      0.0,
      0.0,
      0.0,
      0.0,
      0.0,
      0.0,
      0.0,
      0.0,
      0.0,
      0.0,
      0.0,
      0.0,
      0.0,
      0.0,
      0.0,
      0.0,
      0.0,
      0.0,
      0.0,
      0.0,
      0.0,
      0.0,
      0.0,
      0.0,
      0.0,
      0.0,
      0.0,
      0.0,
      0.0,
      0.0,
      0.0,
      0.0,
      0.0,
      0.0,
      0.0,
      0.0,
      0.0,
      0.0,
      0.0,
      0.0,
      0.0,
      0.0,
      0.0,
      0.0,
      0.0
    ]
  },
  "final_metrics": {
    "train_accuracy": 0.836,
    "val_accuracy": 0.79779,
    "test_accuracy": 0.79658,
    "final_loss": 0.30650385859489443,
    "total_training_time_seconds": 51436.3423936367
  },
  "model_info": {
    "total_parameters": 142593,
    "trainable_parameters": 142593
  },
  "system_info": {
    "device": "cpu",
    "gpu_name": null,
    "cuda_version": null,
    "pytorch_version": "2.9.0+cpu",
    "python_version": "3.12.12",
    "platform": "Linux-6.6.105+-x86_64-with-glibc2.35"
  },
  "timestamp": "2026-01-17T05:36:17.847252"
}