{
  "experiment_name": "d13",
  "distances": [
    13
  ],
  "hyperparams": {
    "num_layers": 5,
    "hidden_dim": 128,
    "learning_rate": 0.0005,
    "dropout": 0.0,
    "aggr": "max"
  },
  "training_config": {
    "epochs": 50,
    "batch_size": 256,
    "total_samples": 1000000,
    "samples_per_distance": 1000000,
    "p_values": [
      0.001,
      0.003,
      0.005,
      0.007
    ],
    "p_weights": [
      0.25,
      0.25,
      0.25,
      0.25
    ],
    "k_neighbors": 6,
    "seed": 42,
    "train_ratio": 0.8,
    "val_ratio": 0.1,
    "test_ratio": 0.1
  },
  "dataset_info": {
    "d13": {
      "samples": 1000000,
      "load_time_seconds": 245.36172580718994
    }
  },
  "epoch_metrics": {
    "epochs": [
      1,
      2,
      3,
      4,
      5,
      6,
      7,
      8,
      9,
      10,
      11,
      12,
      13,
      14,
      15,
      16,
      17,
      18,
      19,
      20,
      21,
      22,
      23,
      24,
      25,
      26,
      27,
      28,
      29,
      30,
      31,
      32,
      33,
      34,
      35,
      36,
      37,
      38,
      39,
      40,
      41,
      42,
      43,
      44,
      45,
      46,
      47,
      48,
      49,
      50
    ],
    "train_loss": [
      0.5756087775230407,
      0.5274677221298217,
      0.5051751645946503,
      0.49137185109138487,
      0.4811731246852875,
      0.4734326558017731,
      0.4666196481323242,
      0.46042597248077394,
      0.45533134469985964,
      0.4508482865524292,
      0.4465271875572205,
      0.4426631160163879,
      0.43891142424583435,
      0.43599675377845765,
      0.4325562864780426,
      0.4298105919837952,
      0.42715712014198304,
      0.4241175061416626,
      0.4219341163253784,
      0.4198571590423584,
      0.4170583898448944,
      0.41539296083450317,
      0.41323016874313356,
      0.4113660060596466,
      0.4090642165088654,
      0.40732780595779416,
      0.4056953663253784,
      0.4041186142730713,
      0.40236917300224306,
      0.4005063414478302,
      0.39901923753738405,
      0.3975502993774414,
      0.39572710927963256,
      0.3946131319618225,
      0.3932733401870728,
      0.3917100545024872,
      0.3902758861923218,
      0.38872664580345156,
      0.3874537996864319,
      0.38591687475204467,
      0.38487915395736694,
      0.38325181781768797,
      0.3824239872837067,
      0.38131716412544253,
      0.3796836675930023,
      0.37825460012435913,
      0.3771554608249664,
      0.3756577341175079,
      0.3749610182762146,
      0.37395290899276734
    ],
    "train_accuracy": [
      0.629805,
      0.66233125,
      0.68051625,
      0.69157375,
      0.6992875,
      0.70495625,
      0.71018625,
      0.71498875,
      0.718475,
      0.72251,
      0.7261475,
      0.7296725,
      0.73199125,
      0.73528625,
      0.73701375,
      0.739495,
      0.74140625,
      0.7436875,
      0.7451225,
      0.74694375,
      0.74919,
      0.74965,
      0.751855,
      0.7531675,
      0.75468,
      0.7563575,
      0.757305,
      0.75796125,
      0.759645,
      0.76066875,
      0.76221,
      0.76295125,
      0.76395,
      0.76520625,
      0.76577375,
      0.7674925,
      0.7682475,
      0.76908,
      0.7702825,
      0.77097625,
      0.77167875,
      0.77324625,
      0.77284,
      0.7744375,
      0.775465,
      0.7761,
      0.7770075,
      0.7787675,
      0.778975,
      0.77950375
    ],
    "val_accuracy": [
      0.65271,
      0.67317,
      0.68418,
      0.69157,
      0.69873,
      0.70865,
      0.69416,
      0.71467,
      0.71967,
      0.7211,
      0.72583,
      0.72566,
      0.72967,
      0.71589,
      0.7342,
      0.73419,
      0.73488,
      0.73524,
      0.73768,
      0.74149,
      0.74264,
      0.7432,
      0.7389,
      0.74397,
      0.74086,
      0.7446,
      0.74686,
      0.74256,
      0.74272,
      0.74384,
      0.74658,
      0.74284,
      0.74706,
      0.74905,
      0.74726,
      0.74386,
      0.7454,
      0.74886,
      0.73186,
      0.74914,
      0.75143,
      0.74564,
      0.74299,
      0.74422,
      0.74972,
      0.74664,
      0.74779,
      0.7497,
      0.7468,
      0.74756
    ],
    "epoch_time_seconds": [
      1461.078117132187,
      1454.7731533050537,
      1518.8755152225494,
      1529.284311056137,
      1533.5407531261444,
      1539.6906082630157,
      1555.7406151294708,
      1570.8191330432892,
      1569.988127231598,
      1582.6219074726105,
      1586.3029534816742,
      1588.263176202774,
      1573.8254821300507,
      1598.389404296875,
      1622.4459266662598,
      1630.3668389320374,
      1632.144130706787,
      1626.7812795639038,
      1646.3144490718842,
      1648.459688425064,
      1637.5359780788422,
      1643.5818889141083,
      1665.4924204349518,
      1670.3282639980316,
      1655.8977825641632,
      1679.4687554836273,
      1636.0762248039246,
      1680.6952559947968,
      1668.0348994731903,
      1672.9796838760376,
      1632.4669952392578,
      1672.8639025688171,
      1659.0314311981201,
      1655.8591141700745,
      1676.1653444766998,
      1680.3577780723572,
      1672.716560602188,
      1693.4606685638428,
      1688.136071920395,
      1661.4216701984406,
      1668.306886434555,
      1673.127456665039,
      1666.1854975223541,
      1681.3939712047577,
      1683.9696881771088,
      1667.3966882228851,
      1686.3448011875153,
      1597.866536617279,
      1587.5496730804443,
      1599.4387578964233
    ],
    "learning_rate": [
      0.0005,
      0.0005,
      0.0005,
      0.0005,
      0.0005,
      0.0005,
      0.0005,
      0.0005,
      0.0005,
      0.0005,
      0.0005,
      0.0005,
      0.0005,
      0.0005,
      0.0005,
      0.0005,
      0.0005,
      0.0005,
      0.0005,
      0.0005,
      0.0005,
      0.0005,
      0.0005,
      0.0005,
      0.0005,
      0.0005,
      0.0005,
      0.0005,
      0.0005,
      0.0005,
      0.0005,
      0.0005,
      0.0005,
      0.0005,
      0.0005,
      0.0005,
      0.0005,
      0.0005,
      0.0005,
      0.0005,
      0.0005,
      0.0005,
      0.0005,
      0.0005,
      0.0005,
      0.0005,
      0.0005,
      0.0005,
      0.0005,
      0.0005
    ],
    "gpu_memory_mb": [
      0.0,
      0.0,
      0.0,
      0.0,
      0.0,
      0.0,
      0.0,
      0.0,
      0.0,
      0.0,
      0.0,
      0.0,
      0.0,
      0.0,
      0.0,
      0.0,
      0.0,
      0.0,
      0.0,
      0.0,
      0.0,
      0.0,
      0.0,
      0.0,
      0.0,
      0.0,
      0.0,
      0.0,
      0.0,
      0.0,
      0.0,
      0.0,
      0.0,
      0.0,
      0.0,
      0.0,
      0.0,
      0.0,
      0.0,
      0.0,
      0.0,
      0.0,
      0.0,
      0.0,
      0.0,
      0.0,
      0.0,
      0.0,
      0.0,
      0.0
    ]
  },
  "final_metrics": {
    "train_accuracy": 0.7929,
    "val_accuracy": 0.74756,
    "test_accuracy": 0.74834,
    "final_loss": 0.37395290899276734,
    "total_training_time_seconds": 81284.40246582031
  },
  "model_info": {
    "total_parameters": 142593,
    "trainable_parameters": 142593
  },
  "system_info": {
    "device": "cpu",
    "gpu_name": null,
    "cuda_version": null,
    "pytorch_version": "2.9.0+cpu",
    "python_version": "3.12.12",
    "platform": "Linux-6.6.105+-x86_64-with-glibc2.35"
  },
  "timestamp": "2026-01-17T13:55:27.185835"
}