{
  "experiment_name": "d3",
  "distances": [
    3
  ],
  "hyperparams": {
    "num_layers": 5,
    "hidden_dim": 128,
    "learning_rate": 0.0005,
    "dropout": 0.0,
    "aggr": "max"
  },
  "training_config": {
    "epochs": 50,
    "batch_size": 256,
    "total_samples": 1000000,
    "samples_per_distance": 1000000,
    "p_values": [
      0.001,
      0.003,
      0.005,
      0.007
    ],
    "p_weights": [
      0.25,
      0.25,
      0.25,
      0.25
    ],
    "k_neighbors": 6,
    "seed": 42,
    "train_ratio": 0.8,
    "val_ratio": 0.1,
    "test_ratio": 0.1
  },
  "dataset_info": {
    "d3": {
      "samples": 1000000,
      "load_time_seconds": 108.7671492099762
    }
  },
  "epoch_metrics": {
    "epochs": [
      1,
      2,
      3,
      4,
      5,
      6,
      7,
      8,
      9,
      10,
      11,
      12,
      13,
      14,
      15,
      16,
      17,
      18,
      19,
      20,
      21,
      22,
      23,
      24,
      25,
      26,
      27,
      28,
      29,
      30,
      31,
      32,
      33,
      34,
      35,
      36,
      37,
      38,
      39,
      40,
      41,
      42,
      43,
      44,
      45,
      46,
      47,
      48,
      49,
      50
    ],
    "train_loss": [
      0.09601307157874107,
      0.04652739750087261,
      0.04463584586068988,
      0.04328696187660098,
      0.04256904443174601,
      0.041818494198024275,
      0.04132478464618325,
      0.040869792785942556,
      0.04048874266564846,
      0.040125653946995736,
      0.039875177500844,
      0.03950628083914518,
      0.039350625471025705,
      0.03907917818263173,
      0.03887489437505603,
      0.038689886123687026,
      0.03838597905248404,
      0.038356182147562506,
      0.038074714978188276,
      0.037834279906898735,
      0.03775784064292908,
      0.03756095499396324,
      0.03735279382482171,
      0.03726214139774442,
      0.03692628693327308,
      0.03674235546767712,
      0.036532704760432244,
      0.03636520110368729,
      0.03621159673020244,
      0.036062088035047055,
      0.035843288878798486,
      0.03571621427044273,
      0.035557141144424674,
      0.03530470405995846,
      0.03513899286538363,
      0.03490215649470687,
      0.03473404252484441,
      0.03452844540223479,
      0.03430210989847779,
      0.03414433667615056,
      0.03396907291792333,
      0.03378278127707541,
      0.03363213566288352,
      0.03341403291493654,
      0.033251489261984825,
      0.03314325250431895,
      0.032917107924371955,
      0.03282303640209138,
      0.03268776209115982,
      0.032606891371905804
    ],
    "train_accuracy": [
      0.9731425,
      0.98464875,
      0.98502875,
      0.9854025,
      0.98558875,
      0.98587375,
      0.9861175,
      0.9862975,
      0.9864825,
      0.98660625,
      0.986705,
      0.98681375,
      0.986775,
      0.9869325,
      0.98701,
      0.98715625,
      0.98721,
      0.98715375,
      0.9873375,
      0.9874725,
      0.987455,
      0.98750375,
      0.987575,
      0.98763125,
      0.98779125,
      0.9878475,
      0.98788125,
      0.98798375,
      0.98803375,
      0.98801375,
      0.9881175,
      0.9881225,
      0.9883125,
      0.98837625,
      0.9884075,
      0.98854125,
      0.988575,
      0.988625,
      0.9886875,
      0.988805,
      0.9889475,
      0.98894125,
      0.9889825,
      0.9890225,
      0.98917,
      0.989165,
      0.98928,
      0.98926375,
      0.98932375,
      0.98928875
    ],
    "val_accuracy": [
      0.98398,
      0.98458,
      0.98529,
      0.98457,
      0.98602,
      0.98564,
      0.98604,
      0.98625,
      0.98623,
      0.9866,
      0.98646,
      0.98607,
      0.98639,
      0.98636,
      0.98665,
      0.98671,
      0.98654,
      0.98674,
      0.98659,
      0.98658,
      0.98634,
      0.98627,
      0.98676,
      0.98634,
      0.98606,
      0.98623,
      0.98638,
      0.98643,
      0.98627,
      0.98664,
      0.98611,
      0.98618,
      0.98657,
      0.98637,
      0.98639,
      0.98613,
      0.98628,
      0.98589,
      0.98586,
      0.98612,
      0.98577,
      0.98654,
      0.98624,
      0.9858,
      0.98588,
      0.98597,
      0.98618,
      0.98562,
      0.98568,
      0.9861
    ],
    "epoch_time_seconds": [
      83.6391589641571,
      81.94606947898865,
      81.74188494682312,
      82.37170457839966,
      82.78127336502075,
      82.30445551872253,
      82.5529887676239,
      82.15312170982361,
      82.94844555854797,
      83.495272397995,
      81.43291473388672,
      82.38595581054688,
      83.26471090316772,
      81.01156497001648,
      82.8073992729187,
      82.59463477134705,
      82.78491616249084,
      83.18160438537598,
      82.14911603927612,
      82.3830554485321,
      82.20235133171082,
      83.02228116989136,
      81.89300608634949,
      83.19094491004944,
      82.1742308139801,
      82.59250831604004,
      82.86448693275452,
      82.12294673919678,
      82.59492182731628,
      82.81121563911438,
      81.45390677452087,
      83.63254308700562,
      81.7669026851654,
      81.76983714103699,
      81.15683555603027,
      81.45121479034424,
      80.98299384117126,
      80.22570276260376,
      81.31621289253235,
      82.19958329200745,
      82.87764883041382,
      83.18226885795593,
      82.22102642059326,
      81.94840383529663,
      81.8073308467865,
      82.64629769325256,
      82.18809652328491,
      82.83234000205994,
      82.30603909492493,
      82.04271101951599
    ],
    "learning_rate": [
      0.0005,
      0.0005,
      0.0005,
      0.0005,
      0.0005,
      0.0005,
      0.0005,
      0.0005,
      0.0005,
      0.0005,
      0.0005,
      0.0005,
      0.0005,
      0.0005,
      0.0005,
      0.0005,
      0.0005,
      0.0005,
      0.0005,
      0.0005,
      0.0005,
      0.0005,
      0.0005,
      0.0005,
      0.0005,
      0.0005,
      0.0005,
      0.0005,
      0.0005,
      0.0005,
      0.0005,
      0.0005,
      0.0005,
      0.0005,
      0.0005,
      0.0005,
      0.0005,
      0.0005,
      0.0005,
      0.0005,
      0.0005,
      0.0005,
      0.0005,
      0.0005,
      0.0005,
      0.0005,
      0.0005,
      0.0005,
      0.0005,
      0.0005
    ],
    "gpu_memory_mb": [
      0.0,
      0.0,
      0.0,
      0.0,
      0.0,
      0.0,
      0.0,
      0.0,
      0.0,
      0.0,
      0.0,
      0.0,
      0.0,
      0.0,
      0.0,
      0.0,
      0.0,
      0.0,
      0.0,
      0.0,
      0.0,
      0.0,
      0.0,
      0.0,
      0.0,
      0.0,
      0.0,
      0.0,
      0.0,
      0.0,
      0.0,
      0.0,
      0.0,
      0.0,
      0.0,
      0.0,
      0.0,
      0.0,
      0.0,
      0.0,
      0.0,
      0.0,
      0.0,
      0.0,
      0.0,
      0.0,
      0.0,
      0.0,
      0.0,
      0.0
    ]
  },
  "final_metrics": {
    "train_accuracy": 0.9885,
    "val_accuracy": 0.9861,
    "test_accuracy": 0.98603,
    "final_loss": 0.032606891371905804,
    "total_training_time_seconds": 4115.410786628723
  },
  "model_info": {
    "total_parameters": 142593,
    "trainable_parameters": 142593
  },
  "system_info": {
    "device": "cpu",
    "gpu_name": null,
    "cuda_version": null,
    "pytorch_version": "2.9.0+cpu",
    "python_version": "3.12.12",
    "platform": "Linux-6.6.105+-x86_64-with-glibc2.35"
  },
  "timestamp": "2026-01-16T03:34:15.891181"
}