{
  "experiment_name": "d5",
  "distances": [
    5
  ],
  "hyperparams": {
    "num_layers": 5,
    "hidden_dim": 128,
    "learning_rate": 0.0005,
    "dropout": 0.0,
    "aggr": "max"
  },
  "training_config": {
    "epochs": 50,
    "batch_size": 256,
    "total_samples": 1000000,
    "samples_per_distance": 1000000,
    "p_values": [
      0.001,
      0.003,
      0.005,
      0.007
    ],
    "p_weights": [
      0.25,
      0.25,
      0.25,
      0.25
    ],
    "k_neighbors": 6,
    "seed": 42,
    "train_ratio": 0.8,
    "val_ratio": 0.1,
    "test_ratio": 0.1
  },
  "dataset_info": {
    "d5": {
      "samples": 1000000,
      "load_time_seconds": 144.4909222126007
    }
  },
  "epoch_metrics": {
    "epochs": [
      1,
      2,
      3,
      4,
      5,
      6,
      7,
      8,
      9,
      10,
      11,
      12,
      13,
      14,
      15,
      16,
      17,
      18,
      19,
      20,
      21,
      22,
      23,
      24,
      25,
      26,
      27,
      28,
      29,
      30,
      31,
      32,
      33,
      34,
      35,
      36,
      37,
      38,
      39,
      40,
      41,
      42,
      43,
      44,
      45,
      46,
      47,
      48,
      49,
      50
    ],
    "train_loss": [
      0.18633838673591613,
      0.12490586126089095,
      0.11157164662003517,
      0.102637725918293,
      0.09652376255869866,
      0.09157551182389259,
      0.08744123332500457,
      0.0842042403793335,
      0.08127289001226425,
      0.07836748387098312,
      0.07582676914572715,
      0.0735970685172081,
      0.07120178738057613,
      0.06931014933884144,
      0.06721911650717259,
      0.06556801524460315,
      0.06374740121901035,
      0.06189685757398605,
      0.06012002007365227,
      0.05862310078859329,
      0.057042869015336034,
      0.05542985432863236,
      0.05381396489441395,
      0.05212689693927765,
      0.050797904231548306,
      0.04948714261561632,
      0.04812741498708725,
      0.046963266438245777,
      0.045447336076796054,
      0.04431387737780809,
      0.04327134032279253,
      0.04229193010300398,
      0.040841547798514365,
      0.03992861607015133,
      0.03888908521234989,
      0.038134092834442856,
      0.03684296084478497,
      0.03595058544680476,
      0.03538845172584057,
      0.0342400103610754,
      0.03377141073927283,
      0.03280477094620466,
      0.032306993497759104,
      0.03147899999424815,
      0.030930155531167985,
      0.029966724029332398,
      0.029207229115217923,
      0.028564874885827304,
      0.028234228473603726,
      0.026968296301662923
    ],
    "train_accuracy": [
      0.91685,
      0.94297375,
      0.9494275,
      0.953965,
      0.95704125,
      0.959295,
      0.96120875,
      0.96264625,
      0.96398875,
      0.96562125,
      0.96666375,
      0.96763625,
      0.96870375,
      0.969365,
      0.97028,
      0.97107875,
      0.971795,
      0.9726575,
      0.973455,
      0.97418,
      0.97483375,
      0.97555625,
      0.97625,
      0.976825,
      0.977415,
      0.9781125,
      0.978805,
      0.9793325,
      0.9799575,
      0.98049375,
      0.98089375,
      0.98136125,
      0.9820775,
      0.982655,
      0.9830675,
      0.98352375,
      0.983875,
      0.98443625,
      0.98475625,
      0.98520375,
      0.98551625,
      0.98605125,
      0.986195,
      0.98646375,
      0.986985,
      0.98723375,
      0.98751625,
      0.98794125,
      0.98823,
      0.9885925
    ],
    "val_accuracy": [
      0.93368,
      0.94408,
      0.94904,
      0.9542,
      0.95562,
      0.95904,
      0.96015,
      0.96137,
      0.96157,
      0.96186,
      0.95889,
      0.96393,
      0.96392,
      0.96271,
      0.96375,
      0.96526,
      0.96391,
      0.96408,
      0.96345,
      0.96472,
      0.96506,
      0.96431,
      0.96525,
      0.96493,
      0.96398,
      0.96524,
      0.96385,
      0.9646,
      0.96374,
      0.96294,
      0.96368,
      0.96384,
      0.96399,
      0.96303,
      0.96299,
      0.96316,
      0.96382,
      0.96134,
      0.96402,
      0.96404,
      0.96201,
      0.96389,
      0.96131,
      0.96258,
      0.96362,
      0.963,
      0.96294,
      0.9617,
      0.96217,
      0.96287
    ],
    "epoch_time_seconds": [
      191.49063754081726,
      191.1286997795105,
      189.59684824943542,
      191.63023257255554,
      190.41652393341064,
      189.6920268535614,
      191.6599497795105,
      191.7334132194519,
      191.0347557067871,
      190.10969161987305,
      189.05992317199707,
      190.94899535179138,
      190.1067750453949,
      189.56677055358887,
      190.58014011383057,
      189.15128254890442,
      190.81282687187195,
      191.1217770576477,
      190.12884259223938,
      189.72190022468567,
      189.15243911743164,
      188.38599014282227,
      188.56721234321594,
      191.4906449317932,
      192.452490568161,
      191.58336901664734,
      191.68205571174622,
      191.913898229599,
      192.65111589431763,
      190.9337236881256,
      191.22611474990845,
      190.91386342048645,
      191.86466073989868,
      189.64403653144836,
      190.5927538871765,
      191.17072653770447,
      192.12327408790588,
      190.60298824310303,
      189.9430513381958,
      190.18651819229126,
      191.04187750816345,
      191.7881100177765,
      191.68273973464966,
      191.446453332901,
      190.25241947174072,
      190.16857409477234,
      190.58136653900146,
      191.30593514442444,
      191.0290195941925,
      190.5295033454895
    ],
    "learning_rate": [
      0.0005,
      0.0005,
      0.0005,
      0.0005,
      0.0005,
      0.0005,
      0.0005,
      0.0005,
      0.0005,
      0.0005,
      0.0005,
      0.0005,
      0.0005,
      0.0005,
      0.0005,
      0.0005,
      0.0005,
      0.0005,
      0.0005,
      0.0005,
      0.0005,
      0.0005,
      0.0005,
      0.0005,
      0.0005,
      0.0005,
      0.0005,
      0.0005,
      0.0005,
      0.0005,
      0.0005,
      0.0005,
      0.0005,
      0.0005,
      0.0005,
      0.0005,
      0.0005,
      0.0005,
      0.0005,
      0.0005,
      0.0005,
      0.0005,
      0.0005,
      0.0005,
      0.0005,
      0.0005,
      0.0005,
      0.0005,
      0.0005,
      0.0005
    ],
    "gpu_memory_mb": [
      0.0,
      0.0,
      0.0,
      0.0,
      0.0,
      0.0,
      0.0,
      0.0,
      0.0,
      0.0,
      0.0,
      0.0,
      0.0,
      0.0,
      0.0,
      0.0,
      0.0,
      0.0,
      0.0,
      0.0,
      0.0,
      0.0,
      0.0,
      0.0,
      0.0,
      0.0,
      0.0,
      0.0,
      0.0,
      0.0,
      0.0,
      0.0,
      0.0,
      0.0,
      0.0,
      0.0,
      0.0,
      0.0,
      0.0,
      0.0,
      0.0,
      0.0,
      0.0,
      0.0,
      0.0,
      0.0,
      0.0,
      0.0,
      0.0,
      0.0
    ]
  },
  "final_metrics": {
    "train_accuracy": 0.9922,
    "val_accuracy": 0.96287,
    "test_accuracy": 0.96122,
    "final_loss": 0.026968296301662923,
    "total_training_time_seconds": 9536.60267996788
  },
  "model_info": {
    "total_parameters": 142593,
    "trainable_parameters": 142593
  },
  "system_info": {
    "device": "cpu",
    "gpu_name": null,
    "cuda_version": null,
    "pytorch_version": "2.9.0+cpu",
    "python_version": "3.12.12",
    "platform": "Linux-6.6.105+-x86_64-with-glibc2.35"
  },
  "timestamp": "2026-01-16T08:38:20.726055"
}