{
  "experiment_name": "d7",
  "distances": [
    7
  ],
  "hyperparams": {
    "num_layers": 5,
    "hidden_dim": 128,
    "learning_rate": 0.0005,
    "dropout": 0.0,
    "aggr": "max"
  },
  "training_config": {
    "epochs": 50,
    "batch_size": 256,
    "total_samples": 1000000,
    "samples_per_distance": 1000000,
    "p_values": [
      0.001,
      0.003,
      0.005,
      0.007
    ],
    "p_weights": [
      0.25,
      0.25,
      0.25,
      0.25
    ],
    "k_neighbors": 6,
    "seed": 42,
    "train_ratio": 0.8,
    "val_ratio": 0.1,
    "test_ratio": 0.1
  },
  "dataset_info": {
    "d7": {
      "samples": 1000000,
      "load_time_seconds": 150.49723553657532
    }
  },
  "epoch_metrics": {
    "epochs": [
      1,
      2,
      3,
      4,
      5,
      6,
      7,
      8,
      9,
      10,
      11,
      12,
      13,
      14,
      15,
      16,
      17,
      18,
      19,
      20,
      21,
      22,
      23,
      24,
      25,
      26,
      27,
      28,
      29,
      30,
      31,
      32,
      33,
      34,
      35,
      36,
      37,
      38,
      39,
      40,
      41,
      42,
      43,
      44,
      45,
      46,
      47,
      48,
      49,
      50
    ],
    "train_loss": [
      0.3332477367210388,
      0.26200605513572695,
      0.24113353432178497,
      0.2278782517671585,
      0.21763684089660645,
      0.20985924996852875,
      0.2034498499250412,
      0.19797476209163667,
      0.19337916478633882,
      0.18844972808361055,
      0.1845804637980461,
      0.18072831240177153,
      0.17769898250102997,
      0.17422903935194015,
      0.17108139264345168,
      0.16834545290231706,
      0.16590759097337723,
      0.16308553812742232,
      0.16109751156568528,
      0.15902558883428575,
      0.15629832461833953,
      0.15437943895339964,
      0.15227233812332153,
      0.1506809318113327,
      0.148543596804142,
      0.14663746121168136,
      0.14474070072889328,
      0.14320728768110275,
      0.14153075802564621,
      0.13957235080003738,
      0.13794778435707092,
      0.13646339304208754,
      0.13515382790565492,
      0.13356600170850755,
      0.13224678639888762,
      0.1308992569875717,
      0.12943648267269134,
      0.1280464537858963,
      0.12664367362737655,
      0.1250545757460594,
      0.12389228610396386,
      0.12288175311803817,
      0.12191459987640381,
      0.12033598018288612,
      0.11979960189342499,
      0.11798836673259736,
      0.11667785041213036,
      0.11572202769041061,
      0.11467488466501236,
      0.11386307730197906
    ],
    "train_accuracy": [
      0.82679625,
      0.8660025,
      0.87814625,
      0.8859575,
      0.8916375,
      0.89580375,
      0.89952375,
      0.902515,
      0.90474,
      0.90757375,
      0.90955,
      0.91125625,
      0.91296125,
      0.91474375,
      0.9161925,
      0.91799375,
      0.9192,
      0.9204325,
      0.92138875,
      0.9227875,
      0.9240775,
      0.92497,
      0.92599375,
      0.926945,
      0.9280425,
      0.9289425,
      0.929955,
      0.93089,
      0.9310275,
      0.9327525,
      0.93321875,
      0.93391375,
      0.93461125,
      0.93536,
      0.9360475,
      0.93687625,
      0.93754875,
      0.93810375,
      0.93900875,
      0.93971375,
      0.94041625,
      0.9406925,
      0.9413925,
      0.941935,
      0.942675,
      0.943145,
      0.943815,
      0.9444,
      0.94486125,
      0.9456025
    ],
    "val_accuracy": [
      0.85475,
      0.87268,
      0.88362,
      0.88622,
      0.88551,
      0.89462,
      0.89767,
      0.89758,
      0.90122,
      0.90157,
      0.90243,
      0.90338,
      0.90558,
      0.90848,
      0.90699,
      0.9082,
      0.90913,
      0.90444,
      0.90787,
      0.90951,
      0.90941,
      0.90872,
      0.90933,
      0.91192,
      0.91176,
      0.91051,
      0.91059,
      0.91079,
      0.91062,
      0.9116,
      0.9084,
      0.91009,
      0.91062,
      0.91029,
      0.91102,
      0.91058,
      0.91088,
      0.90979,
      0.91023,
      0.90498,
      0.90858,
      0.90868,
      0.90803,
      0.90774,
      0.90873,
      0.90901,
      0.90946,
      0.90838,
      0.9084,
      0.90444
    ],
    "epoch_time_seconds": [
      354.5519931316376,
      358.4981679916382,
      356.68768525123596,
      351.56869196891785,
      359.7008352279663,
      355.56779074668884,
      355.71556544303894,
      348.6519453525543,
      354.19238543510437,
      354.21942830085754,
      352.3164737224579,
      353.51338028907776,
      351.72940611839294,
      353.4355127811432,
      351.7476363182068,
      356.35036420822144,
      356.75664043426514,
      355.04026675224304,
      354.9402322769165,
      355.42191982269287,
      354.2551066875458,
      355.0551857948303,
      355.35527753829956,
      349.70489978790283,
      354.85959124565125,
      357.8978798389435,
      352.8073673248291,
      351.92342615127563,
      357.1608667373657,
      354.2219820022583,
      356.0469477176666,
      357.49770879745483,
      355.2111256122589,
      355.1030054092407,
      355.5681884288788,
      357.8433630466461,
      357.08731842041016,
      352.71737122535706,
      356.10632371902466,
      356.1787939071655,
      362.23408031463623,
      359.63126373291016,
      358.0142171382904,
      357.4530830383301,
      356.9143114089966,
      356.46515107154846,
      354.8043122291565,
      356.31086707115173,
      352.147837638855,
      354.7668089866638
    ],
    "learning_rate": [
      0.0005,
      0.0005,
      0.0005,
      0.0005,
      0.0005,
      0.0005,
      0.0005,
      0.0005,
      0.0005,
      0.0005,
      0.0005,
      0.0005,
      0.0005,
      0.0005,
      0.0005,
      0.0005,
      0.0005,
      0.0005,
      0.0005,
      0.0005,
      0.0005,
      0.0005,
      0.0005,
      0.0005,
      0.0005,
      0.0005,
      0.0005,
      0.0005,
      0.0005,
      0.0005,
      0.0005,
      0.0005,
      0.0005,
      0.0005,
      0.0005,
      0.0005,
      0.0005,
      0.0005,
      0.0005,
      0.0005,
      0.0005,
      0.0005,
      0.0005,
      0.0005,
      0.0005,
      0.0005,
      0.0005,
      0.0005,
      0.0005,
      0.0005
    ],
    "gpu_memory_mb": [
      0.0,
      0.0,
      0.0,
      0.0,
      0.0,
      0.0,
      0.0,
      0.0,
      0.0,
      0.0,
      0.0,
      0.0,
      0.0,
      0.0,
      0.0,
      0.0,
      0.0,
      0.0,
      0.0,
      0.0,
      0.0,
      0.0,
      0.0,
      0.0,
      0.0,
      0.0,
      0.0,
      0.0,
      0.0,
      0.0,
      0.0,
      0.0,
      0.0,
      0.0,
      0.0,
      0.0,
      0.0,
      0.0,
      0.0,
      0.0,
      0.0,
      0.0,
      0.0,
      0.0,
      0.0,
      0.0,
      0.0,
      0.0,
      0.0,
      0.0
    ]
  },
  "final_metrics": {
    "train_accuracy": 0.9536,
    "val_accuracy": 0.90444,
    "test_accuracy": 0.90723,
    "final_loss": 0.11386307730197906,
    "total_training_time_seconds": 17761.95416212082
  },
  "model_info": {
    "total_parameters": 142593,
    "trainable_parameters": 142593
  },
  "system_info": {
    "device": "cpu",
    "gpu_name": null,
    "cuda_version": null,
    "pytorch_version": "2.9.0+cpu",
    "python_version": "3.12.12",
    "platform": "Linux-6.6.105+-x86_64-with-glibc2.35"
  },
  "timestamp": "2026-01-16T10:56:27.674173"
}