{
  "experiment_name": "d9",
  "distances": [
    9
  ],
  "hyperparams": {
    "num_layers": 5,
    "hidden_dim": 128,
    "learning_rate": 0.0005,
    "dropout": 0.0,
    "aggr": "max"
  },
  "training_config": {
    "epochs": 50,
    "batch_size": 256,
    "total_samples": 1000000,
    "samples_per_distance": 1000000,
    "p_values": [
      0.001,
      0.003,
      0.005,
      0.007
    ],
    "p_weights": [
      0.25,
      0.25,
      0.25,
      0.25
    ],
    "k_neighbors": 6,
    "seed": 42,
    "train_ratio": 0.8,
    "val_ratio": 0.1,
    "test_ratio": 0.1
  },
  "dataset_info": {
    "d9": {
      "samples": 1000000,
      "load_time_seconds": 111.76763153076172
    }
  },
  "epoch_metrics": {
    "epochs": [
      1,
      2,
      3,
      4,
      5,
      6,
      7,
      8,
      9,
      10,
      11,
      12,
      13,
      14,
      15,
      16,
      17,
      18,
      19,
      20,
      21,
      22,
      23,
      24,
      25,
      26,
      27,
      28,
      29,
      30,
      31,
      32,
      33,
      34,
      35,
      36,
      37,
      38,
      39,
      40,
      41,
      42,
      43,
      44,
      45,
      46,
      47,
      48,
      49,
      50
    ],
    "train_loss": [
      0.44667611676216123,
      0.37981204065322877,
      0.35535517325401306,
      0.34024240116119386,
      0.32929303912162783,
      0.32009762678146364,
      0.3129345296525955,
      0.30680964878559114,
      0.3012446168279648,
      0.29665793909072874,
      0.29202880567073825,
      0.28835505072593687,
      0.2847651344394684,
      0.28098684082508085,
      0.2781434091091156,
      0.27482173866271975,
      0.2721547282075882,
      0.26901334937095644,
      0.26705574758529665,
      0.264252077870369,
      0.26188895886421204,
      0.2597950400543213,
      0.25753968606472016,
      0.255441007399559,
      0.25325104393959047,
      0.2512665864229202,
      0.24949054048538208,
      0.24721299267292024,
      0.24587859138011933,
      0.24409214032173157,
      0.2422267751264572,
      0.2405881258869171,
      0.23907071738243102,
      0.23734877734184265,
      0.2358924342107773,
      0.234240699634552,
      0.23287106937408447,
      0.23102241658210754,
      0.22921794149398803,
      0.22838787134170532,
      0.226785447268486,
      0.22527943274497986,
      0.22395916009902955,
      0.22241863226890565,
      0.22126692474365234,
      0.219755627450943,
      0.21887485404968263,
      0.21746194566249846,
      0.21606375713348389,
      0.2153485308122635
    ],
    "train_accuracy": [
      0.74201,
      0.7861825,
      0.8030475,
      0.81378,
      0.8205775,
      0.8273875,
      0.8315775,
      0.83509875,
      0.8384875,
      0.84120875,
      0.84455,
      0.84642375,
      0.848755,
      0.8507225,
      0.852385,
      0.85440375,
      0.85621,
      0.8579025,
      0.85926875,
      0.86064375,
      0.86194375,
      0.86342875,
      0.86456,
      0.86575875,
      0.86706625,
      0.86782125,
      0.86920625,
      0.87054125,
      0.87142125,
      0.872485,
      0.8733075,
      0.874145,
      0.87512875,
      0.87606125,
      0.8768275,
      0.877895,
      0.8784875,
      0.87947375,
      0.8806975,
      0.88063875,
      0.8820275,
      0.88258625,
      0.883445,
      0.8841825,
      0.88474375,
      0.885555,
      0.88630125,
      0.88685125,
      0.8875725,
      0.88810375
    ],
    "val_accuracy": [
      0.77172,
      0.79542,
      0.80547,
      0.81695,
      0.82176,
      0.82618,
      0.82861,
      0.82695,
      0.83615,
      0.83452,
      0.8402,
      0.84118,
      0.8429,
      0.84418,
      0.84431,
      0.84779,
      0.84715,
      0.84881,
      0.8505,
      0.85078,
      0.85089,
      0.84909,
      0.8522,
      0.85224,
      0.8505,
      0.85198,
      0.84939,
      0.85355,
      0.84537,
      0.85352,
      0.85404,
      0.85468,
      0.85619,
      0.85434,
      0.85638,
      0.85563,
      0.85551,
      0.8534,
      0.85328,
      0.84922,
      0.85142,
      0.85512,
      0.85425,
      0.85394,
      0.84988,
      0.85595,
      0.85488,
      0.851,
      0.85489,
      0.85098
    ],
    "epoch_time_seconds": [
      464.9382653236389,
      468.5885241031647,
      470.27050137519836,
      473.81126594543457,
      496.5257227420807,
      483.43316078186035,
      499.0165386199951,
      485.61931920051575,
      485.5419569015503,
      501.0630593299866,
      483.5036470890045,
      548.6416966915131,
      497.7963345050812,
      486.1478853225708,
      489.47345495224,
      485.41926312446594,
      495.1725535392761,
      485.2792282104492,
      490.0006983280182,
      502.76779341697693,
      509.75898933410645,
      503.8412923812866,
      510.04324102401733,
      510.6866645812988,
      509.99881076812744,
      510.77614665031433,
      511.43096828460693,
      512.6754055023193,
      507.88351106643677,
      506.2709562778473,
      498.67511892318726,
      511.45390462875366,
      509.90590596199036,
      504.4016296863556,
      508.5615322589874,
      504.72018599510193,
      570.5589330196381,
      511.03615713119507,
      509.7437381744385,
      515.1501197814941,
      513.7387778759003,
      512.2376112937927,
      501.0892641544342,
      509.97123312950134,
      519.8406920433044,
      511.7178056240082,
      508.2107729911804,
      502.97519516944885,
      521.8566963672638,
      532.2038338184357
    ],
    "learning_rate": [
      0.0005,
      0.0005,
      0.0005,
      0.0005,
      0.0005,
      0.0005,
      0.0005,
      0.0005,
      0.0005,
      0.0005,
      0.0005,
      0.0005,
      0.0005,
      0.0005,
      0.0005,
      0.0005,
      0.0005,
      0.0005,
      0.0005,
      0.0005,
      0.0005,
      0.0005,
      0.0005,
      0.0005,
      0.0005,
      0.0005,
      0.0005,
      0.0005,
      0.0005,
      0.0005,
      0.0005,
      0.0005,
      0.0005,
      0.0005,
      0.0005,
      0.0005,
      0.0005,
      0.0005,
      0.0005,
      0.0005,
      0.0005,
      0.0005,
      0.0005,
      0.0005,
      0.0005,
      0.0005,
      0.0005,
      0.0005,
      0.0005,
      0.0005
    ],
    "gpu_memory_mb": [
      0.0,
      0.0,
      0.0,
      0.0,
      0.0,
      0.0,
      0.0,
      0.0,
      0.0,
      0.0,
      0.0,
      0.0,
      0.0,
      0.0,
      0.0,
      0.0,
      0.0,
      0.0,
      0.0,
      0.0,
      0.0,
      0.0,
      0.0,
      0.0,
      0.0,
      0.0,
      0.0,
      0.0,
      0.0,
      0.0,
      0.0,
      0.0,
      0.0,
      0.0,
      0.0,
      0.0,
      0.0,
      0.0,
      0.0,
      0.0,
      0.0,
      0.0,
      0.0,
      0.0,
      0.0,
      0.0,
      0.0,
      0.0,
      0.0,
      0.0
    ]
  },
  "final_metrics": {
    "train_accuracy": 0.8942,
    "val_accuracy": 0.85098,
    "test_accuracy": 0.8501,
    "final_loss": 0.2153485308122635,
    "total_training_time_seconds": 25164.430059671402
  },
  "model_info": {
    "total_parameters": 142593,
    "trainable_parameters": 142593
  },
  "system_info": {
    "device": "cpu",
    "gpu_name": null,
    "cuda_version": null,
    "pytorch_version": "2.9.0+cpu",
    "python_version": "3.12.12",
    "platform": "Linux-6.6.105+-x86_64-with-glibc2.35"
  },
  "timestamp": "2026-01-16T12:59:42.974361"
}